# Blender 4.4.3
# www.blender.org
mtllib milwaukeeroaddepot.mtl
o Cube
v -329.948700 213.788147 -540.665649
v -336.239899 -0.065863 -547.431946
v 338.739410 -0.065863 -549.412354
v -340.780548 -0.065811 130.580429
v 338.415680 -0.065811 130.580231
v 344.194214 271.869171 -490.667999
v 344.194214 218.357330 -490.668091
v -329.948547 213.788177 -103.640976
v -336.239746 -0.065829 -102.722649
v 24.462301 -0.065808 178.007401
v -75.302063 665.283508 175.830917
v 144.910126 213.788147 -540.665771
v -75.302094 665.283508 50.149132
v 144.910278 213.788177 -103.641136
v 78.465080 -0.065808 178.007370
v -78.007011 -0.065808 178.007446
v 330.211060 346.779083 121.919624
v 157.230148 346.779053 -540.947998
v 330.210846 346.779053 -540.948059
v -330.210846 346.779083 121.919853
v -330.210938 346.779083 -90.390610
v 157.230301 346.779083 -90.390793
v -81.330887 346.779083 121.919785
v -75.302063 346.779083 175.830933
v 81.795494 346.779083 121.919693
v 336.239685 146.527618 -547.432190
v -329.444031 146.527618 -554.741089
v -168.119797 -0.065811 130.580414
v 78.465042 -0.065811 130.580292
v -78.007034 -0.065811 130.580368
v -118.512337 196.860825 -547.432007
v -118.512360 150.628479 -547.432007
v -97.811760 196.860825 -547.432007
v -97.811836 150.628479 -547.432007
v 46.328629 150.628479 -547.432007
v -336.239960 -0.065876 -725.522156
v 336.239899 108.974541 128.403687
v -336.239685 108.974564 128.403915
v 336.239685 108.974510 -547.432190
v -336.239899 213.788162 -411.152679
v -75.302063 108.974548 175.830948
v -75.302063 108.974541 128.403839
v 332.081024 196.860947 -231.398178
v 344.194305 218.357422 101.992188
v 75.766670 108.974541 128.403778
v 75.766701 108.974548 175.830856
v -75.302063 116.730659 175.830948
v 344.194275 196.860977 70.498238
v -336.239685 116.730621 128.403915
v 336.239685 116.730621 -547.432190
v -75.302063 116.730652 128.403839
v 0.000110 116.730682 175.830902
v 75.766701 116.730682 175.830856
v 75.766670 116.730675 128.403778
v -336.239899 213.788162 -427.428558
v 336.239899 116.730675 128.403687
v 339.467346 9.453412 -252.318619
v -24.464874 -0.065808 178.007401
v -336.239746 6.388629 -102.722649
v -336.239960 6.388582 -725.522156
v 344.194275 218.357407 70.498238
v -336.239899 6.388595 -547.431946
v 338.739410 11.547785 -549.412354
v -78.007011 11.547805 178.007446
v 344.194305 196.861023 101.992188
v -340.780548 11.547738 130.580429
v -78.007034 11.547801 130.580368
v 78.465042 11.547801 130.580292
v 78.465080 11.547805 178.007370
v -336.239746 11.547721 -102.722649
v 338.415680 11.547835 130.580231
v -336.239685 16.706923 128.403931
v -336.239746 16.706905 -96.874687
v -75.302063 16.706940 128.403854
v 336.239899 16.706945 128.403702
v 336.239685 16.706905 -547.432190
v -75.302063 16.706944 175.830963
v 75.766670 16.706945 128.403793
v 344.194305 141.549667 101.992264
v 75.766701 16.706944 175.830872
v 21.571993 276.080475 175.830902
v 46.328701 196.860840 -547.432007
v 136.537796 116.730614 -725.522278
v -28.096621 108.974548 175.830902
v -35.183464 213.788208 175.830902
v -28.096621 16.706944 175.830917
v 75.766701 674.815063 175.830826
v 71.408279 150.628479 -547.432129
v 136.537735 84.412415 -725.522278
v 28.329054 108.974548 175.830902
v 35.360016 252.761169 175.830902
v -232.921463 116.730652 -725.522156
v 28.329054 16.706944 175.830917
v -19.015409 76.650139 175.830917
v 19.052525 76.650124 175.830917
v -24.464874 65.583572 175.830917
v 24.462305 65.583572 175.830917
v -14.229319 80.629318 175.830917
v 14.182323 80.629318 175.830917
v -22.574598 70.897552 175.830917
v 22.556353 70.897552 175.830917
v -8.328985 84.004997 175.830917
v 8.317233 84.004997 175.830917
v 20.862757 -0.065808 170.618622
v 24.462299 -0.065808 170.618622
v -20.598696 -0.065808 170.618622
v -24.464878 -0.065808 170.618622
v -8.328988 84.004997 170.618622
v 8.317231 84.004997 170.618622
v -0.005877 85.099922 175.830917
v 14.182323 80.629318 170.618622
v -22.574600 70.897552 170.618622
v -19.015411 76.650139 170.618622
v -18.708427 69.762337 170.618622
v -15.149240 74.407738 170.618622
v 18.708769 69.762337 170.618622
v 15.266949 74.407722 170.618622
v 22.556353 70.897552 170.618622
v 19.052525 76.650124 170.618622
v -24.464878 65.583572 170.618622
v 20.862761 64.210091 170.618622
v -20.598707 64.210098 170.618622
v 24.462301 65.583572 170.618622
v -14.229321 80.629318 170.618622
v -10.363150 78.358887 170.618622
v 10.343962 78.358887 170.618622
v -0.005878 85.099922 170.618622
v -0.005879 81.272064 170.618622
v 10.343960 78.358887 165.756012
v -0.005880 81.272064 165.756012
v -10.363153 78.358887 165.756012
v -20.598700 -0.065809 165.756012
v 20.862755 -0.065809 165.756012
v -18.708431 69.762337 165.756012
v -15.149241 74.407738 165.756012
v 18.708769 69.762337 165.756012
v 15.266946 74.407722 165.756012
v 20.862757 64.210091 165.756012
v -20.598709 64.210098 165.756012
v -24.464874 16.706944 175.830917
v -24.464874 11.547776 178.007401
v 24.462301 16.706972 175.830917
v 24.462301 11.547822 178.007401
v 338.739532 -0.065838 -215.042740
v 336.239777 116.730652 -217.200623
v 336.239777 108.974518 -217.200623
v 338.739532 11.547810 -215.042740
v 336.239777 16.706919 -217.200623
v 338.739471 -0.065848 -357.562317
v 336.239716 116.730637 -355.582123
v 336.239716 108.974503 -355.582123
v 338.739471 11.547799 -357.562317
v 336.239716 16.706909 -355.582123
v 338.739410 -0.065860 -514.367126
v 336.239685 116.730621 -512.386902
v 336.239685 108.974510 -512.386902
v 338.739410 11.547787 -514.367126
v 336.239685 16.706909 -512.386902
v 338.739471 -0.065849 -372.988586
v 338.739471 11.547797 -372.988586
v 336.239716 108.974518 -375.146332
v 336.239716 16.706907 -375.146454
v 336.239716 116.730637 -375.146332
v 338.739594 11.547825 -8.268053
v 336.239868 108.974533 -6.287841
v 336.239868 16.706936 -6.287858
v 336.239868 116.730667 -6.287842
v 338.739594 -0.065822 -8.268052
v 336.239777 98.487671 -217.200607
v 336.239716 98.487633 -355.582123
v 339.467346 75.978065 -310.966461
v 339.467346 75.978073 -262.678680
v 339.467346 69.759537 -316.100647
v 339.467346 69.759537 -257.293976
v 343.585449 3.161377 -331.139191
v 343.585449 6.388669 -331.139191
v 343.585480 6.388676 -241.325577
v 343.585480 3.161418 -236.079437
v 338.415680 -0.065812 118.215874
v 336.239899 116.730675 113.987152
v 336.239899 108.974541 113.987152
v 338.415680 11.547834 118.215874
v 336.239899 16.706945 113.987183
v 350.158020 -0.065812 118.215874
v 350.157959 -0.065818 50.149067
v 347.658264 108.974541 113.987152
v 347.658264 116.730675 113.987152
v 350.158020 11.547834 118.215874
v 347.658264 16.706945 113.987183
v 350.157898 11.547810 -215.042740
v 347.658173 16.706919 -217.200623
v 347.658173 108.974518 -217.200623
v 347.658173 116.730652 -217.200623
v 347.658173 98.487671 -217.200607
v 350.157898 -0.065838 -215.042740
v 350.157867 -0.065847 -346.300690
v 350.157837 -0.065848 -357.562317
v 347.658081 116.730637 -355.582123
v 347.658081 108.974503 -355.582123
v 350.157837 11.547799 -357.562317
v 347.658081 16.706909 -355.582123
v 347.658081 98.487633 -355.582123
v 350.157837 -0.065849 -372.988586
v 350.157776 -0.065860 -514.367126
v 347.658081 116.730637 -375.146332
v 347.658051 116.730621 -512.386902
v 347.658081 108.974503 -375.146332
v 347.658051 108.974510 -512.386902
v 350.157837 11.547797 -372.988586
v 350.157776 11.547787 -514.367126
v 347.658081 16.706907 -375.146454
v 347.658051 16.706909 -512.386902
v 350.157959 11.547825 -8.268053
v 347.658234 108.974533 -6.287841
v 347.658234 16.706936 -6.287858
v 347.658234 116.730667 -6.287842
v 350.157959 -0.065822 -8.268052
v 347.658173 16.706917 -241.325577
v 350.157898 -0.065838 -226.640030
v 350.157898 -0.065839 -236.079437
v 350.157898 11.547808 -241.325577
v 347.658112 95.334183 -275.758545
v 350.157898 2.566970 -241.325577
v 347.658112 86.983696 -258.652252
v 347.658112 16.706911 -331.139191
v 350.157867 -0.065847 -337.019257
v 350.157867 11.547801 -331.139191
v 350.157867 2.566928 -331.139191
v 347.658112 89.226143 -311.612976
v 347.658081 95.474319 -295.587219
v 339.467346 57.825226 -320.649628
v 339.467346 58.077499 -252.066635
v 339.467346 82.286827 -271.447388
v 339.467346 82.370911 -301.409027
v 339.467346 85.427208 -281.790009
v 347.658173 71.300072 -245.898895
v 339.467346 85.326302 -291.531677
v 347.658112 74.061111 -326.220551
v 347.658173 59.393784 -241.749542
v 347.658112 59.351727 -331.223175
v 339.467346 6.388675 -249.462585
v 339.467346 9.453407 -321.321655
v 339.467346 6.388669 -323.841675
v 333.882965 57.909981 -252.066620
v 333.882965 69.592018 -257.293976
v 333.882965 57.657715 -320.649628
v 333.882965 69.592018 -316.100647
v 333.882965 82.119308 -271.447388
v 333.882965 85.259689 -281.790009
v 333.882965 82.203400 -301.409027
v 333.882965 85.158791 -291.531677
v 333.882965 75.810547 -310.966461
v 333.882965 75.810555 -262.678680
v 333.882965 9.453407 -321.321655
v 333.882965 9.453412 -252.318619
v 321.814514 -0.065876 -725.522339
v 319.314789 108.974495 -725.522339
v 321.814514 11.547771 -725.522339
v 319.314789 16.706892 -725.522339
v 319.314789 116.730606 -725.522339
v 312.520905 146.527618 -554.741272
v 321.814819 -0.065863 -549.412354
v 321.814819 -0.065864 -562.366028
v 319.315125 116.730621 -547.432190
v 319.315125 108.974510 -547.432190
v 319.315857 146.527618 -636.805115
v 319.315125 146.527618 -547.432190
v 321.814819 11.547785 -549.412354
v 319.315125 16.706905 -547.432190
v 321.814758 11.547772 -707.751404
v 319.315033 16.706894 -707.751404
v 321.814789 11.547778 -626.637024
v 319.315094 16.706900 -626.637024
v 321.814819 11.547783 -562.424316
v 319.315125 16.706905 -562.424316
v 321.814758 -0.065875 -707.751404
v 321.814789 11.547777 -644.012817
v 319.315094 16.706900 -644.012817
v 319.315033 69.441048 -707.751404
v 319.315125 69.919029 -562.066284
v 319.315094 69.560532 -644.012817
v 319.315094 70.157990 -626.517578
v 319.315094 92.474670 -614.772644
v 319.315033 91.714104 -697.185425
v 319.315094 82.275223 -646.953430
v 319.315125 83.470024 -565.516907
v 319.315094 97.694351 -604.893188
v 319.315094 93.560165 -656.276489
v 319.315094 97.456093 -581.917969
v 319.315033 99.773087 -675.746521
v 321.814819 3.161405 -562.424316
v 321.814758 3.161394 -707.751404
v 321.814789 3.161401 -626.637024
v 321.814789 3.161399 -644.012817
v 315.010101 6.388663 -562.424316
v 315.010101 69.919029 -562.066284
v 315.010040 6.388652 -707.751404
v 315.010040 69.441048 -707.751404
v 315.010040 6.388658 -626.637024
v 315.010040 70.157990 -626.517578
v 315.010040 69.560532 -644.012817
v 315.010040 6.388657 -644.012817
v 315.010101 3.161405 -562.424316
v 315.010040 3.161394 -707.751404
v 315.010040 3.161401 -626.637024
v 315.010040 3.161399 -644.012817
v 309.841003 9.043716 -644.012817
v 309.840942 9.043712 -707.751404
v 309.841003 9.043722 -562.424316
v 309.841003 6.388663 -562.424316
v 309.841003 69.919029 -562.066284
v 309.840942 6.388652 -707.751404
v 309.840942 69.441048 -707.751404
v 309.841003 9.043717 -626.637024
v 309.841003 6.388658 -626.637024
v 309.841003 70.157990 -626.517578
v 309.841003 69.560532 -644.012817
v 309.841003 6.388657 -644.012817
v 305.540802 9.043716 -644.012817
v 305.540771 9.043712 -707.751404
v 305.540833 69.919029 -562.066284
v 305.540771 69.441048 -707.751404
v 305.540833 9.043722 -562.424316
v 305.540802 70.157990 -626.517578
v 305.540802 69.560532 -644.012817
v 305.540771 91.714104 -697.178955
v 305.540833 83.470024 -565.528259
v 305.540802 82.275223 -646.964783
v 305.540802 92.474670 -614.787598
v 305.540802 97.694351 -604.894043
v 305.540771 99.773087 -675.747864
v 305.540802 93.560165 -656.280457
v 305.540802 97.456093 -581.907410
v 305.540802 9.043717 -626.637024
v 319.315033 3.161394 -710.495605
v 319.315033 -0.065875 -710.495605
v 324.634796 3.161406 -559.462280
v 324.634796 -0.065864 -559.462280
v 324.634735 3.161394 -710.495605
v 324.634735 -0.065875 -710.495605
v 336.239899 116.730675 132.379883
v 336.239899 108.974541 132.379883
v -336.239685 116.730621 132.380112
v -336.239685 108.974564 132.380112
v -75.302063 116.730659 179.807129
v -75.302063 108.974548 179.807129
v -75.302063 116.730652 132.380051
v -75.302063 108.974541 132.380051
v 75.766701 116.730682 179.807068
v 75.766701 108.974548 179.807068
v 75.766678 108.974541 132.379929
v 75.766678 116.730675 132.379929
v -78.858368 116.730659 175.830948
v -78.858368 108.974548 175.830948
v -78.858376 116.730652 128.403839
v -78.858376 108.974541 128.403839
v -78.858368 116.730659 179.807129
v -78.858368 108.974548 179.807129
v 79.514671 116.730682 175.830856
v 79.514671 108.974548 175.830856
v 79.514641 108.974541 128.403778
v 79.514641 116.730675 128.403778
v 79.514671 116.730682 179.807068
v 79.514671 108.974548 179.807068
v 339.969086 116.730675 128.403687
v 339.920807 116.730675 117.588959
v 339.968689 108.974541 117.565918
v 339.969086 116.730675 132.379883
v 339.969086 108.974541 132.379883
v 339.872559 108.974541 117.559013
v 347.658264 108.974541 117.559013
v 347.658264 116.730675 117.559013
v 351.415375 116.730675 113.987152
v 351.415344 108.974533 -6.287841
v 351.415344 116.730667 -6.287842
v 351.415375 116.730675 117.559013
v 351.415375 108.974541 117.559013
v 339.989929 108.974533 -9.752462
v 339.989929 116.730667 -9.752462
v 347.658234 108.974533 -9.717442
v 351.415344 108.974533 -9.717442
v 351.415344 116.730667 -9.717442
v 332.081024 218.357376 -102.081650
v 339.949860 116.730652 -213.774567
v 339.949860 108.974518 -213.774567
v 347.658173 108.974518 -213.793259
v 351.487366 108.974518 -217.200623
v 351.487366 116.730652 -217.200623
v 351.487366 108.974518 -213.793259
v 351.487366 116.730652 -213.793259
v 339.870758 108.974503 -358.604980
v 339.870758 116.730637 -358.604980
v 347.658081 108.974503 -358.672028
v 347.658081 116.730637 -358.672028
v 351.487305 108.974503 -358.672028
v 351.487305 116.730637 -358.672028
v 339.842621 108.974518 -371.852844
v 339.842621 116.730637 -371.852844
v 347.658081 108.974503 -371.871460
v 347.658081 116.730637 -371.871460
v 350.941071 108.974503 -371.871460
v 350.941071 116.730637 -371.871460
v 339.652161 108.974510 -515.669373
v 339.652161 116.730621 -515.669373
v 347.658051 116.730621 -515.650208
v 347.658051 108.974510 -515.650208
v 350.941040 116.730621 -515.650208
v 350.941040 108.974510 -515.650208
v 339.673004 116.730621 -547.432190
v 336.239685 116.730621 -550.443115
v 336.239685 108.974510 -550.443115
v 322.409088 116.730621 -550.517883
v 322.409088 108.974510 -550.517883
v 339.673004 116.730621 -550.443115
v 339.673004 108.974510 -550.443115
v 322.387451 108.974495 -725.522339
v 322.387451 116.730606 -725.522339
v 75.766701 141.549622 175.830856
v 344.194244 271.869171 -401.912170
v -35.183468 218.357376 175.830902
v 347.658112 276.080505 -433.977448
v 319.314941 116.730614 -636.805542
v 0.000110 141.549622 175.830902
v -75.302063 141.549622 175.830948
v -35.183338 141.549622 175.830902
v -92.238480 196.860825 -547.432007
v -92.238441 150.628479 -547.432007
v 35.359394 141.549622 175.830902
v -65.964737 196.860825 -547.432007
v 344.194244 271.869171 -433.978729
v -65.964752 150.628479 -547.432007
v 151.201309 213.788147 -531.251831
v 75.766464 196.860840 -547.432129
v -44.413124 196.860840 -547.432007
v 144.910172 207.673553 -469.752350
v 35.359810 218.357376 175.830902
v 344.194244 218.357330 -433.978729
v 35.359810 213.788208 175.830902
v -167.096390 207.673569 -271.102264
v 151.201309 341.764069 -531.251892
v -75.302078 341.764069 128.403824
v -336.239685 341.764008 128.403900
v 151.201309 341.764069 -547.432129
v 151.201477 341.764099 -96.874870
v -336.239746 341.764008 -96.874687
v 75.766685 341.764099 128.403763
v 336.239685 341.764069 -547.432190
v 336.239899 341.764160 128.403671
v 336.239899 336.589111 128.403671
v -75.302078 336.589050 128.403824
v -336.239685 336.589050 128.403900
v 151.201309 336.589020 -547.432129
v -75.302063 336.589050 175.830933
v -336.239746 336.589020 -96.874687
v 113.838829 126.982430 -684.173645
v 336.239685 336.588989 -547.432190
v 75.766685 336.589111 128.403763
v 75.766701 336.589111 175.830841
v -336.239746 312.305847 -96.874687
v -75.302078 312.305908 128.403824
v -336.239685 312.305847 128.403900
v 151.201309 312.305878 -547.432129
v 181.181427 139.808304 -599.237976
v 75.766685 312.305908 128.403763
v 336.239685 312.305878 -547.432190
v 344.194275 218.357407 44.730328
v 336.239899 312.305939 128.403671
v -75.302063 303.149963 133.400711
v -340.385101 303.149902 133.400787
v 151.201309 303.149933 -553.089783
v 75.766685 303.149963 133.461029
v 183.403046 126.982254 -684.174744
v 341.374268 303.149933 -553.089844
v -340.385162 303.149902 -96.874687
v 344.194275 271.869202 10.945975
v 341.374512 303.149994 133.460953
v -336.239746 294.790344 -96.874687
v 75.766685 294.790375 128.403778
v -75.302078 294.790375 128.403839
v -336.239685 294.790344 128.403915
v 151.201309 294.790314 -547.432129
v 246.069778 139.807983 -599.240051
v 336.239685 294.790344 -547.432190
v 344.194275 271.869202 44.730324
v 336.239899 294.790436 128.403687
v 75.766685 280.061371 128.403778
v -75.302078 280.061371 128.403839
v -336.239685 280.061340 128.403915
v 151.201309 280.061310 -547.432129
v -94.264893 207.673569 -151.005020
v 336.239685 280.061340 -547.432190
v 344.194275 271.869202 70.498230
v -336.239746 280.061279 -96.874687
v 336.239899 280.061371 128.403687
v 75.766685 276.080505 128.403778
v 336.239685 276.080505 -547.432190
v -75.302063 276.080505 175.830948
v -75.302078 276.080505 128.403839
v -336.239685 276.080444 128.403915
v 151.201309 276.080475 -547.432129
v -94.265305 207.673553 -334.722595
v 75.766701 276.080505 175.830856
v 0.000110 276.080505 175.830902
v 344.194305 271.869202 101.992180
v -336.239746 276.080444 -96.874687
v 336.239899 276.080536 128.403687
v 336.239899 346.779083 134.776276
v 75.766693 346.779083 134.776337
v 75.766693 341.764099 134.776337
v 336.239899 341.764160 134.776276
v 342.980774 346.779083 134.776276
v 342.980774 341.764160 134.776276
v -75.302063 346.779083 132.684570
v -75.302063 341.764069 132.684570
v -340.468536 341.764008 -101.531242
v -340.468536 346.779083 -101.531242
v -340.468445 346.779083 128.403900
v -340.468445 341.764008 128.403900
v -340.468445 346.779083 132.684631
v -340.468445 341.764008 132.684631
v 336.239685 341.764069 -553.918884
v 336.239685 346.779053 -553.918884
v 151.201309 346.779053 -553.918823
v 151.201309 341.764069 -553.918823
v 342.980560 341.764069 -553.918884
v 342.980560 346.779053 -553.918884
v 339.015289 280.061340 -547.432190
v 75.766693 276.080505 131.524567
v 75.766693 280.061371 131.524567
v 336.239899 280.061371 131.524506
v 336.239899 276.080536 131.524506
v 339.015503 280.061371 131.524506
v 339.015503 276.080536 131.524506
v -75.302078 280.061371 130.151489
v -75.302078 276.080505 130.151489
v -337.894867 276.080444 -103.142578
v -337.894867 280.061279 -103.142578
v -337.894806 280.061340 128.403915
v -337.894806 276.080444 128.403915
v -337.894806 280.061340 130.151566
v -337.894806 276.080444 130.151566
v 336.239685 276.080505 -550.529358
v 151.201309 280.061310 -550.529236
v 339.015289 276.080505 -550.529358
v 151.201309 276.080475 -550.529236
v 339.015289 280.061340 -550.529358
v 349.826172 303.149933 -547.432190
v 349.826385 303.149994 128.403687
v 75.766693 294.790375 142.198212
v 75.766693 303.149963 142.198212
v 336.239899 303.149994 142.198135
v 336.239899 294.790436 142.198135
v 349.826385 303.149994 142.198135
v 349.826385 294.790436 142.198135
v -336.239685 303.149902 139.790436
v -75.302063 303.149963 139.790375
v -75.302063 294.790375 139.790375
v -346.618103 294.790344 -101.425766
v -346.618103 303.149902 -101.425766
v -346.618011 303.149902 128.403915
v -346.618011 294.790344 128.403915
v -346.618011 303.149902 139.790436
v -346.618011 294.790344 139.790436
v 336.239685 294.790344 -559.344482
v 336.239685 303.149933 -559.344482
v 151.201309 303.149933 -559.344421
v 349.826172 294.790344 -559.344482
v 151.201309 294.790314 -559.344421
v 349.826172 303.149933 -559.344482
v 151.201309 346.779053 -547.432129
v 336.239685 346.779053 -547.432190
v 336.239899 346.779083 128.403671
v -336.239685 346.779083 128.403900
v -336.239746 346.779083 -96.874687
v 151.201477 346.779083 -96.874870
v -75.302078 346.779083 128.403824
v 0.000067 332.489471 50.149132
v 0.000024 332.489471 -90.390724
v -150.427322 332.489471 121.919785
v -150.427383 332.489471 -90.390678
v 151.201553 332.489471 121.919693
v 157.230301 332.489471 -90.390793
v 75.766609 332.489471 -90.390762
v -75.302147 332.489471 -90.390701
v -28.096706 332.489471 -90.390717
v 28.328968 332.489471 -90.390747
v 157.230148 332.489441 -540.947998
v 330.210846 332.489441 -540.948059
v 330.211060 332.489471 121.919624
v -330.210846 332.489471 121.919853
v -330.210938 332.489471 -90.390610
v 81.795494 332.489471 121.919693
v -81.330887 332.489471 121.919785
v -336.239746 213.788193 -96.874680
v -336.239899 213.788147 -547.431946
v -44.413155 150.628479 -547.432007
v -20.684610 196.860840 -547.432007
v -20.684595 150.628479 -547.432007
v -17.228962 196.860840 -547.432007
v 151.201309 213.788147 -547.432129
v 151.201477 213.788193 -96.874863
v -17.228970 150.628479 -547.432007
v 3.735120 196.860840 -547.432007
v -43.840801 210.407349 -404.835907
v 45.844833 210.407349 -404.839691
v 249.014557 126.982094 -684.175842
v 310.719269 139.807663 -599.242188
v 310.720490 126.981949 -684.176941
v -43.840897 210.407364 -271.102692
v 45.845566 210.407364 -271.102875
v 45.846214 210.407364 -151.000183
v -43.840942 210.407364 -212.028366
v -329.948547 207.673569 -103.640976
v -329.948700 207.673538 -540.665649
v 144.910126 207.673538 -540.665771
v 144.910278 207.673569 -103.641136
v 89.239571 116.730675 128.403778
v 89.241203 276.080505 128.403778
v 290.544312 116.730675 128.403687
v 290.546997 276.080536 128.403687
v -306.554688 116.730629 128.403915
v -306.555176 276.080444 128.403915
v -97.038315 116.730644 128.403839
v -97.036339 276.080505 128.403839
v 148.748444 116.730675 128.403778
v 162.285797 116.730675 128.403778
v 99.842857 116.730675 128.403778
v 32.819134 146.074432 171.398392
v 279.313721 116.730675 128.403687
v 211.630310 116.730675 128.403732
v 32.819103 196.860977 171.398392
v 223.852707 116.730675 128.403732
v -3.804699 196.860977 171.398392
v -108.878815 116.730644 128.403839
v -233.486145 116.730629 118.732796
v -233.487503 213.788162 118.732788
v -164.925491 213.788162 118.732742
v -294.465454 116.730629 128.403915
v -164.923813 116.730644 118.732750
v -243.095566 196.860931 118.732788
v -243.095230 218.357330 118.732788
v -243.096436 141.549591 118.732796
v -174.996292 213.788162 118.732788
v -174.991425 116.730644 128.403870
v -174.991425 116.730644 118.732796
v -174.995483 196.860931 118.732788
v -233.487305 196.860931 118.732788
v -174.992691 141.549606 118.732796
v -243.096832 116.730629 128.403870
v -233.486496 141.549606 118.732796
v -174.996536 218.357330 118.732788
v -164.923813 116.730644 128.403839
v -233.487595 218.357330 118.732788
v -294.465393 218.357330 118.732811
v -294.465393 141.549576 118.732819
v -294.465393 196.860931 118.732811
v -294.465393 213.788208 118.732811
v -233.486145 116.730629 128.403870
v -243.095322 213.788162 118.732788
v -294.465454 116.730629 118.732819
v -243.096832 116.730629 118.732796
v 32.819107 196.860977 175.830902
v -108.878815 116.730644 118.732750
v -108.878777 213.788132 118.732742
v -108.878792 141.549622 118.732750
v -32.466896 196.860977 175.830902
v -32.466866 141.549622 175.830902
v -164.924255 141.549606 118.732750
v -108.878792 196.860947 118.732742
v -164.925247 196.860931 118.732742
v 35.359692 196.860977 175.830902
v -108.878815 218.357330 118.732742
v -164.925568 218.357330 118.732742
v 32.819145 141.549622 175.830902
v 223.855072 238.617264 118.732628
v 223.854401 213.788162 118.732605
v 223.852707 116.730675 118.732613
v 211.630539 238.617264 118.732628
v 211.630463 218.357376 118.732605
v -35.183441 196.860977 175.830902
v 211.630447 196.860992 118.732605
v 211.630356 141.549637 118.732613
v 279.314880 238.617264 118.732605
v 279.313721 116.730675 118.732613
v 279.314545 213.788208 118.732605
v 279.313873 141.549652 118.732613
v 223.853165 141.549652 118.732613
v 279.314423 196.861023 118.732605
v 223.854080 196.860992 118.732605
v 279.314545 218.357407 118.732605
v 223.854477 218.357376 118.732605
v 99.843178 238.617264 118.732674
v 99.842857 116.730675 118.732635
v 99.843102 213.788162 118.732628
v 162.286407 196.860992 118.732628
v 162.285995 141.549637 118.732635
v 162.286499 218.357376 118.732628
v 162.286743 238.617264 118.732674
v 162.285797 116.730675 118.732635
v 211.630310 116.730675 118.732613
v 162.286499 213.788162 118.732628
v 211.630447 213.788162 118.732605
v 148.749588 213.788162 118.732628
v 148.748444 116.730675 118.732635
v 148.750046 238.617264 118.732674
v 0.000110 252.761169 175.830902
v 148.748718 141.549637 118.732635
v 99.842896 141.549622 118.732635
v 148.749374 196.860992 118.732628
v 99.843056 196.860977 118.732628
v 148.749664 218.357376 118.732628
v 99.843086 218.357376 118.732628
v 32.819138 146.074432 175.830902
v -32.466866 146.074417 175.830902
v -35.183537 252.761169 175.830902
v -3.804733 146.074432 175.830902
v -3.804697 196.860977 175.830902
v 4.156938 146.074432 175.830902
v 4.156938 196.860977 175.830902
v -29.858437 252.761169 175.830902
v -32.466999 213.788208 175.830902
v -29.858267 218.357376 175.830902
v 32.818932 213.788208 175.830902
v 30.928280 218.357376 175.830902
v 30.927876 252.761169 175.830902
v 4.156813 213.788208 175.830902
v 6.852776 252.761169 175.830902
v 6.853089 218.357376 175.830902
v -5.717238 218.357376 175.830902
v -5.717645 252.761169 175.830902
v -3.804920 213.788208 175.830902
v -294.465424 239.413498 121.283272
v 99.843178 238.617264 121.283112
v 290.546997 276.080536 121.283035
v -108.878777 239.413498 121.283180
v 99.842857 116.730675 121.283096
v 89.239571 116.730675 121.283096
v 290.544312 116.730675 121.283051
v -294.465454 116.730629 121.283279
v -306.554688 116.730629 121.283279
v -97.036339 276.080505 121.283173
v -97.038315 116.730644 121.283188
v 162.285797 116.730675 121.283096
v 148.748444 116.730675 121.283096
v 148.750046 238.617264 121.283112
v 211.630310 116.730675 121.283051
v 162.286743 238.617264 121.283112
v 89.241203 276.080505 121.283104
v 279.313721 116.730675 121.283051
v 279.314880 238.617264 121.283043
v 223.852707 116.730675 121.283051
v 211.630539 238.617264 121.283089
v 223.855072 238.617264 121.283089
v -108.878815 116.730644 121.283188
v -243.096832 116.730629 121.283234
v -306.555176 276.080444 121.283264
v -164.923813 116.730644 121.283188
v -174.991425 116.730644 121.283234
v -174.998306 239.413498 121.283226
v -233.486145 116.730629 121.283234
v -243.094711 239.413498 121.283226
v -164.926178 239.413498 121.283180
v -233.488083 239.413498 121.283226
v 162.286728 238.617264 111.689102
v 211.630508 238.617264 111.689102
v 99.843178 238.617264 111.689125
v 148.750046 238.617264 111.689102
v 223.855072 238.617264 111.689102
v 279.314850 238.617264 111.689079
v -233.488098 239.413498 111.689240
v -174.998322 239.413498 111.689217
v -294.465454 239.413498 111.689262
v -243.094742 239.413498 111.689240
v -164.926178 239.413498 111.689217
v -108.878777 239.413498 111.689194
v -233.487625 218.357330 111.689240
v -233.487305 196.860931 111.689240
v -233.486526 141.549606 111.689247
v -164.925278 196.860931 111.689217
v -164.924271 141.549606 111.689224
v -164.925598 218.357330 111.689217
v -243.095245 218.357330 111.689240
v -243.095596 196.860931 111.689240
v -243.096466 141.549591 111.689247
v -294.465424 196.860931 111.689262
v -294.465424 218.357330 111.689262
v -294.465424 141.549576 111.689270
v -174.996552 218.357330 111.689217
v -174.995499 196.860931 111.689217
v -174.992706 141.549606 111.689224
v -108.878815 218.357330 111.689194
v -108.878792 196.860947 111.689194
v -108.878792 141.549622 111.689201
v 223.854446 218.357376 111.689079
v 223.854065 196.860992 111.689079
v 223.853149 141.549652 111.689087
v 211.630447 218.357376 111.689079
v 211.630417 196.860992 111.689079
v 211.630325 141.549637 111.689087
v 162.286499 218.357376 111.689102
v 162.286377 196.860992 111.689102
v 162.285965 141.549637 111.689110
v 279.314392 196.861023 111.689079
v 279.313843 141.549652 111.689087
v 279.314545 218.357407 111.689079
v 99.843056 196.860977 111.689102
v 99.842896 141.549622 111.689110
v 99.843086 218.357376 111.689102
v 148.749374 196.860992 111.689102
v 148.748718 141.549637 111.689110
v 148.749664 218.357376 111.689102
v -32.466900 196.860977 171.398392
v -32.466866 146.074417 171.398392
v -3.804735 146.074432 171.398392
v 4.156936 146.074432 171.398392
v 4.156936 196.860977 171.398392
v -5.717239 218.357376 171.398392
v -29.858267 218.357376 171.398392
v -29.858438 252.761169 171.398392
v 6.852774 252.761169 171.398392
v 30.927874 252.761169 171.398392
v 30.928278 218.357376 171.398392
v 6.853087 218.357376 171.398392
v -5.717647 252.761169 171.398392
v -75.302063 303.069824 175.830948
v 75.766701 303.069824 175.830856
v -283.393524 108.974564 128.403915
v -283.396729 16.706928 128.403931
v -246.709061 16.706928 128.403885
v -246.706299 108.974564 128.403870
v -209.442947 108.974556 128.403870
v -209.448273 16.706928 128.403885
v -175.049759 108.974556 128.403870
v -175.053757 16.706928 128.403885
v -117.956268 108.974556 128.403839
v -117.958633 16.706940 128.403854
v -88.699348 16.706940 128.403854
v -88.698486 108.974541 128.403839
v 108.357086 16.706945 128.403793
v 108.355270 108.974541 128.403778
v 137.854858 108.974541 128.403778
v 137.853577 16.706945 128.403793
v 170.533447 16.706945 128.403748
v 170.533447 108.974541 128.403732
v 207.160309 108.974541 128.403732
v 207.162033 16.706945 128.403748
v 233.207382 16.706945 128.403748
v 233.207382 108.974541 128.403732
v 271.466248 16.706945 128.403748
v 271.464569 108.974541 128.403732
v 233.207382 86.468407 128.403748
v 170.533447 86.468407 128.403748
v 108.355713 86.468407 128.403793
v -209.444229 86.468407 128.403885
v -283.394318 86.468407 128.403931
v 271.464966 86.468407 128.403748
v 207.160751 86.468407 128.403748
v 137.854553 86.468407 128.403793
v 108.356606 43.990864 121.675423
v -175.050735 86.468414 128.403885
v -246.706970 86.468407 128.403885
v -209.446854 41.086575 128.403885
v 137.853928 41.086617 128.403793
v -283.395905 41.086575 128.403931
v 233.207382 41.086643 128.403748
v 170.533447 41.086643 128.403748
v -88.699120 41.086617 128.403854
v 108.356606 41.086617 128.403793
v 271.465820 41.086643 128.403748
v 207.161606 41.086643 128.403748
v -175.052704 41.086582 128.403885
v -117.958015 41.086620 128.403854
v -246.708344 41.086575 128.403885
v -117.956398 103.751060 128.403839
v -88.698532 103.751129 128.403839
v -88.698769 79.369934 128.403854
v -117.957024 79.369934 128.403854
v -88.698807 74.762444 128.403854
v -117.957153 74.762428 128.403854
v 108.355713 86.468407 121.675415
v -117.957024 82.274193 121.675529
v -209.446854 43.990822 121.675560
v -209.444229 86.468407 121.675552
v -283.395905 43.990822 121.675606
v -283.394318 86.468407 121.675598
v 137.853928 43.990864 121.675423
v 137.854553 86.468407 121.675415
v -88.698769 82.274185 121.675529
v -88.698532 103.751129 121.675529
v -175.052704 43.990833 121.675560
v -175.050735 86.468414 121.675552
v -246.708344 43.990822 121.675560
v -246.706970 86.468407 121.675552
v 207.160751 86.468407 121.675392
v 170.533447 86.468407 121.675392
v 271.464966 86.468407 121.675392
v 233.207382 86.468407 121.675392
v 233.207382 43.990898 121.675400
v 170.533447 43.990898 121.675400
v 271.465820 43.990898 121.675400
v 207.161606 43.990898 121.675400
v -88.699120 43.990864 121.675537
v -117.958015 43.990868 121.675537
v -117.956398 103.751060 121.675529
v -88.698807 74.762444 121.675529
v -117.957153 74.762428 121.675529
v 336.239899 276.080536 113.986839
v 336.239868 276.080536 -6.288646
v 336.239868 218.357407 -6.288378
v 339.015472 276.080536 -9.242819
v 339.015503 276.080536 116.412750
v 339.015503 280.061371 116.411995
v 349.826385 303.149994 124.428139
v 341.374512 303.149994 119.943626
v 336.239899 280.061371 113.986839
v 336.239899 341.764160 113.986816
v 342.980774 341.764160 119.125214
v 349.826385 294.790436 124.428162
v 342.980774 346.779083 119.125099
v 336.239899 312.305939 113.986816
v 336.239899 336.589111 113.986816
v 336.239899 294.790436 113.986839
v 339.015472 280.061371 -9.242842
v 341.374451 303.149963 -9.088521
v 349.826355 303.149963 -14.255446
v 342.980743 341.764160 -11.746239
v 349.826355 294.790375 -14.255445
v 336.239868 280.061371 -6.287648
v 342.980743 346.779083 -11.746262
v 336.239868 341.764160 -6.287698
v 336.239868 312.305939 -6.287696
v 336.239868 294.790436 -6.287649
v 336.239868 336.589111 -6.287698
v 347.658112 271.869171 -433.978729
v 347.658173 271.869202 70.498230
v 347.658173 116.730675 113.987152
v 347.658173 116.730667 -6.287842
v 347.658112 271.869171 -401.912170
v 347.658112 276.080505 -401.911621
v -336.239899 213.788162 -461.724335
v 347.658173 276.080536 113.986839
v 347.658173 276.080536 -6.288646
v 350.433777 276.080536 -9.242819
v 350.433807 276.080536 116.412750
v 347.658173 280.061371 113.986839
v 347.658173 294.790436 113.986839
v 354.399017 346.779083 -11.746262
v 354.399078 346.779083 119.125099
v 347.658173 336.589111 113.986816
v 347.658173 341.764160 113.986816
v 361.244690 294.790436 124.428162
v 350.433807 280.061371 116.411995
v 361.244690 303.149994 124.428139
v 352.792816 303.149994 119.943626
v 354.399078 341.764160 119.125214
v 347.658173 312.305939 113.986816
v 350.433777 280.061371 -9.242842
v 352.792755 303.149963 -9.088521
v 361.244659 303.149963 -14.255469
v 354.399017 341.764160 -11.746239
v 361.244659 294.790375 -14.255468
v 347.658173 280.061371 -6.287648
v 347.658173 341.764160 -6.287698
v 347.658173 312.305939 -6.287696
v 347.658173 294.790436 -6.287649
v 347.658173 336.589111 -6.287698
v 361.244598 294.790344 -368.723145
v 350.433746 276.080505 -372.208405
v 336.239716 341.764069 -375.146362
v 339.015320 280.061340 -372.208405
v 350.433716 276.080505 -515.510925
v 336.239716 336.589020 -375.146362
v 336.239716 218.357330 -375.146332
v 350.433746 280.061340 -372.208405
v 336.239716 294.790344 -375.146332
v 349.826202 303.149933 -368.723145
v 339.015320 276.080505 -372.208405
v 342.980591 341.764069 -371.825745
v 336.239716 312.305878 -375.146362
v 342.980591 346.779053 -371.825684
v 336.239716 276.080505 -375.146332
v 349.826202 294.790344 -368.723145
v 347.658081 280.061340 -512.386902
v 352.792694 303.149933 -515.149658
v 361.244598 294.790344 -518.844299
v 341.374329 303.149933 -372.603455
v 336.239716 280.061340 -375.146332
v 354.399017 346.779053 -371.825684
v 347.658081 276.080505 -512.386902
v 354.398956 346.779053 -516.894226
v -343.117188 276.080444 -29.105171
v 336.239685 341.764069 -512.386841
v 347.658081 312.305878 -512.386841
v 339.015289 280.061340 -515.510925
v 347.658081 116.730621 -512.386902
v -343.117126 276.080444 37.740910
v 354.398956 341.764069 -516.894226
v 336.239685 336.588989 -512.386841
v 361.244598 303.149933 -518.844299
v 347.658081 294.790344 -512.386902
v 339.015289 276.080505 -515.510925
v -343.117126 276.080444 76.683960
v 336.239685 294.790344 -512.386902
v 347.658081 336.588989 -512.386841
v 350.433716 280.061340 -515.510925
v 347.658081 341.764069 -512.386841
v 349.826172 303.149933 -518.844299
v 342.980560 341.764069 -516.894226
v 347.658112 294.790344 -375.146332
v 347.658112 116.730637 -375.146332
v 347.658112 336.589020 -375.146362
v 347.658112 280.061340 -375.146332
v 336.239685 312.305878 -512.386841
v 347.658112 276.080505 -375.146332
v 342.980560 346.779053 -516.894226
v 347.658112 312.305878 -375.146362
v 352.792725 303.149933 -372.603455
v 336.239685 276.080505 -512.386902
v 349.826172 294.790344 -518.844299
v 347.658112 341.764069 -375.146362
v 354.399017 341.764069 -371.825745
v 341.374268 303.149933 -515.149658
v 336.239685 280.061340 -512.386902
v -343.117126 16.706915 37.742352
v 361.244598 303.149933 -368.723145
v 347.658264 41.086639 101.992386
v 347.658264 86.468384 101.992332
v 347.658264 16.706944 101.992409
v 347.658264 108.974541 101.992332
v 347.658234 108.974541 70.498268
v 347.658234 16.706942 70.498276
v 347.658234 41.086636 70.498299
v 347.658234 86.468391 70.498291
v 347.658234 86.468391 44.730335
v 347.658173 271.869202 44.730324
v 347.658234 41.086636 44.730385
v 347.658234 16.706940 44.730434
v 347.658234 108.974533 44.730335
v 347.658234 86.468391 10.945990
v 347.658234 41.086632 10.945925
v 347.658234 16.706936 10.945927
v 347.658234 108.974533 10.945988
v 336.239807 86.468391 -38.299316
v 336.239807 41.086628 -38.299267
v 336.239807 16.706932 -38.299309
v 336.239807 108.974533 -38.299294
v 336.239807 86.468376 -70.365982
v 336.239807 16.706930 -70.365952
v 336.239807 41.086628 -70.365952
v 336.239807 108.974525 -70.365982
v 336.239807 86.468369 -112.167229
v 336.239807 108.974525 -112.167229
v 336.239807 16.706928 -112.167137
v 336.239807 41.086624 -112.167183
v 336.239777 41.086620 -141.943344
v 336.239777 108.974525 -141.943390
v 336.239777 16.706924 -141.943314
v 336.239777 86.468376 -141.943390
v 336.239777 41.086617 -178.018326
v 336.239777 108.974518 -178.018478
v 336.239777 16.706923 -178.018295
v 332.081024 213.788177 -231.398178
v 336.239777 86.468369 -178.018433
v 336.239777 86.468376 -210.657684
v 336.239777 108.974518 -210.657700
v 336.239777 41.086617 -210.657623
v 336.239777 16.706921 -210.657578
v 332.080963 213.788177 -288.660034
v 347.658081 41.086601 -401.912231
v 347.658081 86.468361 -401.912140
v 347.658081 108.974518 -401.912079
v 347.658081 16.706905 -401.912170
v 347.658081 86.468361 -433.978760
v 347.658081 41.086597 -433.978699
v 347.658081 108.974518 -433.978699
v 347.658081 16.706903 -433.978699
v 347.658081 86.468353 -458.028564
v 347.658081 108.974510 -458.028564
v 347.658081 41.086597 -458.028656
v 347.658081 16.706902 -458.028748
v 347.658051 41.086594 -490.668152
v 347.658051 108.974510 -490.668152
v 347.658051 16.706911 -490.668152
v 347.658051 86.468353 -490.668152
v 341.761993 44.325600 70.498299
v 341.762024 44.325603 101.992386
v 341.761993 86.468391 70.498291
v 341.762024 86.468384 101.992332
v 341.761993 86.468391 10.945990
v 341.761993 86.468391 44.730335
v 341.761993 44.325596 10.945924
v 341.761993 44.325600 44.730385
v 330.343567 86.468376 -70.365982
v 330.343567 86.468391 -38.299316
v 330.343567 44.325592 -70.365952
v 330.343567 44.325592 -38.299267
v 330.343536 86.468376 -141.943390
v 330.343567 86.468369 -112.167229
v 330.343536 44.325584 -141.943344
v 330.343567 44.325588 -112.167183
v 330.343536 44.325581 -210.657623
v 330.343536 44.325581 -178.018326
v 330.343536 86.468376 -210.657684
v 330.343536 86.468369 -178.018433
v 341.761841 44.325562 -433.978699
v 341.761841 44.325565 -401.912231
v 341.761841 86.468361 -433.978760
v 341.761841 86.468361 -401.912140
v 341.761810 86.468353 -490.668152
v 341.761841 86.468353 -458.028564
v 341.761810 44.325558 -490.668152
v 341.761841 44.325562 -458.028656
v 347.658173 196.861023 101.992188
v 347.658173 218.357422 101.992188
v 347.658081 271.869171 -490.667999
v 347.658173 276.080536 101.992180
v 347.658173 141.549667 101.992264
v 347.658173 213.788208 101.992188
v 347.658173 196.860977 70.498238
v -343.117188 16.706911 -29.104671
v 347.658173 218.357407 70.498238
v 344.194214 196.860901 -490.668060
v 347.658173 213.788193 70.498238
v 347.658173 276.080536 70.498230
v 347.658173 141.549652 70.498245
v 344.194214 141.549622 -490.668060
v 344.194244 196.860901 -458.028473
v 347.658112 271.869171 -458.028503
v 347.658173 196.860977 44.730328
v 347.658173 276.080536 44.730324
v 344.194244 141.549622 -458.028473
v 347.658173 218.357407 44.730328
v 344.194244 196.860901 -433.978699
v 344.194244 141.549622 -433.978699
v 347.658173 271.869202 101.992180
v 344.194244 196.860931 -401.912140
v 344.194244 141.549622 -401.912140
v 347.658173 213.788193 44.730328
v 347.658173 141.549652 44.730331
v 344.194244 218.357330 -458.028503
v 344.194275 141.549652 10.945986
v 344.194275 218.357407 10.945980
v 347.658173 196.860977 10.945981
v 347.658173 276.080536 10.945975
v 344.194275 196.860977 10.945981
v 347.658173 218.357407 10.945980
v 344.194275 196.860977 44.730328
v 344.194275 141.549652 44.730331
v 336.239807 218.357407 -19.533600
v 344.194244 271.869171 -458.028503
v 344.194244 218.357330 -401.912170
v 347.658173 213.788193 10.945980
v 347.658173 271.869202 10.945975
v 347.658173 141.549652 10.945986
v 344.194275 141.549652 70.498245
v 347.658112 218.357330 -401.912170
v 347.658112 213.788162 -401.912170
v 347.658112 141.549622 -401.912140
v 347.658112 196.860931 -401.912140
v 347.658112 213.788162 -433.978729
v 347.658112 218.357330 -433.978729
v 347.658112 141.549622 -433.978699
v 347.658112 196.860901 -433.978699
v -343.117126 16.706919 76.688278
v 347.658112 213.788162 -458.028503
v 347.658112 218.357330 -458.028503
v 347.658112 141.549622 -458.028473
v 347.658112 196.860901 -458.028473
v -343.117218 16.706907 -72.119545
v 332.081024 218.357346 -231.398178
v 347.658081 218.357330 -490.668091
v 347.658081 141.549622 -490.668060
v 347.658081 213.788162 -490.668091
v 347.658081 196.860901 -490.668060
v -343.117218 276.080444 -72.119812
v 332.080933 213.788162 -359.282928
v 332.080933 196.860931 -359.282867
v 336.239807 237.360779 -102.081650
v 336.239716 218.357330 -359.282928
v 336.239716 237.360733 -359.282928
v 336.239746 237.360748 -301.066681
v 336.239716 116.730637 -359.282959
v 336.239777 237.360779 -152.662994
v 336.239777 237.360779 -166.024109
v 336.239807 237.360794 -30.504347
v 336.239746 237.360748 -288.660034
v 336.239807 237.360794 -87.289055
v 336.239777 116.730652 -231.398102
v 332.080963 196.860947 -301.066650
v 332.080933 116.730637 -359.282959
v 332.080933 141.549622 -359.282959
v 336.239746 116.730644 -288.660034
v 332.080963 141.549637 -301.066742
v 332.081024 213.788177 -217.200577
v 336.239746 116.730644 -301.066742
v 332.081024 196.860947 -217.200546
v 332.080933 218.357330 -359.282928
v 332.080963 218.357346 -301.066681
v 336.239777 116.730652 -166.024109
v 332.081024 196.860947 -166.024109
v 336.239777 237.360748 -231.398239
v 336.239777 237.360748 -217.200592
v 332.081024 218.357346 -217.200623
v 336.239777 116.730652 -152.662994
v 336.239807 116.730659 -102.081642
v 332.081024 218.357346 -166.024094
v 347.658112 116.730637 -398.772125
v 336.239807 116.730659 -87.288986
v 332.080963 116.730644 -301.066742
v 332.081024 141.549637 -217.200623
v 332.081024 116.730652 -217.200623
v 336.239807 218.357407 -30.504313
v 332.081024 141.549637 -166.024109
v 332.081024 116.730652 -166.024109
v 336.239807 116.730667 -30.504293
v 332.081024 218.357346 -152.662979
v 332.081024 141.549637 -231.398102
v 332.081024 116.730652 -231.398102
v 332.080963 196.860947 -288.660034
v 332.080963 116.730644 -288.660034
v 332.080963 218.357346 -288.660065
v 332.080963 141.549637 -288.660004
v 332.081024 218.357407 -30.504313
v 332.081024 218.357391 -87.289032
v 332.080963 213.788177 -301.066681
v 332.081024 213.788177 -166.024109
v 332.081024 196.860962 -102.081650
v 332.081024 196.860947 -152.662994
v 332.081024 141.549637 -102.081642
v 332.081024 141.549637 -152.663010
v 332.081024 116.730659 -102.081642
v 332.081024 116.730652 -152.662994
v 332.081024 213.788177 -152.662994
v 332.081024 213.788177 -102.081650
v 332.081024 116.730667 -30.504293
v 332.081024 116.730659 -87.288986
v 332.081024 196.860977 -30.504311
v 332.081024 196.860977 -87.289062
v 332.081024 141.549652 -30.504295
v 332.081024 141.549652 -87.288986
v 332.081024 213.788193 -87.289055
v 332.081024 213.788193 -30.504333
v 324.702667 141.549637 -102.081642
v 324.702637 141.549637 -152.663010
v 324.702637 237.360779 -166.024109
v 324.702637 237.360748 -217.200592
v 324.702667 218.357407 -30.504313
v 324.702667 237.360794 -30.504347
v 324.702576 141.549637 -301.066742
v 324.702576 196.860947 -301.066650
v 324.702637 218.357346 -231.398178
v 324.702637 237.360748 -231.398239
v 324.702576 196.860931 -359.282867
v 324.702637 196.860947 -152.662994
v 324.702667 237.360794 -87.289055
v 324.702576 237.360733 -359.282928
v 324.702637 218.357346 -166.024109
v 324.702576 218.357346 -288.660065
v 324.702576 237.360748 -288.660034
v 324.702637 141.549637 -231.398102
v 324.702576 141.549637 -288.660004
v 324.702667 237.360779 -102.081650
v 324.702637 196.860947 -231.398178
v 324.702576 196.860947 -288.660034
v 324.702576 141.549622 -359.282959
v 324.702637 237.360779 -152.662994
v 324.702576 237.360748 -301.066681
v 324.702667 196.860962 -102.081650
v 324.702637 196.860947 -166.024109
v 324.702637 196.860947 -217.200546
v 324.702637 218.357346 -217.200623
v 324.702637 141.549637 -166.024109
v 324.702637 141.549637 -217.200623
v 324.702667 218.357376 -102.081650
v 324.702637 218.357346 -152.662979
v 324.702576 218.357330 -359.282928
v 324.702576 218.357346 -301.066681
v 324.702667 218.357391 -87.289032
v 324.702667 196.860977 -30.504311
v 324.702667 196.860977 -87.289062
v 324.702667 141.549652 -30.504295
v 324.702667 141.549652 -87.288986
v 314.761658 196.860886 -547.432190
v 314.761658 271.869171 -547.432190
v 314.761658 150.628494 -547.432190
v 314.761658 218.357300 -547.432190
v 283.246277 196.860870 -547.432190
v 283.246338 271.869171 -547.432190
v 283.246307 150.628494 -547.432190
v 283.246338 218.357300 -547.432190
v 229.891449 271.869171 -547.432129
v 229.891479 150.628494 -547.432129
v 229.891449 196.860870 -547.432129
v 229.891449 218.357300 -547.432129
v 196.441223 150.628494 -547.432129
v 196.441238 196.860870 -547.432129
v 196.441223 218.357300 -547.432129
v 196.441223 271.869171 -547.432129
v 3.735149 150.628479 -547.432007
v 6.499679 196.860840 -547.432007
v 116.287796 213.788193 -96.874847
v 6.499625 150.628479 -547.432007
v 25.851185 196.860840 -547.432007
v 75.766464 150.628479 -547.432129
v 25.851164 150.628479 -547.432007
v 71.408241 196.860840 -547.432129
v 100.468681 150.628479 -547.432129
v 100.468597 196.860870 -547.432129
v 105.643814 150.628479 -547.432129
v 105.643776 196.860870 -547.432129
v -336.239899 146.527618 -547.431946
v 129.927155 150.628479 -547.432129
v 129.927139 196.860870 -547.432129
v -336.239960 123.011940 -725.522156
v -336.239960 116.730652 -725.522156
v 319.314789 146.527603 -725.522339
v 312.518860 146.527603 -725.522339
v 319.316895 146.527618 -547.432190
v 312.518860 116.730606 -725.522339
v 312.518921 16.706892 -725.522339
v 312.518921 -0.065876 -725.522339
v 312.518921 11.547771 -725.522339
v 310.720917 123.011940 -725.522339
v 310.718689 146.527618 -554.741272
v -124.483681 150.628479 -547.432007
v -124.483627 196.860825 -547.432007
v -148.368973 150.628479 -547.432007
v -148.368896 196.860825 -547.432007
v -177.827393 196.860825 -547.432007
v -177.827423 150.628479 -547.432007
v -200.120316 150.628479 -547.432007
v -200.120316 196.860825 -547.432007
v -230.773071 150.628479 -547.432007
v -230.773041 196.860794 -547.432007
v -253.464264 150.628479 -547.432007
v -253.464096 196.860794 -547.432007
v -281.330292 150.628494 -547.431946
v -281.330200 196.860794 -547.431946
v -305.934113 150.628494 -547.431946
v -305.934113 196.860794 -547.431946
v -343.117126 294.790344 101.582970
v -343.117126 276.080444 101.582970
v -353.495483 294.790344 109.437752
v -347.262573 303.149902 105.285988
v -353.495575 303.149902 -101.425766
v 342.980774 341.764160 101.582924
v -343.117126 116.730621 101.582893
v -343.117218 -0.065829 -102.722649
v -340.385101 303.149902 105.285988
v -344.772339 280.061279 -103.142555
v -347.345917 341.764008 105.975449
v -347.345978 346.779083 -101.531227
v -337.894806 280.061340 104.847610
v -343.117218 276.080444 -96.874687
v -344.772339 276.080444 -103.142555
v -340.780548 11.547736 105.923058
v -336.239685 294.790344 101.582970
v -343.117126 280.061340 101.582970
v -336.239685 116.730621 101.582893
v -353.495575 294.790344 -101.425766
v -343.117126 312.305847 101.582970
v -340.780548 -0.065813 105.923058
v -343.117218 294.790344 -96.874687
v 336.239899 341.764160 101.582924
v -336.239685 312.305847 101.582970
v -340.468445 341.764008 105.975449
v -346.618011 294.790344 109.437752
v -343.117218 280.061279 -96.874687
v -336.239685 280.061340 101.582970
v -344.772278 280.061340 104.847610
v -347.262634 303.149902 -96.874687
v -353.495483 303.149902 109.437752
v -343.117218 312.305847 -96.874687
v -346.618011 303.149902 109.437752
v -343.117218 336.589020 -96.874687
v -336.239685 341.764008 101.582970
v -343.117218 341.764008 -96.874687
v -347.345978 341.764008 -101.531227
v -347.345917 346.779083 105.972717
v -336.239685 16.706921 101.582855
v -336.239685 276.080444 101.582970
v -343.117126 108.974564 101.582893
v -329.948639 207.673553 -404.829620
v -343.117126 336.589050 101.582970
v -336.239685 108.974564 101.582893
v -337.894806 276.080444 104.847610
v -343.117126 341.764008 101.582970
v 148.637268 294.790405 -543.398743
v -336.239899 213.788162 -484.974823
v -343.117126 11.547736 105.923058
v -343.117218 16.706905 -96.874687
v -336.239685 336.589050 101.582970
v -343.117218 11.547721 -102.722649
v -336.239899 213.788147 -533.221497
v 354.399078 341.764160 101.582924
v -344.772278 276.080444 104.847610
v -343.117126 16.706921 101.582855
v -340.468445 346.779083 105.972717
v -343.117126 -0.065813 105.923058
v -343.117126 116.730621 132.380112
v -343.117126 108.974564 132.380112
v -343.117126 116.730621 101.582893
v -343.117126 108.974564 101.582893
v 347.658081 276.080505 -490.666748
v 347.658112 276.080505 -458.027405
v -343.117218 28.798557 -72.119705
v -343.117218 196.860886 -72.119675
v -343.117218 96.892410 -72.119690
v -343.117218 218.357300 -72.119644
v -343.117218 141.549561 -72.119667
v -343.117218 269.042572 -72.119652
v -343.117188 196.860916 76.688286
v -343.117188 141.549561 76.688293
v -343.117188 218.357315 76.688263
v -343.117188 269.042572 76.688255
v -343.117188 28.798569 76.688278
v -343.117188 96.892426 76.688271
v -343.117218 196.860886 -29.104776
v -343.117218 141.549561 -29.104773
v -343.117218 218.357315 -29.104755
v -343.117218 269.042572 -29.104759
v -343.117218 28.798561 -29.104763
v -343.117218 96.892418 -29.104769
v -343.117188 218.357315 37.742428
v -343.117188 96.892418 37.742435
v -343.117188 28.798565 37.742439
v -343.117188 141.549561 37.742432
v -343.117188 269.042572 37.742401
v -343.117188 196.860916 37.742428
v -336.239746 28.795073 -129.812424
v -336.239746 141.549545 -129.812378
v -336.239746 96.891136 -129.812393
v -336.239746 196.860870 -129.812378
v -336.239899 96.892342 -533.221497
v -336.239899 141.549515 -533.221619
v -336.239899 28.798374 -533.221497
v -336.239899 196.860794 -533.221619
v -336.239777 196.860855 -161.201660
v -336.239777 28.795330 -161.201843
v -336.239777 96.891220 -161.201752
v -336.239777 141.549545 -161.201660
v -336.239777 196.860855 -193.753403
v -336.239777 96.891319 -193.753342
v -336.239777 28.795595 -193.753403
v -336.239777 141.549545 -193.753403
v -336.239777 196.860855 -230.374115
v -336.239777 96.891441 -230.374069
v -336.239777 28.795893 -230.374023
v -336.239777 141.549545 -230.374115
v -336.239807 196.860855 -261.182007
v -336.239807 141.549545 -261.182007
v -336.239807 28.796148 -261.182007
v -336.239807 96.891525 -261.182007
v -336.239807 196.860855 -298.384003
v -336.239807 96.891640 -298.384033
v -336.239807 28.796450 -298.384125
v -336.239807 141.549545 -298.384033
v -336.239807 96.891716 -323.960297
v -336.239807 196.860840 -323.960388
v -336.239807 28.796654 -323.960205
v -336.239807 141.549530 -323.960297
v -336.239868 196.860840 -356.512115
v -336.239868 96.891800 -356.512146
v -336.239868 28.796923 -356.512207
v -336.239868 141.549530 -356.512115
v -336.239868 196.860840 -378.019592
v -336.239868 28.797098 -378.019562
v -336.239868 96.891869 -378.019562
v -336.239868 141.549530 -378.019592
v -336.239868 196.860809 -411.152588
v -336.239868 96.891975 -411.152496
v -336.239868 28.797367 -411.152496
v -336.239868 141.549530 -411.152588
v -336.239868 196.860809 -427.428436
v -336.239868 28.797503 -427.428406
v -336.239868 96.892021 -427.428406
v -336.239868 141.549530 -427.428436
v -336.239899 96.892128 -461.723999
v -336.239899 196.860809 -461.723999
v -336.239899 28.797789 -461.723999
v -336.239899 141.549530 -461.723999
v -336.239899 196.860809 -484.975220
v -336.239899 96.892197 -484.975220
v -336.239899 28.797981 -484.975220
v -336.239899 141.549530 -484.975220
v 116.288956 276.080505 -96.874855
v 116.288986 218.357361 -96.874847
v 86.562744 218.357361 -96.874840
v 86.562714 276.080505 -96.874847
v 72.822968 218.357361 -96.874840
v 72.823006 276.080505 -96.874847
v 40.090141 218.357361 -96.874825
v 40.090149 276.080505 -96.874832
v 10.590205 218.357361 -96.874817
v 10.590136 276.080505 -96.874825
v -20.930210 218.357361 -96.874817
v -20.930288 276.080505 -96.874825
v -32.245235 218.357361 -96.874817
v -32.245235 276.080505 -96.874825
v -62.957500 218.357361 -96.874794
v -62.957462 276.080505 -96.874802
v -88.416206 276.080505 -96.874802
v -88.416420 218.357361 -96.874794
v -120.745155 218.357346 -96.874771
v -120.745041 276.080475 -96.874779
v -128.423172 218.357346 -96.874771
v -128.423172 276.080475 -96.874779
v -159.539597 218.357346 -96.874748
v -159.539597 276.080475 -96.874756
v -178.936798 218.357346 -96.874748
v -178.936707 276.080475 -96.874756
v -199.546371 218.357346 -96.874748
v -199.546356 276.080475 -96.874756
v -228.642105 218.357315 -96.874733
v -228.642166 276.080475 -96.874741
v -252.484619 218.357315 -96.874725
v -252.484756 276.080475 -96.874733
v -280.772217 218.357315 -96.874702
v -280.772308 276.080444 -96.874710
v -306.634949 276.080444 -96.874710
v -306.635101 218.357315 -96.874702
v 151.201340 218.357269 -531.251343
v 151.201340 276.080475 -531.251343
v 151.201340 218.357269 -506.627747
v 151.201340 276.080475 -506.627808
v 151.201340 276.080475 -496.939728
v 151.201340 218.357285 -496.939728
v 151.201355 218.357285 -475.545410
v 151.201355 276.080475 -475.545410
v 151.201355 276.080475 -440.426178
v 151.201355 218.357285 -440.426178
v 151.201370 218.357285 -417.820923
v 151.201370 276.080475 -417.820923
v 151.201370 276.080475 -409.747589
v 151.201370 218.357285 -409.747528
v 151.201370 218.357285 -386.334778
v 151.201370 276.080475 -386.334778
v 151.201385 218.357285 -354.041321
v 151.201385 276.080475 -354.041321
v 151.201385 218.357285 -331.032349
v 151.201385 276.080475 -331.032349
v 151.201401 218.357285 -321.344330
v 151.201401 276.080475 -321.344330
v 151.201401 276.080475 -295.105865
v 151.201401 218.357300 -295.105865
v 151.201431 218.357330 -260.390564
v 151.201431 276.080475 -260.390564
v 151.201431 276.080475 -234.152222
v 151.201431 218.357330 -234.152130
v 151.201431 218.357330 -224.464111
v 151.201431 276.080475 -224.464111
v 151.201431 276.080505 -195.399963
v 151.201431 218.357330 -195.400101
v 151.201462 218.357346 -157.051605
v 151.201462 276.080505 -157.051590
v 151.201462 218.357346 -132.024246
v 151.201462 276.080505 -132.024185
v 71.408279 150.628479 -543.422180
v 46.328629 150.628479 -543.422119
v 71.408241 196.860840 -543.422180
v 46.328701 196.860840 -543.422119
v 3.735120 196.860840 -543.422119
v 3.735149 150.628479 -543.422119
v -17.228962 196.860840 -543.422119
v 6.499678 196.860840 -543.422119
v 6.499624 150.628479 -543.422119
v 129.927155 150.628479 -543.422180
v 105.643814 150.628479 -543.422180
v 129.927139 196.860870 -543.422180
v 105.643776 196.860870 -543.422180
v 100.468597 196.860870 -543.422180
v 100.468681 150.628479 -543.422180
v -17.228970 150.628479 -543.422119
v -97.811760 196.860825 -543.422058
v -97.811836 150.628479 -543.422058
v -118.512337 196.860825 -543.422058
v -92.238480 196.860825 -543.422058
v -92.238441 150.628479 -543.422058
v -65.964752 150.628479 -543.422058
v 75.766464 196.860840 -543.422180
v -20.684610 196.860840 -543.422119
v -20.684593 150.628479 -543.422119
v -44.413155 150.628479 -543.422119
v -44.413124 196.860840 -543.422119
v 283.246307 196.860870 -543.422180
v 314.761658 196.860886 -543.422180
v 314.761658 271.869171 -543.422180
v 314.761658 218.357300 -543.422180
v 314.761658 150.628494 -543.422180
v 283.246368 271.869171 -543.422180
v 283.246338 150.628494 -543.422180
v 283.246368 218.357300 -543.422180
v 196.441238 196.860870 -543.422180
v 229.891479 196.860870 -543.422180
v 229.891479 150.628494 -543.422180
v 229.891479 271.869171 -543.422180
v 229.891479 218.357300 -543.422180
v 196.441238 150.628494 -543.422180
v 196.441238 218.357300 -543.422180
v 196.441238 271.869171 -543.422180
v -65.964737 196.860825 -543.422058
v 75.766464 150.628479 -543.422180
v 25.851164 150.628479 -543.422119
v 25.851185 196.860840 -543.422119
v -148.368896 196.860825 -543.422058
v -124.483627 196.860825 -543.422058
v -118.512360 150.628479 -543.422058
v -124.483681 150.628479 -543.422058
v -177.827408 150.628479 -543.422058
v -200.120316 150.628479 -543.422058
v -177.827362 196.860825 -543.422058
v -200.120316 196.860825 -543.422058
v -148.368973 150.628479 -543.422058
v -253.464081 196.860794 -543.422058
v -230.773026 196.860794 -543.422058
v -230.773041 150.628479 -543.422058
v -253.464233 150.628479 -543.422058
v -305.934113 196.860794 -543.421997
v -281.330200 196.860794 -543.421997
v -281.330292 150.628494 -543.421997
v -305.934113 150.628494 -543.421997
v 86.562744 218.357361 -92.864899
v 116.288986 218.357361 -92.864906
v 116.288956 276.080505 -92.864914
v 86.562714 276.080505 -92.864906
v 40.090141 218.357361 -92.864883
v 72.822968 218.357361 -92.864899
v 72.823013 276.080505 -92.864906
v 40.090149 276.080505 -92.864891
v -20.930210 218.357361 -92.864861
v 10.590205 218.357361 -92.864868
v 10.590136 276.080505 -92.864876
v -20.930286 276.080505 -92.864868
v -62.957497 218.357361 -92.864853
v -32.245235 218.357361 -92.864861
v -32.245235 276.080505 -92.864868
v -62.957455 276.080505 -92.864861
v -120.745155 218.357346 -92.864815
v -88.416420 218.357361 -92.864838
v -88.416206 276.080505 -92.864845
v -120.745041 276.080475 -92.864822
v -159.539597 218.357346 -92.864799
v -128.423172 218.357346 -92.864807
v -128.423172 276.080475 -92.864815
v -159.539597 276.080475 -92.864807
v -199.546371 218.357346 -92.864792
v -178.936798 218.357346 -92.864799
v -178.936707 276.080475 -92.864807
v -199.546356 276.080475 -92.864799
v -252.484619 218.357315 -92.864769
v -228.642105 218.357315 -92.864784
v -228.642166 276.080475 -92.864792
v -252.484756 276.080475 -92.864777
v -306.635101 218.357315 -92.864746
v -280.772217 218.357315 -92.864754
v -280.772308 276.080444 -92.864761
v -306.634949 276.080444 -92.864754
v -338.104492 32.353580 -29.104763
v -338.104492 32.353580 -72.119705
v -338.104492 196.860886 -29.104776
v -338.104492 196.860886 -72.119675
v -338.104492 96.892418 -29.104769
v -338.104492 96.892410 -72.119690
v -338.104492 218.357315 -29.104755
v -338.104492 218.357300 -72.119644
v -338.104492 141.549561 -29.104773
v -338.104492 141.549561 -72.119667
v -338.104492 269.042572 -29.104759
v -338.104492 269.042572 -72.119652
v -338.104492 96.892426 76.688271
v -338.104492 32.353592 76.688278
v -338.104492 269.042572 76.688255
v -338.104492 218.357315 76.688263
v -338.104492 196.860916 76.688286
v -338.104492 141.549561 76.688293
v -338.104492 218.357315 37.742428
v -338.104492 96.892418 37.742435
v -338.104492 32.353588 37.742439
v -338.104492 141.549561 37.742432
v -338.104492 269.042572 37.742401
v -338.104492 196.860916 37.742428
v -331.227112 28.795330 -161.201843
v -331.227081 28.795073 -129.812424
v -331.227112 96.891220 -161.201752
v -331.227081 96.891136 -129.812393
v -331.227081 196.860870 -129.812378
v -331.227081 141.549545 -129.812378
v -331.227203 141.549530 -484.975220
v -331.227203 141.549515 -533.221619
v -331.227203 196.860809 -484.975220
v -331.227203 196.860794 -533.221619
v -331.227203 96.892342 -533.221497
v -331.227203 28.798374 -533.221497
v -331.227112 196.860855 -161.201660
v -331.227112 141.549545 -161.201660
v -331.227112 96.891441 -230.374069
v -331.227112 96.891319 -193.753342
v -331.227112 28.795893 -230.374023
v -331.227112 28.795595 -193.753403
v -331.227112 196.860855 -193.753418
v -331.227112 141.549545 -193.753418
v -331.227112 196.860855 -230.374115
v -331.227112 141.549545 -230.374115
v -331.227142 28.796450 -298.384125
v -331.227142 28.796148 -261.182007
v -331.227142 96.891640 -298.384033
v -331.227142 96.891525 -261.182007
v -331.227142 196.860855 -261.182007
v -331.227142 141.549545 -261.182007
v -331.227142 196.860855 -298.384003
v -331.227142 141.549545 -298.384033
v -331.227203 96.891800 -356.512146
v -331.227142 96.891716 -323.960297
v -331.227203 28.796923 -356.512207
v -331.227142 28.796654 -323.960205
v -331.227142 196.860840 -323.960388
v -331.227142 141.549530 -323.960297
v -331.227203 196.860840 -356.512115
v -331.227203 141.549530 -356.512115
v -331.227203 28.797367 -411.152496
v -331.227203 28.797098 -378.019562
v -331.227203 96.891975 -411.152496
v -331.227203 96.891869 -378.019562
v -331.227203 141.549530 -378.019592
v -331.227203 196.860840 -378.019592
v -331.227203 196.860809 -411.152588
v -331.227203 141.549530 -411.152588
v -331.227203 28.797789 -461.723999
v -331.227203 28.797503 -427.428406
v -331.227203 96.892128 -461.723999
v -331.227203 96.892021 -427.428406
v -331.227203 196.860809 -427.428436
v -331.227203 141.549530 -427.428436
v -331.227203 196.860809 -461.723999
v -331.227203 141.549530 -461.723999
v -331.227203 96.892197 -484.975220
v -331.227203 28.797981 -484.975220
v 156.214020 218.357269 -506.627747
v 156.214020 218.357269 -531.251343
v 156.214020 276.080475 -506.627808
v 156.214020 276.080475 -531.251343
v 156.214035 276.080475 -475.545410
v 156.214020 276.080475 -496.939728
v 156.214035 218.357285 -475.545410
v 156.214020 218.357285 -496.939728
v 156.214066 276.080475 -417.820923
v 156.214035 276.080475 -440.426178
v 156.214066 218.357285 -417.820923
v 156.214035 218.357285 -440.426178
v 156.214066 276.080475 -386.334778
v 156.214066 276.080475 -409.747589
v 156.214066 218.357285 -386.334778
v 156.214066 218.357285 -409.747528
v 156.214081 218.357285 -331.032349
v 156.214081 218.357285 -354.041321
v 156.214081 276.080475 -331.032349
v 156.214081 276.080475 -354.041321
v 156.214096 218.357300 -295.105865
v 156.214096 218.357285 -321.344360
v 156.214096 276.080475 -295.105865
v 156.214096 276.080475 -321.344360
v 156.214111 218.357330 -234.152130
v 156.214111 218.357330 -260.390564
v 156.214111 276.080475 -234.152222
v 156.214111 276.080475 -260.390564
v 156.214127 218.357330 -195.400070
v 156.214111 218.357330 -224.464111
v 156.214127 276.080505 -195.399963
v 156.214111 276.080475 -224.464096
v 156.214142 218.357346 -132.024246
v 156.214142 218.357346 -157.051605
v 156.214142 276.080505 -132.024185
v 156.214142 276.080505 -157.051590
v 45.846478 207.673569 -103.641106
v 45.844097 207.673538 -540.665771
v -43.840694 207.673538 -540.665771
v -43.841030 207.673569 -103.641060
v 45.845882 210.407364 -212.026505
v -43.840992 210.407364 -151.005096
v 45.844479 207.673553 -469.761200
v 45.845215 210.407349 -334.724884
v -43.840752 207.673553 -469.752258
v 45.844833 207.673553 -404.839691
v -43.840851 210.407349 -334.722687
v -43.840801 207.673553 -404.835907
v -43.840973 224.133682 -181.516724
v 45.846046 224.133682 -181.513336
v -43.840752 210.407349 -469.752258
v -43.840851 207.673553 -334.722687
v -43.840775 224.133667 -437.294067
v -43.840973 207.673569 -181.516724
v 45.845215 207.673553 -334.724884
v -43.840897 207.673569 -271.102692
v 45.845566 207.673569 -271.102875
v 45.846046 207.673569 -181.513336
v 45.844479 210.407349 -469.761200
v 45.844658 224.133667 -437.300446
v 45.845387 207.673569 -302.913910
v 45.845882 207.673569 -212.026505
v -43.840878 207.673569 -302.912689
v -43.840942 207.673569 -212.028366
v -43.840878 224.133682 -302.912689
v 45.845387 224.133682 -302.913910
v -43.840992 207.673569 -151.005096
v -43.840775 207.673553 -437.294067
v 45.846214 207.673569 -151.000183
v 45.844658 207.673553 -437.300446
v 112.381302 139.808640 -599.235779
v 43.484219 126.982597 -684.172485
v 42.801308 139.808960 -599.233459
v -23.708111 126.982773 -684.171265
v -23.651978 139.809296 -599.231262
v -98.014725 126.982956 -684.170044
v -97.142021 139.809662 -599.228882
v -162.045334 126.983116 -684.168945
v -160.466736 139.809967 -599.226868
v -225.283844 126.983269 -684.167969
v -223.009140 139.810272 -599.224731
v -303.544739 126.983459 -684.166687
v -300.408630 139.810638 -599.222229
v 299.606445 126.981972 -684.176758
v 296.104980 139.807739 -599.241699
v 183.403046 129.604782 -684.174744
v 181.181427 142.430817 -599.237976
v 42.801308 142.431488 -599.233459
v -23.651978 142.431808 -599.231262
v 43.484219 129.605133 -684.172485
v -23.708111 129.605301 -684.171265
v 249.014557 129.604614 -684.175842
v 246.069778 142.430511 -599.240051
v 113.838829 129.604950 -684.173645
v 112.381302 142.431168 -599.235779
v 296.104980 142.430267 -599.241699
v 299.606445 129.604492 -684.176758
v -98.014725 129.605484 -684.170044
v -97.142021 142.432175 -599.228882
v -162.045334 129.605637 -684.168945
v -160.466736 142.432480 -599.226868
v -225.283844 129.605804 -684.167969
v -223.009140 142.432785 -599.224731
v -303.544739 129.606003 -684.166687
v -300.408630 142.433167 -599.222229
v 18.797672 292.820679 175.830856
v 15.784000 292.820679 177.099747
v 18.436045 289.148956 175.830856
v 15.480291 289.736908 177.099747
v 17.365028 285.618347 175.830856
v 14.580791 286.771637 177.099747
v 15.625833 282.364532 175.830856
v 13.120049 284.038818 177.099747
v 13.285231 279.512512 175.830856
v 11.154264 281.643524 177.099747
v 10.433252 277.171936 175.830856
v 8.758949 279.677704 177.099747
v 7.179402 275.432739 175.830856
v 6.026137 278.217010 177.099747
v 3.648819 274.361725 175.830856
v 3.060884 277.317505 177.099747
v -0.022895 274.000092 175.830856
v -0.022895 277.013763 177.099747
v -3.694609 274.361725 175.830856
v -3.106673 277.317505 177.099747
v -7.225202 275.432739 175.830856
v -6.071916 278.217010 177.099747
v -10.479033 277.171936 175.830856
v -8.804729 279.677704 177.099747
v -13.331033 279.512512 175.830856
v -11.200044 281.643524 177.099747
v -15.671613 282.364502 175.830856
v -13.165830 284.038818 177.099747
v -17.410810 285.618317 175.830856
v -14.626551 286.771637 177.099747
v -18.481806 289.148956 175.830856
v -15.526051 289.736877 177.099747
v -18.843431 292.820679 175.830856
v -15.829760 292.820679 177.099747
v -18.481806 296.492371 175.830856
v -15.526051 295.904449 177.099747
v -17.410789 300.023010 175.830856
v -14.626531 298.869720 177.099747
v -15.671593 303.276825 175.830841
v -13.165809 301.602509 177.099747
v -13.331013 306.128815 175.830841
v -11.200023 303.997803 177.099731
v -10.479012 308.469391 175.830841
v -8.804708 305.963562 177.099731
v -7.225182 310.208588 175.830841
v -6.071896 307.424316 177.099731
v -3.694569 311.279602 175.830841
v -3.106633 308.323822 177.099731
v -0.022855 311.641205 175.830841
v -0.022855 308.627533 177.099731
v 3.648860 311.279602 175.830841
v 3.060924 308.323822 177.099731
v 7.179442 310.208588 175.830841
v 6.026177 307.424286 177.099731
v 10.433292 308.469330 175.830841
v 8.758989 305.963562 177.099731
v 13.285271 306.128754 175.830841
v 11.154305 303.997803 177.099731
v 15.625833 303.276764 175.830841
v 13.120090 301.602509 177.099747
v 17.365028 300.022980 175.830856
v 14.580791 298.869690 177.099747
v 18.436045 296.492340 175.830856
v 15.480291 295.904419 177.099747
v 15.480289 289.736908 175.943237
v 15.783998 292.820679 175.943237
v 14.580790 286.771637 175.943237
v 13.120048 284.038818 175.943237
v 11.154263 281.643524 175.943237
v 8.758948 279.677704 175.943237
v 6.026136 278.217010 175.943237
v 3.060884 277.317505 175.943237
v -0.022895 277.013763 175.943237
v -3.106673 277.317505 175.943237
v -6.071917 278.217010 175.943237
v -8.804729 279.677704 175.943237
v -11.200044 281.643524 175.943237
v -13.165830 284.038818 175.943237
v -14.626552 286.771637 175.943237
v -15.526052 289.736877 175.943237
v -15.829761 292.820679 175.943237
v -15.526052 295.904449 175.943237
v -14.626532 298.869720 175.943237
v -13.165810 301.602509 175.943237
v -11.200024 303.997803 175.943222
v -8.804709 305.963562 175.943222
v -6.071897 307.424316 175.943222
v -3.106633 308.323822 175.943222
v -0.022855 308.627533 175.943222
v 3.060923 308.323822 175.943222
v 6.026176 307.424286 175.943222
v 8.758989 305.963562 175.943222
v 11.154303 303.997803 175.943222
v 13.120090 301.602509 175.943237
v 14.580790 298.869690 175.943237
v 15.480289 295.904419 175.943237
v 75.766670 674.815063 50.149109
v -75.302063 674.815063 175.830917
v -75.302094 674.815063 50.149132
v -79.469345 674.815063 175.830917
v -79.469376 674.815063 50.149132
v -79.469345 671.248352 175.830917
v 75.766670 641.461365 50.149109
v -75.302109 671.248352 45.677338
v -79.469391 671.248352 45.677338
v 75.766701 641.461365 175.830826
v -75.302094 641.461365 50.149132
v -75.302063 671.248352 179.418274
v -79.469345 671.248352 179.418274
v -75.302063 641.461365 175.830917
v -75.302063 638.430542 175.830917
v -75.302094 696.441589 50.149128
v 75.766670 696.441589 50.149105
v -75.302063 696.441589 175.830917
v 75.766701 696.441589 175.830826
v -79.469376 671.248352 50.150692
v 69.164673 814.741150 169.081635
v 71.956467 798.423035 171.715378
v 69.070145 814.741150 165.477646
v 71.956459 798.423035 162.976562
v 73.350029 761.310486 166.516785
v 64.163338 761.310486 166.360352
v 46.091740 761.310486 166.369171
v 27.861746 814.741150 169.081680
v 30.653543 798.423035 171.715424
v 24.468786 814.741150 168.977112
v 21.905178 798.423035 171.715424
v 27.767216 814.741150 165.477692
v 30.653540 798.423035 162.976608
v 24.479986 814.741150 165.387634
v 21.905176 798.423035 162.976608
v -22.899080 814.741150 169.081680
v -20.107286 798.423035 171.715378
v -22.993612 814.741150 165.477692
v -20.107288 798.423035 162.976562
v 69.164635 814.741150 61.564152
v 71.956429 798.423035 64.197899
v 69.070107 814.741150 57.960163
v 71.956429 798.423035 55.459087
v 27.861712 814.741150 61.564152
v 30.653507 798.423035 64.197899
v 24.468748 814.741150 61.459621
v 21.905142 798.423035 64.197922
v 27.767178 814.741150 57.960163
v 30.653505 798.423035 55.459087
v 24.479952 814.741150 57.870155
v 21.905140 798.423035 55.459110
v -22.899117 814.741150 61.564129
v -20.107321 798.423035 64.197876
v -22.993649 814.741150 57.960117
v -20.107325 798.423035 55.459064
v 69.164642 814.741150 96.075188
v 71.956444 798.423035 98.708954
v 65.771683 814.741150 95.970657
v 63.208076 798.423035 98.708954
v 65.782890 814.741150 92.381142
v 63.208073 798.423035 89.970123
v 69.164650 814.741150 133.837616
v 71.956459 798.423035 136.471405
v 65.771698 814.741150 133.733093
v 63.208088 798.423035 136.471405
v 65.782898 814.741150 130.143616
v 63.208088 798.423035 127.732597
v -46.444954 757.206177 173.566849
v -44.596336 757.206177 166.529465
v -62.790695 757.206177 166.484726
v -62.785877 757.206177 173.566864
v -62.726086 757.206177 61.056290
v -62.785919 757.206177 52.296070
v -44.548450 757.206177 61.086079
v -46.444920 757.206177 52.296070
v 64.163338 757.206177 166.360352
v 64.084450 757.206177 173.566956
v 47.970310 757.206177 173.566956
v 46.091740 757.206177 166.369171
v -275.952606 177.436371 -225.512848
v -275.374237 297.250946 -224.890762
v -245.241806 177.436371 -225.512848
v -245.889618 297.250946 -224.816177
v -275.952606 177.436371 -214.355423
v -275.304871 297.250946 -215.052094
v -245.241806 177.436371 -214.355423
v -246.021545 297.250946 -215.194031
v -261.376923 297.250946 -224.674255
v -246.021545 297.250946 -219.095535
v -260.018799 297.250946 -214.977509
v -275.304871 297.250946 -219.237457
v -261.376923 297.250946 -220.772736
v -252.271729 297.250946 -224.816177
v -268.922668 297.250946 -215.052109
v -267.495178 297.250946 -224.674255
v -252.139786 297.250946 -215.194031
v -267.495178 297.250946 -220.772736
v -252.139786 297.250946 -219.095535
v -268.853302 297.250946 -224.890762
v -259.921173 297.250946 -224.785721
v -245.889618 297.250946 -220.630814
v -245.241806 297.250946 -214.355423
v -253.497925 297.250946 -214.977509
v -260.018799 297.250946 -219.312057
v -268.922668 297.250946 -219.237457
v -252.271729 297.250946 -220.630814
v -253.595612 297.250946 -224.785721
v -245.241806 297.250946 -225.512848
v -267.598846 297.250946 -215.082565
v -275.952606 297.250946 -214.355423
v -268.853302 297.250946 -220.556198
v -275.374237 297.250946 -220.556229
v -253.497925 297.250946 -219.312057
v -252.919540 297.250946 -214.355423
v -261.273315 297.250946 -215.082565
v -267.598846 297.250946 -219.207016
v -253.595612 297.250946 -220.661270
v -261.273315 297.250946 -219.207016
v -275.952606 297.250946 -225.512848
v -268.274933 297.250946 -225.512848
v -260.597229 297.250946 -225.512848
v -259.921173 297.250946 -220.661270
v -252.919540 297.250946 -225.512848
v -260.597229 297.250946 -214.355438
v -268.274933 297.250946 -214.355423
v -267.495178 288.611603 -224.674255
v -261.376923 288.611603 -224.674255
v -246.021545 288.611603 -219.095535
v -246.021545 288.611603 -215.194031
v -252.139786 288.611603 -215.194031
v -261.376923 288.611603 -220.772736
v -267.495178 288.611603 -220.772736
v -252.139786 288.611603 -219.095535
v -252.271729 288.611603 -224.816177
v -245.889618 288.611603 -224.816177
v -268.922668 288.611603 -215.052109
v -275.304871 288.611603 -215.052094
v -268.922668 288.611603 -219.237457
v -275.304871 288.611603 -219.237457
v -245.889618 288.611603 -220.630814
v -252.271729 288.611603 -220.630814
v -253.497925 288.611603 -214.977509
v -260.018799 288.611603 -214.977509
v -268.853302 288.611603 -220.556198
v -275.374237 288.611603 -220.556229
v -253.497925 288.611603 -219.312057
v -260.018799 288.611603 -219.312057
v -275.374237 288.611603 -224.890762
v -268.853302 288.611603 -224.890762
v -253.595612 288.611603 -220.661270
v -259.921173 288.611603 -220.661270
v -259.921173 288.611603 -224.785721
v -253.595612 288.611603 -224.785721
v -261.273315 288.611603 -215.082565
v -267.598846 288.611603 -215.082565
v -261.273315 288.611603 -219.207016
v -267.598846 288.611603 -219.207016
v 183.924820 331.850250 -84.030579
v 186.114685 369.491333 -81.675354
v 195.374527 331.850250 -84.030579
v 193.184677 369.491333 -81.675354
v 183.924820 331.850250 -72.593414
v 186.114685 369.491333 -74.948639
v 195.374527 331.850250 -72.593414
v 193.184677 369.491333 -74.948639
v 183.924820 369.491333 -84.030586
v 195.374527 369.491333 -84.030586
v 195.374527 369.491333 -72.593422
v 183.924820 369.491333 -72.593422
v 186.114685 364.883850 -81.675354
v 193.184677 364.883850 -81.675354
v 193.184677 364.883850 -74.948639
v 186.114685 364.883850 -74.948639
v 312.518921 84.412422 -725.522339
v -336.239960 84.412384 -725.522156
v -159.029709 84.412399 -725.522156
v -336.239960 78.491753 -725.522156
v -159.029633 116.730637 -725.522156
v -11.245980 84.412399 -725.522278
v -11.245920 116.730629 -725.522278
v 312.518921 78.491753 -725.522339
v -85.137833 84.412399 -725.522156
v -232.921555 84.412392 -725.522156
v -85.137772 116.730637 -725.522156
v 210.429642 116.730614 -725.522339
v 210.429596 84.412415 -725.522339
v 62.645885 84.412407 -725.522278
v 62.645943 116.730629 -725.522278
v 312.518860 123.011940 -725.522339
v 63.959312 689.778809 61.054665
v 0.000117 196.860977 175.830902
v 0.000117 146.074432 175.830902
v 0.000118 218.357376 175.830902
v 0.000118 213.788208 175.830902
v 347.658112 108.974510 -310.505859
v 347.658173 108.974518 -246.187927
v 0.030218 336.589050 175.830887
v 4.156896 141.549622 175.830902
v -3.804684 141.549622 175.830902
v 206.003281 294.790375 128.403732
v -205.770874 294.790344 128.403870
v 206.003281 280.061371 128.403732
v -205.770874 280.061340 128.403870
v 271.121582 294.790375 128.403687
v -140.536499 294.790375 128.403839
v 271.121582 280.061371 128.403687
v -140.536499 280.061371 128.403839
v 140.884979 294.790375 128.403778
v -271.005280 294.790344 128.403915
v 140.884979 280.061371 128.403778
v -271.005280 280.061340 128.403915
v 243.720520 294.790344 -547.432129
v 243.720520 280.061310 -547.432129
v 28.329054 67.768028 175.830917
v -28.096621 68.639900 175.830917
v -22.212973 79.828560 175.830917
v -12.913289 85.786156 175.830917
v -4.485453 88.837608 175.830917
v 4.814232 88.837608 175.830917
v 14.259226 86.076782 175.830917
v 21.815222 79.683243 175.830917
v 26.319756 73.435028 175.830917
v -24.464878 16.707041 170.618622
v 24.462299 16.706881 170.618622
v 319.315094 108.974503 -576.887451
v 319.315125 16.706905 -553.529541
v 319.315125 76.691719 -554.434204
v 319.315125 92.088058 -562.337646
v 319.315094 108.974503 -610.934998
v 319.315094 16.706900 -634.475037
v 319.315094 92.422615 -625.861328
v 319.315094 75.458153 -634.344666
v 319.315094 16.706900 -635.713928
v 319.315094 108.974495 -665.050781
v 319.315094 92.816452 -643.145142
v 319.314941 16.706894 -715.714478
v 319.314972 108.974495 -682.046509
v 319.314972 92.754044 -707.388428
v 319.314941 75.080605 -716.201477
v 319.315094 75.631042 -635.904175
v 305.540771 55.899708 -707.751404
v 305.540802 55.899712 -644.012817
v 339.467377 1.688064 -246.446701
v 339.467346 59.665066 -246.946411
v 339.467346 68.025169 -249.414581
v 339.467346 82.417221 -260.905792
v 339.467346 1.688058 -326.642456
v 339.467346 89.995163 -276.175781
v 339.467346 82.556465 -312.006470
v 339.467346 72.360680 -320.911133
v 339.467346 59.433479 -326.075439
v 336.239868 276.080536 -19.534704
v 336.239807 239.780701 -92.499168
v 332.081024 233.888443 -166.024109
v 336.239716 237.360580 -368.293152
v 336.239716 218.357330 -368.294403
v 336.239716 276.080505 -368.292480
v 336.239807 239.780701 -87.289055
v 336.239746 256.720551 -297.566742
v 347.658173 196.861023 104.327087
v 347.658173 116.730675 104.324959
v 347.658173 141.549667 104.325623
v 347.658173 218.357422 104.327660
v 347.658173 276.080536 104.329163
v 347.658173 213.788208 104.327499
v 347.658173 271.869202 104.329071
v 347.658173 276.080536 7.386552
v 347.658173 116.730667 7.386587
v 347.658173 271.869202 7.386552
v 347.658173 196.860977 7.386558
v 347.658173 141.549652 7.386562
v 347.658173 213.788193 7.386557
v 347.658173 218.357407 7.386556
v 347.658173 137.507477 7.386562
v 347.658173 137.510040 101.992264
v 347.658173 137.510101 104.325531
v 347.658173 137.509186 70.498245
v 347.658173 137.508484 44.730331
v 347.658173 137.507584 10.945986
v 347.658173 271.869202 66.458710
v 347.658173 141.549652 66.457344
v 347.658173 137.509064 66.457344
v 347.658173 218.357407 66.458168
v 347.658173 196.860977 66.457916
v 347.658173 213.788193 66.458099
v 347.658173 276.080536 66.458755
v 347.658173 271.869202 48.690418
v 347.658173 141.549652 48.691734
v 347.658173 276.080536 48.690372
v 347.658173 218.357407 48.690948
v 347.658173 196.860977 48.691158
v 347.658173 213.788193 48.691021
v 347.658173 137.508575 48.691803
v 347.658173 200.295334 48.691135
v 347.658173 200.295334 44.730328
v 347.658173 200.295334 70.498238
v 347.658173 200.295334 10.945981
v 347.658173 200.295334 7.386558
v 347.658173 200.295349 101.992188
v 347.658173 200.295334 66.457962
v 347.658173 200.295349 104.327156
v 336.239868 237.360748 -19.534300
v 89.241196 274.598083 121.283104
v 89.240784 234.358063 121.283112
v 279.314819 234.358063 121.283043
v -97.036354 274.647888 121.283173
v -306.555176 274.647858 121.283264
v 290.546997 274.598175 121.283035
v 99.843170 234.358063 121.283112
v 223.854980 234.358063 121.283089
v 162.286697 234.358063 121.283112
v 211.630539 234.358063 121.283089
v 290.546356 234.358063 121.283043
v 33.332405 264.420807 175.830902
v -33.091011 264.420837 175.830902
v 27.776627 270.250671 175.830902
v -28.029964 270.250671 175.830902
v 35.360043 258.590973 175.830902
v -35.183548 258.591003 175.830902
v 21.531424 273.165588 175.830902
v 34.792309 261.505920 175.830902
v -34.502262 261.505920 175.830902
v 2.268124 261.505920 175.830902
v 3.112985 264.420807 175.830902
v 31.020878 267.335724 175.830902
v -31.241783 267.335754 175.830902
v 5.242033 267.335724 175.830902
v 1.389473 255.676086 175.830902
v 35.360031 255.676056 175.830902
v -35.183540 255.676102 175.830902
v 1.389468 258.590973 175.830902
v 8.249741 270.250671 175.830902
v 1.389473 252.761169 175.830902
v 18.836231 273.165588 175.830902
v 30.647467 255.676056 175.830902
v 29.670731 258.590973 175.830902
v 25.980368 264.420807 175.830902
v 28.616343 261.505920 175.830902
v 20.343473 267.335724 175.830902
v 20.194765 270.250671 175.830902
v -25.284014 264.420837 175.830902
v -18.909033 273.165588 175.830902
v -27.473890 261.505920 175.830902
v -19.590328 267.335754 175.830902
v -28.993988 258.591003 175.830902
v -19.687653 270.250671 175.830902
v -29.858433 255.676102 175.830902
v 10.989219 264.420807 175.830902
v 7.231178 255.676086 175.830902
v 17.364202 273.165588 175.830902
v 16.265209 267.335724 175.830902
v 8.020717 258.590973 175.830902
v 16.288189 270.250671 175.830902
v 8.945337 261.505920 175.830902
v -0.439226 258.590973 175.830902
v -0.439226 255.676086 175.830902
v -5.204246 267.335724 175.830902
v -8.076773 270.250671 175.830902
v -3.041398 264.420807 175.830902
v -1.351673 261.505920 175.830902
v -17.251038 273.165588 175.830902
v -16.131762 267.335724 175.830902
v -5.717657 255.676086 175.830902
v -10.584059 264.420807 175.830902
v -16.083101 270.250671 175.830902
v -6.473272 258.590973 175.830902
v -7.810212 261.505920 175.830902
v -29.858437 252.761169 171.398392
v 30.927876 252.761169 171.398392
v 6.852776 252.761169 171.398392
v -5.717645 252.761169 171.398392
v 30.647467 255.676056 171.398392
v 29.670731 258.590973 171.398392
v 25.980368 264.420807 171.398392
v 28.616343 261.505920 171.398392
v 20.343473 267.335724 171.398392
v -25.284014 264.420837 171.398392
v -27.473890 261.505920 171.398392
v -19.590328 267.335754 171.398392
v -28.993988 258.591003 171.398392
v -29.858433 255.676102 171.398392
v 10.989219 264.420807 171.398392
v 7.231178 255.676086 171.398392
v 16.265209 267.335724 171.398392
v 8.020717 258.590973 171.398392
v 8.945337 261.505920 171.398392
v -16.131762 267.335724 171.398392
v -5.717657 255.676086 171.398392
v -10.584059 264.420807 171.398392
v -6.473272 258.590973 171.398392
v -7.810212 261.505920 171.398392
v -97.036789 239.413834 121.283180
v -306.555054 239.413467 121.283272
v 290.546417 238.617691 121.283043
v 89.240829 238.617264 121.283112
v -301.105896 242.849915 121.283272
v -301.105896 249.722778 121.283272
v -290.983765 266.052399 121.283264
v -299.821198 254.591766 121.283264
v -297.728607 258.889496 121.283264
v -286.847290 268.917572 121.283264
v 148.750000 234.358063 121.283112
v -300.229950 253.159180 121.283264
v -296.550934 260.322083 121.283264
v -298.594818 257.456909 121.283264
v -276.043854 274.647858 121.283264
v -299.237183 256.024323 121.283264
v -295.266174 261.754639 121.283264
v -292.443695 264.619812 121.283264
v -284.414093 270.350128 121.283264
v -276.141174 273.215302 121.283264
v -293.854919 263.187225 121.283264
v 92.644104 238.617264 121.283112
v 286.444275 238.617508 121.283043
v -301.105896 239.413467 121.283272
v -102.957787 239.413651 121.283180
v -169.962250 239.413498 121.283180
v -281.542908 271.782715 121.283264
v -238.291382 239.413498 121.283226
v -301.105896 246.286316 121.283272
v -289.280518 267.484985 121.283264
v -170.436371 239.413498 121.283180
v -238.882751 239.413498 121.283226
v -237.466446 239.413498 121.283226
v -169.604889 239.413498 121.283180
v 157.080582 238.617264 121.283112
v 218.836792 238.617264 121.283089
v 217.559799 238.617264 121.283089
v 155.200073 238.617264 121.283112
v -249.335785 267.484985 121.283218
v -241.802597 260.322021 121.283218
v -261.423950 273.215302 121.283218
v -239.057922 256.024261 121.283218
v -238.882721 246.286362 121.283226
v -239.817093 257.456848 121.283218
v -240.751434 258.889465 121.283218
v -244.080063 263.187225 121.283218
v -261.423950 274.647888 121.283218
v -245.598389 264.619812 121.283218
v -242.795334 261.754608 121.283218
v -238.882751 253.159134 121.283218
v -251.321259 268.917572 121.283218
v -238.882721 249.722733 121.283226
v -238.882751 242.849960 121.283226
v -247.408691 266.052368 121.283218
v -253.598755 270.350128 121.283218
v -238.882751 254.591721 121.283218
v -256.868988 271.782715 121.283218
v -222.224869 270.350128 121.283218
v -233.378662 261.754608 121.283218
v -237.466446 246.286362 121.283226
v -237.466446 254.591690 121.283218
v -236.707306 257.456848 121.283218
v -218.779434 271.782715 121.283218
v -225.027939 268.917572 121.283218
v -235.772949 258.889465 121.283218
v -227.246994 267.484985 121.283218
v -232.035553 263.187225 121.283218
v -234.780182 260.322021 121.283218
v -237.466446 253.159103 121.283218
v -237.466476 249.722733 121.283226
v -237.466446 242.849960 121.283226
v -214.224503 273.215302 121.283218
v -214.458054 274.647888 121.283218
v -229.057281 266.052368 121.283218
v -230.517212 264.619812 121.283218
v -237.466400 256.024231 121.283218
v -196.481400 274.647888 121.283218
v -177.093628 263.187164 121.283218
v -170.786758 254.591629 121.283218
v -180.363861 266.052338 121.283218
v -174.407349 260.321960 121.283218
v -172.305069 257.456818 121.283218
v -178.728729 264.619751 121.283218
v -190.700104 271.782715 121.283218
v -171.370728 256.024200 121.283218
v -185.035614 268.917572 121.283218
v -187.313080 270.350128 121.283218
v -170.436371 253.159042 121.283218
v -170.436371 249.722687 121.283226
v -170.436371 242.850052 121.283226
v -175.750488 261.754578 121.283218
v -173.297821 258.889404 121.283218
v -196.481400 273.215302 121.283218
v -182.407745 267.484924 121.283218
v -170.436371 246.286362 121.283226
v -165.049942 261.754578 121.283218
v -168.845718 256.024200 121.283218
v -169.312897 254.591629 121.283218
v -167.269012 258.889404 121.283218
v -156.348801 268.917572 121.283218
v -160.553391 266.052338 121.283218
v -144.961395 273.215302 121.283218
v -153.720932 270.350128 121.283218
v -166.217865 260.321960 121.283218
v -158.509491 267.484924 121.283218
v -168.261749 257.456818 121.283218
v -169.604889 253.159042 121.283218
v -169.604889 246.286362 121.283226
v -169.604889 249.722687 121.283226
v -169.604889 242.850052 121.283226
v -144.961395 274.647888 121.283218
v -162.188492 264.619751 121.283218
v -150.392319 271.782715 121.283218
v -163.765198 263.187164 121.283218
v -119.951241 270.350128 121.283173
v -104.592873 256.024139 121.283173
v -107.512711 260.321899 121.283173
v -103.775314 254.591553 121.283173
v -128.593994 274.647888 121.283173
v -115.045898 267.484924 121.283173
v -106.344780 258.889313 121.283173
v -111.483719 264.619720 121.283173
v -105.468826 257.456726 121.283173
v -117.323387 268.917542 121.283173
v -102.957764 253.158951 121.283173
v -123.396652 271.782715 121.283173
v -102.957748 249.722656 121.283180
v -102.957764 242.850098 121.283180
v -113.118797 266.052307 121.283173
v -109.848595 263.187134 121.283173
v -102.957771 246.286392 121.283180
v -128.477203 273.215302 121.283173
v -108.563858 261.754547 121.283173
v 92.649925 245.489807 121.283112
v 99.232315 262.739014 121.283104
v 92.649948 242.053543 121.283112
v 104.238968 267.186157 121.283104
v 102.310608 265.703766 121.283104
v 94.897659 255.327072 121.283104
v 97.207474 259.774200 121.283104
v 92.970757 248.926025 121.283112
v 98.113235 261.256592 121.283104
v 95.566513 256.809448 121.283104
v 96.417160 258.291840 121.283104
v 100.590553 264.221375 121.283104
v 111.059776 271.633331 121.283104
v 106.193344 268.668549 121.283104
v 116.120888 273.115753 121.283104
v 108.480560 270.150940 121.283104
v 93.713249 252.362289 121.283112
v 116.218163 274.598083 121.283104
v 94.159019 253.844681 121.283104
v 131.383591 274.598145 121.283081
v 155.346085 242.053726 121.283089
v 153.057144 255.327301 121.283081
v 146.835175 264.221527 121.283081
v 153.796570 253.844940 121.283081
v 136.250000 271.633392 121.283081
v 150.403717 259.774414 121.283081
v 155.346085 245.489990 121.283089
v 155.168900 248.926254 121.283089
v 141.603058 268.668640 121.283081
v 148.140442 262.739166 121.283081
v 131.578232 273.115753 121.283081
v 149.362030 261.256775 121.283081
v 139.267197 270.151001 121.283081
v 152.131470 256.809692 121.283081
v 143.654373 267.186249 121.283081
v 154.281265 252.362564 121.283089
v 151.316498 258.292023 121.283081
v 145.389496 265.703888 121.283081
v 157.080566 242.053726 121.283089
v 157.664520 253.844955 121.283081
v 162.686707 262.739166 121.283081
v 159.650101 258.292053 121.283081
v 179.096344 273.115753 121.283081
v 175.008530 271.633392 121.283081
v 157.080582 248.926300 121.283089
v 161.577194 261.256805 121.283081
v 160.467636 259.774414 121.283081
v 179.213135 274.598145 121.283081
v 171.971878 270.151001 121.283081
v 157.080582 245.490005 121.283089
v 165.548187 265.703918 121.283081
v 158.949295 256.809692 121.283081
v 158.306931 255.327347 121.283081
v 157.255783 252.362610 121.283089
v 167.241730 267.186310 121.283081
v 169.460846 268.668640 121.283081
v 163.971466 264.221558 121.283081
v 217.559799 242.053879 121.283089
v 214.639938 258.292267 121.283081
v 195.076904 274.598175 121.283081
v 206.464355 267.186401 121.283081
v 202.318130 270.151093 121.283081
v 195.252090 273.115814 121.283081
v 217.559799 248.926529 121.283089
v 217.559799 245.490219 121.283089
v 199.398285 271.633453 121.283081
v 204.654053 268.668732 121.283081
v 210.084961 264.221710 121.283081
v 208.449844 265.704041 121.283081
v 215.399109 256.809906 121.283081
v 212.712830 261.256989 121.283081
v 217.034225 253.845230 121.283081
v 217.559799 252.362885 121.283089
v 216.216675 255.327591 121.283081
v 213.763977 259.774597 121.283081
v 211.544891 262.739319 121.283081
v 218.953598 253.845261 121.283081
v 237.582245 271.633453 121.283081
v 242.545975 274.598175 121.283081
v 218.836792 242.053909 121.283089
v 231.859314 268.668732 121.283081
v 229.406647 267.186432 121.283081
v 218.836792 248.926559 121.283089
v 225.961243 264.221710 121.283081
v 234.428787 270.151093 121.283081
v 219.303955 255.327606 121.283081
v 222.107025 259.774628 121.283081
v 227.537918 265.704041 121.283081
v 242.604401 273.115814 121.283081
v 224.559723 262.739349 121.283081
v 220.121490 256.809967 121.283081
v 218.836792 252.362885 121.283089
v 223.274979 261.257019 121.283081
v 218.836792 245.490219 121.283089
v 221.114258 258.292267 121.283081
v 278.619080 262.739532 121.283035
v 277.100739 264.221832 121.283035
v 264.895721 271.633545 121.283035
v 286.444275 242.054092 121.283043
v 283.290833 256.810181 121.283035
v 268.457947 270.151184 121.283035
v 260.632721 274.598175 121.283035
v 286.210693 248.926834 121.283043
v 284.049988 255.327881 121.283035
v 280.020599 261.257202 121.283035
v 281.246918 259.774841 121.283035
v 271.144196 268.668884 121.283035
v 286.444275 245.490448 121.283043
v 275.407196 265.704193 121.283035
v 273.363281 267.186523 121.283035
v 285.276337 252.363205 121.283043
v 282.473267 258.292542 121.283035
v 260.632721 273.115875 121.283035
v 284.692352 253.845551 121.283035
v -275.486420 267.484985 121.283264
v -287.808197 260.322083 121.283264
v -293.706299 253.159180 121.283264
v -290.552826 257.456909 121.283264
v -291.662415 256.024323 121.283264
v -295.750153 246.286316 121.283272
v -289.443268 258.889496 121.283264
v -284.421173 263.187225 121.283264
v -282.260468 264.619812 121.283264
v -294.990997 249.722778 121.283272
v -286.173065 261.754639 121.283264
v -295.458160 242.849915 121.283272
v -279.807831 266.052399 121.283264
v -292.655121 254.591766 121.283264
v -246.063232 256.024261 121.283218
v -251.270279 261.754608 121.283218
v -242.218750 246.286362 121.283226
v -244.408646 253.159134 121.283218
v -262.317047 267.484985 121.283218
v -248.350433 258.889465 121.283218
v -253.022186 263.187225 121.283218
v -249.664383 260.322021 121.283218
v -243.094711 249.722733 121.283226
v -257.985962 266.052368 121.283218
v -242.218750 242.849960 121.283226
v -255.163422 264.619812 121.283218
v -247.085175 257.456848 121.283218
v -245.138611 254.591721 121.283218
v -222.159088 263.187225 121.283218
v -230.918610 254.591690 121.283218
v -216.786545 266.052368 121.283218
v -225.662903 260.322021 121.283218
v -228.524353 257.456848 121.283218
v -219.706421 264.619812 121.283218
v -229.750671 256.024231 121.283218
v -231.911377 253.159103 121.283218
v -233.488083 249.722733 121.283226
v -227.181198 258.889465 121.283218
v -224.086166 261.754608 121.283218
v -234.130447 242.849960 121.283226
v -211.472427 267.484985 121.283218
v -234.130447 246.286362 121.283226
v -180.779602 257.456818 121.283218
v -189.480743 264.619751 121.283218
v -182.297913 258.889404 121.283218
v -187.378448 263.187164 121.283218
v -185.509750 261.754578 121.283218
v -179.436462 256.024200 121.283218
v -178.326920 254.591629 121.283218
v -177.334183 253.159042 121.283218
v -192.283783 266.052338 121.283218
v -175.932648 249.722687 121.283226
v -197.305923 267.484924 121.283218
v -183.699432 260.321960 121.283218
v -174.998306 242.850052 121.283226
v -174.998306 246.286362 121.283226
v -164.517395 249.722687 121.283226
v -161.422363 256.024200 121.283218
v -165.451736 242.850052 121.283226
v -157.451340 260.321960 121.283218
v -162.239914 254.591629 121.283218
v -143.669678 267.484924 121.283218
v -158.969666 258.889404 121.283218
v -151.553253 264.619751 121.283218
v -160.312790 257.456818 121.283218
v -162.882294 253.159042 121.283218
v -148.750198 266.052338 121.283218
v -153.947525 263.187164 121.283218
v -165.510147 246.286362 121.283226
v -155.641037 261.754578 121.283218
v -121.901299 264.619720 121.283173
v -108.761978 249.722656 121.283180
v -107.944427 246.286392 121.283180
v -113.083359 257.456726 121.283173
v -116.061600 260.321899 121.283173
v -108.002823 242.850098 121.283180
v -110.747475 254.591583 121.283173
v -117.638306 261.754547 121.283173
v -130.193649 267.484924 121.283173
v -110.046700 253.158951 121.283173
v -196.481003 276.080475 121.283218
v -124.937927 266.052307 121.283173
v -114.426483 258.889313 121.283173
v -111.740227 256.024139 121.283173
v -119.507019 263.187134 121.283173
v -294.465424 239.413498 111.666908
v -243.094711 239.413498 111.666862
v -275.486420 267.484985 111.666901
v -287.808197 260.322083 111.666901
v -293.706299 253.159180 111.666901
v -290.552826 257.456909 111.666901
v -291.662415 256.024323 111.666901
v -295.750153 246.286316 111.666908
v -289.443268 258.889496 111.666901
v -284.421173 263.187225 111.666901
v -282.260468 264.619812 111.666901
v -294.990997 249.722778 111.666908
v -286.173065 261.754639 111.666901
v -295.458160 242.849915 111.666908
v -279.807831 266.052399 111.666901
v -292.655121 254.591766 111.666901
v -246.063232 256.024261 111.666855
v -251.270279 261.754608 111.666855
v -242.218750 246.286362 111.666862
v -244.408646 253.159134 111.666855
v -262.317047 267.484985 111.666855
v -248.350433 258.889465 111.666855
v -253.022186 263.187225 111.666855
v -249.664383 260.322021 111.666855
v -243.094711 249.722733 111.666862
v -257.985962 266.052368 111.666855
v -242.218750 242.849960 111.666862
v -255.163422 264.619812 111.666855
v -247.085175 257.456848 111.666855
v -245.138611 254.591721 111.666855
v -174.998306 239.413498 111.690086
v -233.488083 239.413498 111.690086
v -222.159088 263.187225 111.690079
v -230.918610 254.591690 111.690079
v -216.786545 266.052368 111.690079
v -225.662903 260.322021 111.690079
v -228.524353 257.456848 111.690079
v -219.706421 264.619812 111.690079
v -229.750671 256.024231 111.690079
v -231.911377 253.159103 111.690079
v -233.488083 249.722733 111.690086
v -227.181198 258.889465 111.690079
v -224.086166 261.754608 111.690079
v -234.130447 242.849960 111.690086
v -211.472427 267.484985 111.690079
v -234.130447 246.286362 111.690086
v -180.779602 257.456818 111.690079
v -189.480743 264.619751 111.690079
v -182.297913 258.889404 111.690079
v -187.378448 263.187164 111.690079
v -185.509750 261.754578 111.690079
v -179.436462 256.024200 111.690079
v -178.326920 254.591629 111.690079
v -177.334183 253.159042 111.690079
v -192.283783 266.052338 111.690079
v -175.932648 249.722687 111.690086
v -197.305923 267.484924 111.690079
v -183.699432 260.321960 111.690079
v -174.998306 242.850052 111.690086
v -174.998306 246.286362 111.690086
v -108.878777 239.413498 111.685570
v -164.926178 239.413498 111.685570
v -164.517395 249.722687 111.685593
v -161.422363 256.024200 111.685585
v -165.451736 242.850052 111.685593
v -157.451340 260.321960 111.685585
v -162.239914 254.591629 111.685585
v -143.669678 267.484924 111.685585
v -158.969666 258.889404 111.685585
v -151.553253 264.619751 111.685585
v -160.312790 257.456818 111.685585
v -162.882294 253.159042 111.685585
v -148.750198 266.052338 111.685585
v -153.947525 263.187164 111.685585
v -165.510147 246.286362 111.685593
v -155.641037 261.754578 111.685585
v -121.901299 264.619720 111.685562
v -108.761978 249.722656 111.685570
v -107.944427 246.286392 111.685570
v -113.083359 257.456726 111.685562
v -116.061600 260.321899 111.685562
v -108.002823 242.850098 111.685570
v -110.747475 254.591583 111.685562
v -117.638306 261.754547 111.685562
v -130.193649 267.484924 111.685562
v -110.046700 253.158951 111.685562
v -124.937927 266.052307 111.685562
v -114.426483 258.889313 111.685562
v -111.740227 256.024139 111.685562
v -119.507019 263.187134 111.685562
v -243.094803 233.588043 121.283226
v -294.465424 233.588089 121.283272
v -164.926071 233.587967 121.283180
v -233.487991 233.588013 121.283226
v -306.555054 233.588104 121.283272
v -174.997986 233.587967 121.283226
v -97.036858 233.587875 121.283180
v -108.878777 233.587891 121.283180
v -243.094849 233.587967 118.732788
v -243.094879 233.587784 111.689240
v -174.997833 233.587967 111.689217
v -174.997818 233.587967 118.732788
v -108.878792 233.587830 118.732742
v -108.878792 233.587601 111.689194
v -164.926025 233.587875 111.689217
v -164.926010 233.587967 118.732742
v -233.487946 233.587692 118.732788
v -233.487961 233.586868 111.689240
v -294.465424 233.587753 118.732811
v -294.465454 233.586823 111.689262
v 105.147575 259.774231 121.283104
v 106.558846 261.256653 121.283104
v 98.529243 242.053589 121.283112
v 98.529259 245.489807 121.283112
v 102.811691 256.809448 121.283104
v 108.213440 262.739044 121.283104
v 99.113220 248.926071 121.283112
v 103.882317 258.291840 121.283104
v 116.632339 267.186157 121.283104
v 100.086502 252.362320 121.283112
v 110.305984 264.221405 121.283104
v 112.982491 265.703766 121.283104
v 100.816460 253.844681 121.283104
v 101.692429 255.327103 121.283104
v 147.387466 253.844940 121.283081
v 144.272934 258.292023 121.283081
v 149.577362 242.053696 121.283089
v 130.938965 267.186249 121.283081
v 149.674667 245.489960 121.283089
v 149.090714 248.926254 121.283089
v 146.511505 255.327301 121.283081
v 137.751938 264.221527 121.283081
v 145.440887 256.809631 121.283081
v 143.153671 259.774384 121.283081
v 148.020096 252.362549 121.283089
v 134.978088 265.703857 121.283081
v 139.941818 262.739136 121.283081
v 141.693756 261.256775 121.283081
v 161.761154 245.490036 121.283089
v 173.674149 264.221558 121.283081
v 176.652405 265.703918 121.283081
v 166.199341 256.809723 121.283081
v 169.878357 261.256836 121.283081
v 161.761154 242.053741 121.283089
v 162.286728 248.926300 121.283089
v 164.213837 253.844986 121.283081
v 165.148193 255.327347 121.283081
v 168.476822 259.774414 121.283081
v 171.630264 262.739166 121.283081
v 167.308868 258.292084 121.283081
v 163.571457 252.362610 121.283089
v 180.389832 267.186310 121.283081
v 210.462555 253.845215 121.283081
v 201.060638 264.221710 121.283081
v 209.645004 255.327591 121.283081
v 198.724747 265.704041 121.283081
v 212.331253 248.926529 121.283089
v 212.740067 242.053864 121.283089
v 206.316376 259.774597 121.283081
v 208.944244 256.809906 121.283081
v 195.045715 267.186401 121.283081
v 203.221329 262.739319 121.283081
v 205.148407 261.256958 121.283081
v 213.090439 245.490219 121.283089
v 211.163330 252.362839 121.283089
v 207.659500 258.292236 121.283081
v 179.213150 276.080505 121.283081
v 226.891754 255.327637 121.283081
v 225.198212 252.362930 121.283089
v 230.512375 259.774658 121.283081
v 232.264282 261.257019 121.283081
v 223.271118 242.053909 121.283089
v 223.154327 245.490234 121.283089
v 239.271912 265.704041 121.283081
v 244.118896 267.186432 121.283081
v 229.227615 258.292297 121.283081
v 225.898987 253.845276 121.283081
v 234.191376 262.739349 121.283081
v 236.410461 264.221710 121.283081
v 228.059662 256.809967 121.283081
v 223.855072 248.926575 121.283089
v 269.270538 262.739502 121.283035
v 279.840424 245.490448 121.283043
v 276.686981 255.327866 121.283035
v 278.146942 252.363190 121.283043
v 279.957245 242.054047 121.283043
v 266.934692 264.221832 121.283035
v 264.014832 265.704163 121.283035
v 259.167847 267.186523 121.283035
v 272.949585 259.774841 121.283035
v 275.635864 256.810181 121.283035
v 274.467896 258.292480 121.283035
v 271.139252 261.257202 121.283035
v 279.314880 248.926804 121.283043
v 277.562927 253.845505 121.283035
v 99.843178 238.617264 111.670998
v 148.750046 238.617264 111.670998
v 105.147575 259.774231 111.670990
v 106.558846 261.256653 111.670990
v 98.529243 242.053589 111.670998
v 98.529259 245.489807 111.670998
v 102.811691 256.809448 111.670990
v 108.213440 262.739044 111.670990
v 99.113220 248.926071 111.670998
v 103.882317 258.291840 111.670990
v 116.632339 267.186157 111.670990
v 100.086502 252.362320 111.670998
v 110.305984 264.221405 111.670990
v 112.982491 265.703766 111.670990
v 100.816460 253.844681 111.670990
v 101.692429 255.327103 111.670990
v 147.387466 253.844940 111.670944
v 144.272934 258.292023 111.670944
v 149.577362 242.053696 111.670952
v 130.938965 267.186249 111.670944
v 149.674667 245.489960 111.670952
v 149.090714 248.926254 111.670952
v 146.511505 255.327301 111.670944
v 137.751938 264.221527 111.670944
v 145.440887 256.809631 111.670944
v 143.153671 259.774384 111.670944
v 148.020096 252.362549 111.670952
v 134.978088 265.703857 111.670944
v 139.941818 262.739136 111.670944
v 141.693756 261.256775 111.670944
v 162.286743 238.617264 111.687309
v 211.630539 238.617264 111.687263
v 161.761154 245.490036 111.687263
v 173.674149 264.221558 111.687256
v 176.652405 265.703918 111.687256
v 166.199341 256.809723 111.687256
v 169.878357 261.256836 111.687256
v 161.761154 242.053741 111.687263
v 162.286728 248.926300 111.687263
v 164.213837 253.844986 111.687256
v 165.148193 255.327347 111.687256
v 168.476822 259.774414 111.687256
v 171.630264 262.739166 111.687256
v 167.308868 258.292084 111.687256
v 163.571457 252.362610 111.687263
v 180.389832 267.186310 111.687256
v 210.462555 253.845215 111.687256
v 201.060638 264.221710 111.687256
v 209.645004 255.327591 111.687256
v 198.724747 265.704041 111.687256
v 212.331253 248.926529 111.687263
v 212.740067 242.053864 111.687263
v 206.316376 259.774597 111.687256
v 208.944244 256.809906 111.687256
v 195.045715 267.186401 111.687256
v 203.221329 262.739319 111.687256
v 205.148407 261.256958 111.687256
v 213.090439 245.490219 111.687263
v 211.163330 252.362839 111.687263
v 207.659500 258.292236 111.687256
v 279.314880 238.617264 111.736443
v 223.855072 238.617264 111.736488
v 226.891754 255.327637 111.736481
v 225.198212 252.362930 111.736488
v 230.512375 259.774658 111.736481
v 232.264282 261.257019 111.736481
v 223.271118 242.053909 111.736488
v 223.154327 245.490234 111.736488
v 239.271912 265.704041 111.736481
v 244.118896 267.186432 111.736481
v 229.227615 258.292297 111.736481
v 225.898987 253.845276 111.736481
v 234.191376 262.739349 111.736481
v 236.410461 264.221710 111.736481
v 228.059662 256.809967 111.736481
v 223.855072 248.926575 111.736488
v 269.270538 262.739502 111.736435
v 279.840424 245.490448 111.736443
v 276.686981 255.327866 111.736435
v 278.146942 252.363190 111.736443
v 279.957245 242.054047 111.736443
v 266.934692 264.221832 111.736435
v 264.014832 265.704163 111.736435
v 259.167847 267.186523 111.736435
v 272.949585 259.774841 111.736435
v 275.635864 256.810181 111.736435
v 274.467896 258.292480 111.736435
v 271.139252 261.257202 111.736435
v 279.314880 248.926804 111.736443
v 277.562927 253.845505 111.736435
v 99.843170 234.358063 118.732674
v 99.843170 234.358154 111.689125
v 162.286682 234.358047 118.732674
v 162.286667 234.357971 111.689102
v 223.854950 234.358109 118.732628
v 223.854935 234.358139 111.689102
v 148.749969 234.357727 111.689102
v 148.749969 234.357971 118.732674
v 211.630508 234.358017 118.732628
v 211.630493 234.357880 111.689102
v 279.314789 234.357834 111.689079
v 279.314789 234.358017 118.732605
v 336.239868 273.660553 -52.827938
v 324.702637 233.888306 -166.024109
v 336.239807 251.880646 -85.189041
v 336.239868 261.560638 -29.937939
v 332.081024 233.888596 -102.081650
v 336.239746 239.780609 -296.789001
v 336.239746 271.240540 -315.261414
v 336.239746 242.200638 -296.789001
v 336.239746 244.620605 -296.031738
v 336.239746 263.980560 -286.892761
v 336.239746 242.200638 -296.031738
v 336.239746 256.720551 -293.163666
v 336.239746 261.560547 -289.323334
v 336.239807 263.980621 -73.512955
v 336.239868 256.720642 -26.577852
v 324.702667 233.888641 -102.081650
v 336.239807 247.040665 -87.289055
v 336.239868 239.780716 -23.567751
v 332.081024 233.888504 -30.504347
v 336.239746 247.040604 -296.031738
v 336.239746 268.820526 -280.038544
v 336.239746 273.660522 -265.989807
v 336.239746 251.880600 -295.691437
v 336.239807 261.560577 -77.208969
v 336.239868 242.200699 -23.567787
v 324.702667 233.888367 -30.504347
v 336.239807 268.820557 -63.264896
v 336.239868 247.040695 -23.567833
v 336.239746 233.888580 -288.660034
v 336.239746 239.780609 -296.031738
v 336.239746 259.140533 -291.316406
v 336.239746 254.300598 -294.622009
v 336.239746 249.460602 -296.031738
v 336.239746 266.400543 -283.830231
v 336.239746 271.240540 -275.080139
v 336.239746 251.880600 -288.368378
v 336.239746 268.820526 -263.770966
v 336.239746 259.140533 -283.021118
v 336.239746 244.620605 -290.069763
v 336.239746 254.300598 -287.153076
v 336.239746 263.980560 -276.701630
v 336.239746 266.400543 -271.500183
v 336.239746 247.040604 -290.069794
v 336.239746 261.560547 -280.396088
v 336.239746 239.780609 -288.660034
v 336.239746 256.720551 -285.354462
v 336.239746 249.460602 -289.340607
v 336.239746 256.720551 -235.178284
v 336.239746 244.620636 -230.068222
v 336.239746 261.560547 -239.868317
v 336.239746 266.400543 -248.758362
v 336.239746 251.880630 -232.028275
v 336.239746 249.460602 -231.118240
v 336.239746 254.300598 -233.428268
v 336.239746 259.140533 -237.278320
v 336.239746 239.780655 -231.398224
v 336.239746 247.040634 -230.488220
v 336.239746 268.820526 -256.878479
v 336.239746 242.200638 -230.278198
v 336.239746 263.980560 -243.648331
v 336.239746 273.660522 -258.208466
v 336.239746 263.980560 -232.678833
v 336.239868 259.140625 -28.047819
v 336.239868 273.660553 -19.534681
v 336.239716 273.660522 -368.292511
v 336.239807 256.720642 -81.828995
v 336.239868 251.880661 -24.197836
v 336.239807 233.888596 -87.289055
v 336.239746 251.880630 -225.258804
v 336.239746 271.240540 -243.948959
v 336.239807 242.200699 -87.289055
v 336.239746 247.040634 -225.258759
v 336.239807 259.140625 -79.645035
v 336.239868 263.980621 -32.037884
v 336.239777 233.888535 -166.024109
v 336.239807 249.460663 -86.448997
v 336.239868 244.620712 -23.567787
v 336.239746 233.888580 -301.066681
v 336.239746 259.140533 -228.478806
v 336.239746 256.720551 -226.938766
v 336.239746 249.460602 -225.258774
v 336.239746 261.560547 -230.438828
v 336.239746 268.820526 -239.188904
v 336.239746 239.780655 -225.258804
v 336.239746 244.620636 -225.258804
v 336.239746 254.300598 -225.748795
v 336.239746 266.400543 -235.338852
v 336.239746 242.200638 -225.258804
v 336.239746 266.400574 -201.333801
v 336.239746 268.820557 -194.742081
v 336.239807 266.400574 -68.724968
v 336.239746 254.300598 -215.042221
v 336.239746 263.980560 -205.942169
v 336.239746 239.780655 -217.200577
v 336.239746 256.720551 -213.292221
v 336.239807 254.300644 -83.677025
v 336.239868 266.400574 -34.627796
v 336.239807 233.888596 -30.504347
v 336.239807 244.620667 -87.457016
v 336.239868 268.820557 -38.617954
v 336.239777 233.888535 -152.662994
v 336.239746 242.200638 -217.900589
v 336.239746 261.560547 -209.208847
v 336.239746 259.140533 -211.425537
v 336.239868 266.400574 -47.514366
v 336.239868 249.460663 -23.567833
v 336.239807 233.888580 -102.081650
v 336.239868 239.780716 -30.504370
v 336.239868 254.300659 -25.107794
v 336.239777 233.888580 -217.200592
v 336.239746 247.040634 -217.492249
v 336.239746 244.620636 -217.900589
v 336.239777 242.200653 -161.167160
v 336.239868 271.240570 -43.377953
v 336.239777 249.460632 -161.167160
v 336.239777 244.620651 -161.167160
v 336.239777 263.980621 -167.700546
v 336.239777 237.360748 -222.441696
v 336.239777 268.820557 -173.475601
v 336.239777 259.140625 -163.850510
v 336.239777 273.660553 -186.834030
v 336.239777 251.880630 -161.167160
v 336.239777 239.780655 -161.167160
v 336.239777 254.300598 -161.400482
v 336.239777 247.040634 -161.167160
v 336.239777 261.560577 -165.542191
v 336.239777 266.400574 -170.033890
v 336.239777 256.720612 -162.450500
v 336.239777 271.240570 -177.442276
v 336.239777 237.360779 -159.951309
v 336.239777 242.200653 -165.440796
v 336.239777 249.460632 -166.140778
v 336.239777 244.620651 -165.382431
v 336.239746 237.360748 -296.031738
v 336.239777 263.980621 -177.340881
v 336.239777 268.820557 -189.707611
v 336.239777 259.140625 -171.799164
v 336.239777 251.880630 -167.015778
v 336.239777 239.780655 -166.024124
v 336.239777 254.300598 -168.299118
v 336.239777 247.040634 -165.440750
v 336.239777 261.560577 -174.190826
v 336.239777 266.400574 -181.715912
v 336.239777 256.720612 -169.932465
v 336.239777 256.720612 -157.442947
v 336.239777 259.140625 -155.926270
v 336.239868 247.040695 -29.613152
v 336.239777 242.200653 -159.951309
v 336.239777 247.040634 -159.951294
v 336.239777 268.820557 -145.892883
v 336.239868 259.140625 -36.524410
v 336.239777 261.560577 -154.001266
v 336.239777 251.880630 -159.542984
v 336.239777 254.300598 -158.609634
v 336.239777 263.980621 -151.726273
v 336.239777 271.240570 -141.459534
v 336.239777 266.400574 -149.392929
v 336.239777 239.780655 -159.951309
v 336.239868 263.980621 -42.474339
v 336.239777 249.460632 -159.951340
v 336.239777 273.660553 -133.409470
v 336.239777 244.620651 -159.951355
v 336.239868 249.460663 -30.504303
v 336.239777 256.720612 -149.979645
v 336.239777 263.980621 -142.104553
v 336.239777 249.460632 -153.596329
v 336.239777 259.140625 -147.704575
v 336.239807 237.360794 -92.499214
v 336.239777 266.400574 -137.379517
v 336.239777 244.620651 -154.529648
v 336.239777 247.040634 -154.413055
v 336.239777 239.780655 -152.663025
v 336.239777 261.560577 -145.429596
v 336.239777 251.880630 -152.663025
v 336.239777 254.300598 -151.496323
v 336.239777 242.200653 -154.588043
v 336.239777 268.820557 -130.787811
v 336.239807 237.360794 -94.771477
v 336.239807 261.560577 -109.256729
v 336.239807 242.200699 -100.401604
v 336.239807 268.820557 -125.065140
v 336.239807 251.880630 -102.081650
v 336.239807 249.460648 -101.148300
v 336.239807 256.720642 -104.765038
v 336.239807 259.140625 -106.806648
v 336.239807 247.040665 -100.506599
v 336.239807 266.400574 -117.365067
v 336.239807 244.620667 -100.156631
v 336.239777 237.360779 -161.167160
v 336.239777 237.360748 -225.258804
v 336.239807 263.980621 -112.640030
v 336.239807 254.300629 -103.248322
v 336.239807 239.780685 -102.081612
v 336.239807 266.400574 -105.213211
v 336.239807 256.720642 -97.396461
v 336.239807 271.240570 -113.029900
v 336.239807 239.780701 -94.771484
v 336.239746 237.360748 -296.789001
v 336.239807 242.200699 -94.771484
v 336.239807 254.300644 -96.288094
v 336.239807 273.660553 -122.829971
v 336.239807 247.040665 -94.771423
v 336.239807 251.880646 -95.471451
v 336.239807 263.980621 -102.588142
v 336.239807 244.620667 -94.771469
v 336.239807 259.140625 -98.621445
v 336.239807 237.360748 -23.567785
v 336.239807 261.560577 -100.254807
v 336.239807 249.460663 -94.771469
v 336.239807 268.820557 -108.596527
v 336.239868 261.560638 -38.834343
v 336.239746 251.880630 -216.150558
v 336.239868 251.880661 -31.557615
v 336.239868 244.620712 -29.410578
v 336.239746 266.400543 -212.816574
v 336.239746 268.820526 -209.316544
v 336.239746 254.300598 -221.858322
v 336.239746 271.240540 -205.116516
v 336.239868 242.200699 -29.496305
v 336.239868 268.820557 -53.114445
v 336.239746 263.980560 -215.149918
v 336.239868 254.300659 -32.732361
v 336.239868 256.720642 -34.433750
v 336.239746 239.780655 -222.441650
v 336.239746 256.720551 -220.983307
v 336.239746 242.200638 -222.441666
v 336.239746 261.560547 -217.249939
v 336.239746 259.140533 -219.174957
v 336.239746 247.040634 -222.441696
v 336.239746 244.620636 -222.441666
v 336.239746 249.460602 -222.441666
v 336.239746 251.880630 -222.441666
v 336.239807 273.660553 -65.199028
v 336.239807 271.240570 -72.507111
v 336.239746 249.460602 -217.083923
v 336.239807 263.980621 -83.343170
v 336.239807 254.300644 -90.651184
v 336.239807 261.560577 -85.779182
v 336.239807 242.200699 -92.499191
v 336.239807 247.040665 -92.499153
v 336.239807 256.720642 -89.307213
v 336.239807 268.820557 -77.547096
v 336.239807 259.140625 -87.879189
v 336.239746 242.200638 -290.118408
v 336.239807 251.880646 -91.491165
v 336.239807 249.460663 -91.995186
v 336.239716 256.720551 -355.677582
v 336.239807 266.400574 -80.739136
v 336.239807 244.620667 -92.499168
v 336.239716 237.360672 -365.720062
v 336.239746 249.460602 -296.789001
v 336.239746 268.820526 -310.011322
v 336.239746 244.620605 -296.789001
v 336.239746 266.400543 -305.976593
v 336.239746 273.660522 -324.886475
v 336.239746 263.980560 -302.914032
v 336.239746 259.140533 -298.636230
v 336.239746 261.560547 -300.580688
v 336.239746 254.300598 -296.789001
v 336.239746 247.040604 -296.789001
v 336.239746 251.880600 -296.789001
v 336.239746 261.560547 -310.108490
v 336.239746 268.820526 -328.191956
v 336.239746 254.300583 -303.691742
v 336.239746 244.620605 -300.434753
v 336.239746 242.200638 -300.580566
v 336.239746 247.040604 -300.775055
v 336.239746 266.400543 -319.490448
v 336.239777 233.888580 -231.398224
v 336.239746 251.880600 -302.184753
v 336.239868 233.888596 -19.534174
v 336.239746 239.780609 -301.066681
v 336.239746 263.980560 -313.997345
v 336.239746 256.720551 -305.295898
v 336.239746 259.140533 -307.580627
v 336.239746 249.460602 -301.261169
v 336.239716 266.400513 -342.025848
v 336.239716 261.560547 -350.816437
v 336.239716 259.140533 -353.611572
v 336.239716 233.888565 -368.293396
v 336.239716 268.820526 -333.640350
v 336.239716 249.460571 -359.607025
v 336.239716 251.880569 -358.756348
v 336.239716 254.300568 -357.460022
v 336.239716 233.888565 -359.282928
v 336.239716 244.620590 -360.538727
v 336.239716 239.780594 -359.282928
v 336.239716 242.200577 -360.457733
v 336.239716 263.980530 -347.089569
v 336.239716 247.040573 -360.295685
v 336.239716 247.040573 -365.720062
v 336.239716 254.300568 -364.909882
v 336.239716 261.560547 -359.967682
v 336.239716 273.660522 -336.269562
v 336.239716 259.140533 -362.114716
v 336.239716 256.720551 -363.775604
v 336.239716 244.620590 -365.720062
v 336.239716 271.240540 -345.991882
v 336.239716 239.780594 -365.720062
v 336.239716 268.820526 -350.650482
v 336.239716 242.200577 -365.720062
v 336.239716 249.460571 -365.720062
v 336.239716 263.980530 -357.658630
v 336.239716 251.880569 -365.720062
v 336.239716 266.400513 -354.579895
v -336.239899 213.788162 -378.019562
v -336.239899 213.788162 -356.512238
v -336.239868 213.788162 -323.960144
v -336.239868 213.788177 -298.384064
v -336.239807 213.788177 -261.182098
v -336.239807 213.788177 -230.374130
v -336.239777 213.788177 -193.753464
v -336.239777 213.788177 -161.201660
v -336.239777 213.788177 -129.812332
v -336.239746 6.388627 -129.812454
v -336.239746 6.388624 -161.201843
v -336.239746 6.388622 -193.753433
v -336.239746 6.388619 -230.374069
v -336.239746 6.388617 -261.181946
v -336.239777 6.388614 -298.384186
v -336.239777 6.388612 -323.960205
v -336.239777 6.388610 -356.512238
v -336.239899 6.388597 -533.221619
v -336.239868 6.388600 -484.975281
v -336.239868 6.388602 -461.724030
v -336.239807 6.388604 -427.428406
v -336.239807 6.388606 -411.152588
v -336.239777 6.388608 -378.019531
v 324.694122 237.360794 -30.504347
v 324.694122 237.360794 -87.289055
v 324.694122 239.780701 -87.289055
v 324.694122 251.880646 -85.189041
v 324.694122 263.980621 -73.512955
v 324.694122 247.040665 -87.289055
v 324.694122 261.560577 -77.208969
v 324.694122 268.820557 -63.264896
v 324.694122 256.720642 -81.828995
v 324.694122 242.200699 -87.289055
v 324.694122 259.140625 -79.645035
v 324.694122 249.460663 -86.448997
v 324.694122 266.400574 -68.724968
v 324.694122 254.300644 -83.677025
v 324.694122 244.620667 -87.457016
v 324.694153 266.400574 -47.514366
v 324.694153 239.780716 -30.504370
v 324.694153 247.040695 -29.613152
v 324.694153 259.140625 -36.524410
v 324.694153 263.980621 -42.474339
v 324.694153 249.460663 -30.504303
v 324.694153 261.560638 -38.834343
v 324.694153 251.880661 -31.557615
v 324.694153 244.620712 -29.410578
v 324.694153 242.200699 -29.496305
v 324.694153 268.820557 -53.114445
v 324.694153 254.300659 -32.732361
v 324.694153 256.720642 -34.433750
v 324.699493 237.360779 -102.081650
v 324.699463 237.360779 -152.662994
v 324.699463 256.720612 -149.979645
v 324.699463 263.980621 -142.104553
v 324.699463 249.460632 -153.596329
v 324.699463 259.140625 -147.704575
v 324.699463 266.400574 -137.379517
v 324.699463 244.620651 -154.529648
v 324.699463 247.040634 -154.413055
v 324.699463 239.780655 -152.663025
v 324.699463 261.560577 -145.429596
v 324.699463 251.880630 -152.663025
v 324.699463 254.300598 -151.496323
v 324.699463 242.200653 -154.588043
v 324.699463 268.820557 -130.787811
v 324.699493 261.560577 -109.256729
v 324.699493 242.200699 -100.401604
v 324.699493 268.820557 -125.065140
v 324.699493 251.880630 -102.081650
v 324.699493 249.460648 -101.148300
v 324.699493 256.720642 -104.765038
v 324.699493 259.140625 -106.806648
v 324.699493 247.040665 -100.506599
v 324.699493 266.400574 -117.365067
v 324.699493 244.620667 -100.156631
v 324.699493 263.980621 -112.640030
v 324.699493 254.300629 -103.248322
v 324.699493 239.780685 -102.081612
v 336.239807 276.080536 -133.409470
v 324.683685 237.360779 -166.024109
v 324.683685 237.360748 -217.200592
v 324.683624 266.400574 -201.333801
v 324.683624 268.820557 -194.742081
v 324.683624 254.300598 -215.042221
v 324.683624 263.980560 -205.942169
v 324.683624 239.780655 -217.200577
v 324.683624 256.720551 -213.292221
v 324.683624 242.200638 -217.900589
v 324.683624 261.560547 -209.208847
v 324.683624 259.140533 -211.425537
v 324.683624 247.040634 -217.492249
v 324.683624 244.620636 -217.900589
v 324.683685 242.200653 -165.440796
v 324.683685 249.460632 -166.140778
v 324.683685 244.620651 -165.382431
v 324.683685 263.980621 -177.340881
v 324.683685 268.820557 -189.707611
v 324.683685 259.140625 -171.799164
v 324.683685 251.880630 -167.015778
v 324.683685 239.780655 -166.024124
v 324.683685 254.300598 -168.299118
v 324.683685 247.040634 -165.440750
v 324.683685 261.560577 -174.190826
v 324.683685 266.400574 -181.715912
v 324.683685 256.720612 -169.932465
v 324.683624 251.880630 -216.150558
v 324.683624 249.460602 -217.083923
v 324.752533 237.360748 -288.660034
v 324.752563 237.360748 -231.398239
v 324.752533 251.880600 -288.368378
v 324.752533 268.820526 -263.770966
v 324.752533 259.140533 -283.021118
v 324.752533 244.620605 -290.069763
v 324.752533 254.300598 -287.153076
v 324.752533 263.980560 -276.701630
v 324.752533 266.400543 -271.500183
v 324.752533 247.040604 -290.069794
v 324.752533 261.560547 -280.396088
v 324.752533 239.780609 -288.660034
v 324.752533 256.720551 -285.354462
v 324.752533 249.460602 -289.340607
v 324.752533 256.720551 -235.178284
v 324.752533 244.620636 -230.068222
v 324.752533 261.560547 -239.868317
v 324.752533 266.400543 -248.758362
v 324.752533 251.880630 -232.028275
v 324.752533 249.460602 -231.118240
v 324.752533 254.300598 -233.428268
v 324.752533 259.140533 -237.278320
v 324.752533 239.780655 -231.398224
v 324.752533 247.040634 -230.488220
v 324.752533 268.820526 -256.878479
v 324.752533 242.200638 -230.278198
v 324.752533 263.980560 -243.648331
v 324.752533 242.200638 -290.118408
v 336.239746 276.080505 -258.207947
v 324.716888 237.360733 -359.282928
v 324.716919 237.360748 -301.066681
v 324.716888 256.720551 -355.677582
v 324.716919 261.560547 -310.108490
v 324.716919 268.820526 -328.191956
v 324.716919 254.300583 -303.691742
v 324.716919 244.620605 -300.434753
v 324.716919 242.200638 -300.580566
v 324.716919 247.040604 -300.775055
v 324.716919 266.400543 -319.490448
v 324.716919 251.880600 -302.184753
v 324.716919 239.780609 -301.066681
v 324.716919 263.980560 -313.997345
v 324.716919 256.720551 -305.295898
v 324.716919 259.140533 -307.580627
v 324.716919 249.460602 -301.261169
v 324.716888 266.400513 -342.025848
v 324.716888 261.560547 -350.816437
v 324.716888 259.140533 -353.611572
v 324.716888 268.820526 -333.640350
v 324.716888 249.460571 -359.607025
v 324.716888 251.880569 -358.756348
v 324.716888 254.300568 -357.460022
v 324.716888 244.620590 -360.538727
v 324.716888 239.780594 -359.282928
v 324.716888 242.200577 -360.457733
v 324.716888 263.980530 -347.089569
v 324.716888 247.040573 -360.295685
v 332.081024 233.888443 -231.398224
v 324.702637 233.888168 -231.398224
v 324.702576 233.888824 -301.066681
v 332.080963 233.888672 -301.066681
v 332.081024 233.888458 -87.289040
v 324.702667 233.888184 -87.289040
v 332.081024 233.888397 -152.662994
v 324.702637 233.888168 -152.662994
v 332.081024 233.888504 -217.200592
v 324.702637 233.888397 -217.200592
v 324.702576 233.888184 -288.660034
v 332.080963 233.888443 -288.660034
v 332.080933 233.888489 -359.282928
v 324.702576 233.888382 -359.282928
v 336.239746 276.080505 -253.389587
v 336.239807 276.080536 -122.829971
v 336.239777 273.660553 -194.742081
v 336.239746 273.660522 -253.389908
v 339.467346 90.115242 -295.728455
v 319.315094 99.770706 -569.543518
v 319.315094 99.776649 -617.937683
v 319.315094 105.816048 -580.663025
v 319.315094 105.758514 -606.431335
v 319.315094 105.429710 -663.885803
v 319.314972 105.071297 -685.319092
v 319.315094 99.941254 -593.492188
v 319.315094 91.707634 -572.197876
v 305.540833 91.707634 -572.198364
v 312.427979 92.474670 -614.780151
v 305.540802 81.487679 -623.882202
v 319.315094 81.484581 -623.886597
v 305.540802 99.955086 -593.448303
v 319.315033 82.787949 -704.318298
v 305.540771 82.787949 -704.315063
v 319.315094 97.443245 -663.445435
v 305.540771 97.443245 -663.448120
v 319.315033 97.237091 -688.077148
v 305.540771 97.237091 -688.074646
v 319.314972 101.051353 -697.236877
v 319.315094 100.437363 -652.441284
v 321.389618 3.161406 -559.462280
v 321.389618 -0.065864 -559.462280
v 136.872192 78.491753 -725.522278
v 136.872131 -0.065876 -725.522278
v 199.636276 78.491753 -725.522339
v 199.636292 -0.065876 -725.522339
v 136.872162 45.147064 -725.522278
v 199.636276 45.147053 -725.522339
v -34.030262 -0.065876 -725.522278
v -34.030228 78.491753 -725.522278
v 30.592150 78.491753 -725.522278
v 30.592123 -0.065876 -725.522278
v -34.030243 45.536880 -725.522278
v 30.592138 45.536880 -725.522278
v -224.157593 78.491753 -725.522156
v -224.157547 -0.065876 -725.522156
v -158.778214 78.491753 -725.522156
v -158.778214 -0.065876 -725.522156
v -224.157578 45.584782 -725.522156
v -158.778214 45.584793 -725.522156
v 347.658112 218.357330 -398.772308
v 347.658112 271.869171 -398.772522
v 347.658112 141.549622 -398.771942
v 347.658112 213.788162 -398.772247
v 347.658112 276.080505 -398.772522
v 347.658112 196.860931 -398.772186
v 347.658081 271.869171 -494.016693
v 347.658081 276.080505 -494.016724
v 347.658081 141.549622 -494.015045
v 347.658081 213.788162 -494.015991
v 347.658081 218.357330 -494.016052
v 347.658081 196.860901 -494.015686
v 347.658112 200.275497 -433.978699
v 347.658112 200.275742 -398.772217
v 347.658081 200.275040 -490.668060
v 347.658112 200.275711 -401.912140
v 347.658081 200.275024 -494.015778
v 347.658112 200.275299 -458.028473
v 347.658112 213.788162 -437.485474
v 347.658112 271.869171 -437.486115
v 347.658112 196.860901 -437.485291
v 347.658112 141.549622 -437.484711
v 347.658112 276.080505 -437.486206
v 347.658112 200.275452 -437.485291
v 347.658112 218.357330 -437.485565
v 347.658112 196.860901 -455.082703
v 347.658112 271.869171 -455.083405
v 347.658112 213.788162 -455.082886
v 347.658112 141.549622 -455.082214
v 347.658112 276.080505 -455.083435
v 347.658112 200.275314 -455.082703
v 347.658112 218.357330 -455.082916
v 347.658112 116.730629 -437.484070
v 347.658112 116.730621 -455.081482
v 347.658081 116.730621 -494.013855
v 347.658112 138.432999 -433.978699
v 347.658081 138.432999 -490.668060
v 347.658081 138.432999 -494.014954
v 347.658112 138.432999 -401.912140
v 347.658112 138.432999 -437.484619
v 347.658112 138.432999 -398.771942
v 347.658112 138.432999 -458.028473
v 347.658112 138.432999 -455.082123
v 314.761200 146.527618 -547.432190
v 314.761292 276.080505 -547.432190
v 283.246063 276.080505 -547.432190
v 229.891449 276.080505 -547.432129
v 196.441010 276.080505 -547.432129
v 196.441772 146.527618 -547.432129
v 229.891388 146.527618 -547.432129
v 283.246796 146.527618 -547.432190
v 151.202194 146.527618 -547.432129
v 129.927673 146.527618 -547.432129
v -281.330627 146.527618 -547.431946
v -281.329559 213.788147 -547.431946
v 347.658173 280.061371 53.849606
v 347.658173 294.790436 53.849606
v 336.239777 294.790375 -190.716980
v 336.239777 280.061371 -190.716980
v 336.239746 294.790344 -282.931671
v 336.239746 280.061340 -282.931671
v 336.239807 294.790375 -98.502312
v 336.239807 280.061371 -98.502312
v 347.658112 294.790344 -443.766632
v 347.658112 280.061340 -443.766632
v 324.634796 3.161400 -635.936340
v 324.634796 -0.065869 -635.936401
v 321.814789 3.161400 -636.128296
v 250.237823 123.011940 -725.522339
v 182.665924 123.011940 -725.522278
v 244.180847 146.527618 -554.741272
v 182.925186 146.527618 -554.741150
v 114.390373 123.011940 -725.522278
v 41.933441 123.011940 -725.522278
v -23.006689 123.011940 -725.522156
v -99.534393 123.011940 -725.522156
v -161.364227 123.011940 -725.522156
v -226.243179 123.011940 -725.522156
v -302.934723 123.011940 -725.522156
v -299.674225 146.527618 -554.741089
v -219.971802 146.527618 -554.741089
v -159.836899 146.527618 -554.741089
v -93.647278 146.527618 -554.741089
v -22.195658 146.527618 -554.741150
v 45.416004 146.527618 -554.741150
v 114.234665 146.527618 -554.741150
v -343.117188 294.790344 2.677578
v -343.117188 280.061310 2.677464
v -336.239929 6.388589 -625.682800
v -336.239929 136.195099 -625.682800
v -95.499718 78.491753 -725.522278
v -95.499718 -0.065876 -725.522278
v 105.643517 146.527618 -547.432129
v 105.730988 213.788147 -547.432129
v -305.933594 146.527618 -547.431946
v 100.642975 196.860870 -547.432129
v -305.934601 213.788147 -547.431946
v 100.642799 213.788147 -547.432129
v 100.642937 196.738602 -547.432129
v -253.464905 213.788147 -547.431946
v -253.464859 146.527618 -547.431946
v -230.773041 213.788147 -547.431946
v -200.120621 213.788147 -547.431946
v -177.827682 213.788147 -547.431946
v -148.369217 213.788147 -547.431946
v -124.484482 213.788147 -547.431946
v -118.513260 213.788147 -547.431946
v -97.812553 213.788147 -547.431946
v -230.773026 146.527618 -547.431946
v -200.120636 146.527618 -547.431946
v -177.827225 146.527618 -547.431946
v -148.369415 146.527618 -547.432007
v -124.484482 146.527618 -547.432007
v -118.513268 146.527618 -547.432007
v -97.812584 146.527618 -547.432007
v -92.238449 213.788147 -547.431946
v -65.964691 213.788147 -547.432007
v -44.413246 213.788147 -547.432007
v -20.684710 213.788147 -547.432007
v -17.229118 213.788147 -547.432007
v 3.734838 213.788147 -547.432007
v 25.850801 213.788147 -547.432007
v 6.499484 213.788147 -547.432007
v -65.713638 146.527618 -547.432007
v -65.713806 150.628479 -547.432007
v -65.713966 151.182602 -547.432007
v -92.238319 146.527618 -547.432007
v -44.413246 146.527618 -547.432007
v -20.685280 146.527618 -547.432007
v -17.229126 146.527618 -547.432007
v 3.734825 146.527618 -547.432007
v 6.499249 146.527618 -547.432007
v 25.850914 146.527618 -547.432007
v 129.927399 213.788147 -547.432129
v 75.766945 213.788147 -547.432007
v 71.408722 213.788147 -547.432007
v 46.328789 213.788147 -547.432007
v 46.328793 146.527618 -547.432129
v 71.408188 146.527618 -547.432129
v 75.766228 146.527618 -547.432129
v 100.468643 146.527618 -547.432129
v 116.288849 341.764099 -96.874855
v 148.637268 312.305786 -543.398071
v 86.562721 341.764099 -96.874847
v 86.562714 213.788193 -96.874840
v 72.822784 213.788193 -96.874840
v 72.823074 341.764099 -96.874847
v 148.637268 276.080475 -543.399231
v 148.637268 280.061310 -543.399353
v 40.090183 341.764099 -96.874832
v 148.637268 294.790314 -559.344421
v 10.590132 341.764099 -96.874825
v 148.637268 276.080475 -547.432129
v -20.930338 341.764099 -96.874825
v 148.637268 280.061310 -547.432129
v -32.245308 341.764099 -96.874802
v 148.637268 276.080475 -550.529236
v -62.956917 341.764099 -96.874802
v 148.637268 280.061310 -550.529236
v -88.415634 341.764099 -96.874786
v -120.744637 341.764069 -96.874779
v 148.637268 294.790314 -547.432129
v 148.637268 303.149933 -559.344421
v -128.422882 341.764069 -96.874779
v 148.637268 303.149933 -553.089783
v -159.539246 341.764069 -96.874779
v 148.637268 312.305878 -547.432129
v -178.935135 341.764069 -96.874756
v 151.201309 312.305786 -543.398071
v -199.545959 341.764069 -96.874756
v 151.201309 294.790405 -543.398743
v -228.641266 341.764069 -96.874741
v -252.483994 341.764069 -96.874733
v 151.201309 276.080475 -543.399231
v 151.201309 341.764069 -543.396973
v -280.770905 341.764008 -96.874710
v 151.201309 280.061310 -543.399353
v -306.633453 341.764008 -96.874710
v -306.631897 213.788193 -96.874687
v -280.769135 213.788193 -96.874702
v -252.481308 213.788193 -96.874702
v -228.641953 213.788193 -96.874725
v -199.545074 213.788193 -96.874725
v -178.935791 213.788193 -96.874733
v -159.539047 213.788193 -96.874748
v -120.744843 213.788193 -96.874771
v -128.422699 213.788193 -96.874771
v -88.416092 213.788193 -96.874771
v -62.957111 213.788193 -96.874779
v -32.244560 213.788193 -96.874794
v -20.929966 213.788193 -96.874794
v 10.590490 213.788193 -96.874817
v 40.089851 213.788193 -96.874817
v 151.201340 213.788147 -506.628448
v 151.201340 213.788162 -496.940460
v 151.201340 213.788162 -475.546295
v 151.201355 213.788162 -440.427734
v 151.201355 213.788162 -417.820190
v 151.201355 213.788162 -409.747040
v 151.201370 213.788162 -386.333954
v 151.201385 213.788162 -354.040771
v 151.201385 213.788162 -331.031860
v 151.201385 213.788162 -321.344849
v 151.201401 213.788177 -295.106323
v 151.201431 213.788177 -260.391205
v 151.201431 213.788177 -234.151993
v 151.201431 213.788177 -224.464111
v 151.201431 213.788177 -195.400116
v 151.201462 213.788177 -157.051697
v 151.201462 213.788177 -132.024155
v -94.265022 207.673569 -199.407745
v 151.201462 341.764099 -132.024216
v -94.265770 207.673538 -540.665710
v 151.201431 341.764099 -157.051727
v -94.265450 207.673553 -404.834778
v 151.201431 341.764099 -195.400040
v -94.264786 207.673569 -103.641045
v 151.201401 341.764069 -224.464218
v -94.265594 207.673553 -469.750610
v 151.201385 341.764069 -260.390106
v -94.265129 207.673569 -271.102478
v 151.201401 341.764069 -234.151917
v 144.910172 207.673553 -404.838959
v 151.201370 341.764069 -295.105408
v 144.910217 207.673553 -334.723083
v 151.201370 341.764069 -321.343292
v 144.910233 207.673569 -271.101715
v 151.201370 341.764069 -354.038940
v 151.201370 341.764069 -331.032318
v 144.910248 207.673569 -212.025940
v 144.910263 207.673569 -151.001389
v 151.201355 341.764069 -386.334778
v -329.948547 207.673569 -151.004700
v 151.201355 341.764069 -409.747589
v -329.948669 207.673553 -469.742981
v 151.201309 341.764069 -506.627899
v 151.201309 341.764069 -496.939728
v -43.840954 207.673569 -199.407852
v -329.948608 207.673569 -199.407242
v 151.201309 341.764069 -475.545410
v 151.201340 341.764069 -440.426270
v -329.948608 207.673569 -271.101715
v 151.201355 341.764069 -417.820923
v -329.948639 207.673553 -334.722137
v -167.096252 207.673569 -151.004913
v -167.096680 207.673553 -469.748260
v -167.096191 207.673569 -103.641022
v -167.096573 207.673553 -404.833130
v -167.096329 207.673569 -199.407608
v -167.096512 207.673553 -334.722443
v -167.096771 207.673538 -540.665649
v -240.414627 207.673569 -271.102020
v -240.414124 207.673553 -469.745880
v -240.413940 207.673538 -540.665649
v -240.414261 207.673553 -404.831573
v -240.414795 207.673569 -199.407440
v -240.414444 207.673553 -334.722321
v -240.415039 207.673569 -103.640999
v -240.414902 207.673569 -151.004807
v 157.230179 332.489441 -494.004425
v 330.210846 332.489441 -493.997681
v 330.210907 332.489441 -432.028198
v 157.230179 332.489441 -432.030060
v 157.230209 332.489441 -362.966064
v 330.210938 332.489441 -362.963165
v 330.210968 332.489441 -285.637390
v 157.230225 332.489441 -285.640228
v 330.210968 332.489441 -220.711014
v 157.230240 332.489441 -220.711273
v 330.210999 332.489471 -158.736328
v 157.230270 332.489471 -158.734406
v 330.210999 332.489471 -90.394020
v 154.472641 332.489471 6.723728
v 330.211029 332.489471 6.718955
v 80.134064 332.489471 6.722581
v -28.096678 332.489471 6.720699
v -330.210907 332.489471 6.715765
v -79.669411 332.489471 6.719896
v 0.000053 332.489471 6.721112
v -150.427353 332.489471 6.718749
v 28.328997 332.489471 6.721617
v -237.833298 332.489471 121.919807
v -237.831253 332.489471 6.717303
v -237.829529 332.489471 -90.390648
v -336.239899 196.860779 -547.431946
v -336.239899 150.628479 -547.431946
v -4.082876 868.041931 134.290085
v -17.611692 868.041931 125.260277
v -22.587162 925.813660 108.961533
v -19.138630 925.813660 126.279472
vn -0.0000 1.0000 -0.0000
vn -0.0000 -0.0000 1.0000
vn 1.0000 -0.0000 -0.0000
vn -0.0000 -0.0000 -1.0000
vn -0.0000 -1.0000 -0.0000
vn -1.0000 -0.0000 -0.0000
vn 0.0013 -0.0010 1.0000
vn -0.0000 0.3887 0.9214
vn 0.8999 0.4360 -0.0000
vn 0.9214 0.3886 -0.0000
vn -0.8857 0.4644 -0.0000
vn 0.8861 0.4635 -0.0000
vn -0.0000 0.6339 0.7734
vn -0.0000 0.3583 -0.9336
vn -0.0000 0.3859 0.9226
vn 0.0901 0.9959 -0.0000
vn -0.0000 0.0059 -1.0000
vn 0.0007 0.0058 -1.0000
vn 0.0010 0.0057 -1.0000
vn -0.7393 -0.0000 0.6734
vn 1.0000 0.0023 -0.0016
vn 1.0000 -0.0000 -0.0002
vn 0.0031 -0.0007 -1.0000
vn 0.0016 -0.0004 1.0000
vn -0.0058 -0.0000 -1.0000
vn 1.0000 -0.0000 -0.0021
vn 0.0017 -0.0000 1.0000
vn 1.0000 -0.0001 0.0006
vn 0.0017 -0.0000 -1.0000
vn 0.0043 -0.0000 -1.0000
vn 1.0000 -0.0000 -0.0001
vn -0.9110 0.4124 -0.0000
vn 0.7403 -0.0000 -0.6723
vn -0.0000 0.6438 0.7652
vn -0.0000 0.9907 -0.1361
vn -0.0000 0.9890 -0.1476
vn -0.0000 0.9888 -0.1491
vn -0.0000 0.9898 -0.1428
vn -0.0000 0.9891 -0.1475
vn -0.0000 0.5257 -0.8507
vn -0.0000 0.4835 0.8753
vn -0.0000 0.4791 0.8778
vn -0.9994 -0.0000 -0.0346
vn -0.0000 0.9907 -0.1363
vn -0.0000 0.9907 -0.1362
vn 0.8722 0.4891 -0.0000
vn 0.9669 -0.0000 -0.2553
vn 0.4772 0.1183 -0.8708
vn -0.0000 0.9888 -0.1490
vn -1.0000 -0.0001 -0.0001
vn -1.0000 -0.0001 -0.0000
vn -0.0000 0.9181 0.3963
vn 1.0000 -0.0001 -0.0000
vn -0.0000 0.0002 1.0000
vn -0.0000 0.7499 -0.6616
vn -0.0000 0.5453 0.8382
vn -0.0000 0.2925 -0.9563
vn -0.0000 0.2676 0.9635
vn -0.0000 0.2889 -0.9574
vn -0.0022 0.0053 -1.0000
vn 0.0004 0.0055 -1.0000
vn 0.0015 0.0056 -1.0000
vn -0.0002 -0.0019 1.0000
vn -0.0000 -0.0020 1.0000
vn -0.0003 -0.0019 1.0000
vn -0.0059 0.0049 -1.0000
vn 0.0007 -0.0018 1.0000
vn -0.0005 -0.0019 1.0000
vn 0.0008 -0.0017 1.0000
vn 0.0020 -0.0016 1.0000
vn 0.4815 0.8765 -0.0000
vn -0.0000 0.9888 -0.1493
vn -0.0000 0.9210 0.3895
vn -0.0000 0.9120 0.4103
vn -0.0000 0.9891 -0.1476
vn -0.0000 0.9888 -0.1492
vn -0.1394 0.9817 -0.1296
vn -0.0000 0.9954 -0.0956
vn -0.9110 0.4125 -0.0000
vn -0.7507 0.6607 -0.0000
vn -0.0000 0.0005 1.0000
vn -0.0000 0.3749 0.9271
vn -0.5785 0.8157 -0.0000
vn -0.9993 -0.0000 0.0369
vn -0.0000 0.9182 -0.3962
vn -0.0001 -0.0000 -1.0000
vn -0.0001 -0.0000 1.0000
vn -0.0000 0.9182 0.3962
vn -0.0000 0.9120 -0.4103
vn -0.9998 -0.0000 0.0186
vn -1.0000 -0.0000 0.0007
vn 0.9992 -0.0000 0.0412
vn 1.0000 -0.0000 0.0080
vn -0.9999 -0.0000 -0.0172
vn 0.9996 -0.0000 -0.0268
vn 0.9999 -0.0000 -0.0103
vn 0.9997 -0.0000 0.0261
vn 0.3878 -0.0382 0.9210
vn 0.3729 -0.1131 0.9210
vn 0.3436 -0.1837 0.9210
vn 0.3012 -0.2472 0.9210
vn 0.2472 -0.3012 0.9210
vn 0.1837 -0.3436 0.9210
vn 0.1131 -0.3729 0.9210
vn 0.0382 -0.3878 0.9210
vn -0.0382 -0.3878 0.9210
vn -0.1131 -0.3729 0.9210
vn -0.1837 -0.3436 0.9210
vn -0.2472 -0.3012 0.9210
vn -0.3012 -0.2472 0.9210
vn -0.3436 -0.1837 0.9210
vn -0.3729 -0.1131 0.9210
vn -0.3878 -0.0382 0.9210
vn -0.3878 0.0382 0.9210
vn -0.3729 0.1131 0.9210
vn -0.3436 0.1837 0.9210
vn -0.3012 0.2472 0.9210
vn -0.2472 0.3012 0.9210
vn -0.1837 0.3436 0.9210
vn -0.1131 0.3729 0.9210
vn -0.0382 0.3878 0.9210
vn 0.0382 0.3878 0.9210
vn 0.1131 0.3729 0.9210
vn 0.1837 0.3436 0.9210
vn 0.2472 0.3012 0.9210
vn 0.3012 0.2472 0.9210
vn 0.3436 0.1837 0.9210
vn 0.2903 0.9569 -0.0000
vn 0.3729 0.1131 0.9210
vn 0.3878 0.0382 0.9210
vn 0.8819 -0.4714 -0.0000
vn -0.6344 -0.7730 -0.0000
vn -0.4714 0.8819 -0.0000
vn 0.9569 0.2903 -0.0000
vn 0.0980 -0.9952 -0.0000
vn -0.9569 0.2903 -0.0000
vn 0.4714 0.8819 -0.0000
vn 0.7730 -0.6344 -0.0000
vn -0.7730 -0.6344 -0.0000
vn -0.2903 0.9569 -0.0000
vn 0.9952 0.0980 -0.0000
vn -0.0980 -0.9952 -0.0000
vn -0.8819 0.4714 -0.0000
vn 0.6344 0.7730 -0.0000
vn 0.6344 -0.7730 -0.0000
vn -0.8819 -0.4714 -0.0000
vn -0.0980 0.9952 -0.0000
vn 0.9952 -0.0980 -0.0000
vn -0.2903 -0.9569 -0.0000
vn -0.7730 0.6344 -0.0000
vn 0.7730 0.6344 -0.0000
vn 0.4714 -0.8819 -0.0000
vn -0.9569 -0.2903 -0.0000
vn 0.0980 0.9952 -0.0000
vn 0.9569 -0.2903 -0.0000
vn -0.4714 -0.8819 -0.0000
vn -0.6344 0.7730 -0.0000
vn 0.8819 0.4714 -0.0000
vn 0.2903 -0.9569 -0.0000
vn -0.9952 0.0980 -0.0000
vn -0.9952 -0.0980 -0.0000
vn -0.4284 0.8951 -0.1233
vn 0.9917 -0.1287 -0.0000
vn -0.9954 -0.0958 -0.0000
vn -0.0000 -0.0000 -0.0000
vn 0.9830 0.1837 -0.0000
vn 0.9885 0.1512 -0.0000
vn -0.9690 0.2470 -0.0000
vn 0.9607 0.2775 -0.0000
vn -0.0000 0.0001 1.0000
vn 0.9340 0.3571 -0.0000
vn -0.9516 0.3072 -0.0000
vn 0.9859 0.1675 -0.0000
vn -0.9722 0.2341 -0.0000
vn -0.9830 0.1837 -0.0000
vn -0.0000 -0.0011 1.0000
vn -0.0000 0.4200 -0.9075
vn 1.0000 0.0002 -0.0000
vn 1.0000 0.0004 -0.0000
vn 1.0000 -0.0011 -0.0000
vn -0.0000 0.4367 0.8996
vn 1.0000 -0.0003 -0.0000
vn -0.0000 0.9210 -0.3895
vn 0.0275 0.9902 -0.1370
vn -0.0000 0.0007 1.0000
vn -0.5589 -0.4866 0.6715
vn -0.4111 -0.5962 0.6897
vn -0.2392 -0.7063 0.6663
vn 0.2382 -0.7064 0.6665
vn -0.0000 -0.7339 0.6793
vn -0.6570 -0.3139 0.6854
vn -0.7306 -0.1271 0.6709
vn -0.7540 0.1293 0.6440
vn -0.0000 0.1976 0.9803
vn 0.7540 0.1293 0.6440
vn 0.7305 -0.1261 0.6712
vn 0.6572 -0.3158 0.6844
vn 0.5582 -0.4853 0.6730
vn 0.4135 -0.5959 0.6885
vn -0.7311 -0.1369 0.6684
vn -0.6432 -0.3546 0.6787
vn -0.6428 -0.3543 0.6792
vn -0.7307 -0.1367 0.6688
vn 0.3468 -0.6626 0.6639
vn 0.5259 -0.5071 0.6829
vn 0.5255 -0.5067 0.6834
vn 0.3466 -0.6622 0.6643
vn -0.7067 -0.0000 0.7075
vn -0.7062 -0.0000 0.7080
vn 0.7063 -0.0000 0.7079
vn 0.7072 -0.0000 0.7070
vn 0.7067 -0.0000 0.7075
vn 0.7301 -0.1209 0.6725
vn 0.6524 -0.3488 0.6728
vn -0.0001 -0.7588 0.6513
vn -0.3417 -0.6639 0.6652
vn -0.5285 -0.5085 0.6798
vn -0.7072 -0.0000 0.7070
vn -0.7063 -0.0002 0.7079
vn 0.6521 -0.3486 0.6733
vn -0.0001 -0.7584 0.6518
vn -0.5282 -0.5081 0.6803
vn -0.3415 -0.6635 0.6657
vn 0.7062 -0.0000 0.7080
vn 0.7297 -0.1207 0.6730
vn 0.9036 0.3031 -0.3026
vn 0.5778 0.5781 -0.5761
vn 0.6648 -0.1511 -0.7316
vn 0.6655 -0.1568 -0.7297
vn 0.6829 -0.3939 -0.6152
vn 0.6818 -0.3916 -0.6179
vn 0.6725 -0.1414 0.7265
vn 0.6720 -0.1367 0.7278
vn 0.5761 0.5738 0.5821
vn 0.9059 0.2968 0.3021
vn 0.6878 -0.7186 -0.1026
vn 0.6843 -0.6541 -0.3223
vn 0.6823 -0.6548 -0.3250
vn 0.6858 -0.7204 -0.1034
vn 0.6873 -0.6575 0.3087
vn 0.6901 -0.7156 0.1083
vn 0.6883 -0.7172 0.1091
vn 0.6854 -0.6584 0.3110
vn 0.6792 -0.3709 0.6333
vn 0.6780 -0.3680 0.6363
vn 0.6858 -0.5408 0.4871
vn 0.6843 -0.5400 0.4900
vn 0.6913 -0.5341 -0.4866
vn 0.6901 -0.5335 -0.4890
vn -0.0009 -0.1226 -0.9925
vn 0.0005 -0.1224 -0.9925
vn 0.6797 -0.0895 -0.7280
vn 0.6623 -0.3363 -0.6695
vn 0.6622 -0.3362 -0.6697
vn 0.6785 -0.0896 -0.7292
vn 0.6631 -0.3344 0.6697
vn 0.6801 -0.0924 0.7273
vn -0.0000 -0.1263 0.9920
vn 0.6800 -0.0920 0.7274
vn 0.6697 -0.5621 -0.4852
vn 0.6697 -0.5621 -0.4853
vn 0.6731 -0.6886 -0.2698
vn 0.6729 -0.6888 -0.2697
vn 0.6671 -0.5752 -0.4734
vn 0.6592 -0.3331 -0.6742
vn 0.6593 -0.3331 -0.6741
vn 0.6670 -0.5754 -0.4734
vn 0.6712 -0.6900 0.2708
vn 0.6665 -0.7455 0.0058
vn 0.6712 -0.6901 0.2708
vn 0.0002 -0.1143 -0.9934
vn 0.6826 -0.0833 -0.7260
vn 0.6826 -0.0829 -0.7260
vn 0.6831 -0.0837 0.7255
vn 0.6589 -0.3340 0.6740
vn 0.6591 -0.3340 0.6738
vn 0.6827 -0.0842 0.7258
vn -0.0000 -0.1156 0.9933
vn 0.0004 -0.1155 0.9933
vn 0.6762 -0.6945 0.2459
vn 0.6764 -0.6943 0.2458
vn 0.6659 -0.5790 0.4705
vn -0.0003 -0.7761 0.6306
vn 0.6659 -0.5790 0.4704
vn -0.2373 -0.6431 0.7281
vn -0.0894 -0.6677 0.7390
vn -0.0973 -0.7273 0.6794
vn -0.2509 -0.6800 0.6889
vn -0.6579 -0.2413 0.7134
vn -0.6177 -0.3018 0.7262
vn -0.6497 -0.3182 0.6904
vn -0.6679 -0.2456 0.7026
vn 0.4765 -0.5036 0.7207
vn 0.5266 -0.4547 0.7183
vn 0.5419 -0.4681 0.6980
vn 0.4937 -0.5217 0.6957
vn 0.4952 -0.4936 0.7149
vn 0.5222 -0.4678 0.7131
vn 0.5298 -0.4746 0.7029
vn 0.5050 -0.5034 0.7011
vn -0.6455 -0.2297 0.7284
vn -0.5505 -0.3729 0.7469
vn -0.6126 -0.4148 0.6728
vn -0.6831 -0.2430 0.6887
vn -0.6639 -0.1411 0.7344
vn -0.6644 -0.2314 0.7107
vn -0.6694 -0.2332 0.7054
vn -0.7140 -0.1523 0.6834
vn -0.4012 -0.5310 0.7464
vn -0.1540 -0.6242 0.7660
vn -0.1804 -0.7313 0.6578
vn -0.4457 -0.5900 0.6732
vn -0.4035 -0.5237 0.7503
vn -0.1522 -0.6256 0.7651
vn -0.1779 -0.7313 0.6585
vn -0.4530 -0.5881 0.6700
vn 0.1510 -0.6266 0.7646
vn 0.4170 -0.4953 0.7621
vn 0.4835 -0.5742 0.6607
vn 0.1763 -0.7313 0.6589
vn 0.5992 -0.2964 0.7437
vn 0.6729 -0.1978 0.7128
vn 0.6821 -0.2005 0.7033
vn 0.6610 -0.3270 0.6754
vn -0.5630 -0.3383 0.7540
vn -0.6385 -0.3838 0.6671
vn 0.5810 -0.3663 0.7268
vn 0.6333 -0.2563 0.7303
vn 0.6736 -0.2726 0.6870
vn 0.6122 -0.3860 0.6901
vn 0.1597 -0.6195 0.7686
vn 0.4326 -0.4814 0.7623
vn 0.5018 -0.5584 0.6606
vn 0.1885 -0.7309 0.6559
vn 0.6770 -0.1349 0.7235
vn 0.7068 -0.1413 0.6931
vn -0.6699 -0.0853 0.7375
vn -0.7267 -0.0929 0.6807
vn 0.6637 -0.0962 0.7418
vn 0.7282 -0.1060 0.6771
vn -0.5635 -0.3675 0.7398
vn -0.5266 -0.4667 0.7105
vn -0.5304 -0.4700 0.7055
vn -0.6152 -0.4011 0.6787
vn 0.3823 -0.5784 0.7206
vn 0.4414 -0.5365 0.7192
vn 0.4555 -0.5536 0.6971
vn 0.3960 -0.5993 0.6957
vn -0.6678 -0.0892 0.7390
vn -0.6554 -0.2218 0.7219
vn -0.6815 -0.2306 0.6946
vn -0.7273 -0.0971 0.6794
vn 0.5398 -0.4511 0.7107
vn 0.5440 -0.4545 0.7053
vn 0.3299 -0.6149 0.7163
vn 0.3376 -0.6294 0.6999
vn 0.4784 -0.5166 0.7101
vn 0.4812 -0.5198 0.7059
vn -0.4329 -0.5557 0.7097
vn -0.4101 -0.5671 0.7143
vn -0.4175 -0.5772 0.7018
vn -0.4351 -0.5585 0.7062
vn -0.5291 -0.4511 0.7187
vn -0.4952 -0.4936 0.7149
vn -0.5050 -0.5034 0.7011
vn -0.5453 -0.4649 0.6975
vn 0.6446 -0.2047 0.7366
vn 0.6813 -0.0631 0.7293
vn 0.7228 -0.0669 0.6878
vn 0.6975 -0.2215 0.6815
vn -0.3527 -0.5947 0.7224
vn -0.3672 -0.6192 0.6941
vn 0.0885 -0.6682 0.7387
vn 0.2405 -0.6394 0.7303
vn 0.2558 -0.6802 0.6870
vn 0.0963 -0.7272 0.6796
vn -0.4980 -0.5070 0.7035
vn -0.4625 -0.5139 0.7225
vn -0.4817 -0.5352 0.6940
vn 0.5291 -0.4511 0.7187
vn 0.5736 -0.3830 0.7241
vn 0.5999 -0.4005 0.6926
vn 0.5452 -0.4648 0.6976
vn -0.3893 -0.5731 0.7211
vn -0.3270 -0.6130 0.7192
vn -0.3374 -0.6325 0.6972
vn -0.4038 -0.5945 0.6953
vn 0.3995 -0.5588 0.7268
vn 0.4496 -0.5494 0.7044
vn 0.4495 -0.5493 0.7044
vn 0.4209 -0.5886 0.6902
vn 0.6635 -0.0882 0.7429
vn 0.6879 0.0581 0.7235
vn 0.7182 0.0604 0.6932
vn 0.7305 -0.0970 0.6760
vn -0.6720 0.0901 0.7351
vn -0.6718 -0.0730 0.7372
vn -0.7281 -0.0791 0.6809
vn -0.7241 0.0967 0.6829
vn 0.0921 -0.6662 0.7401
vn 0.1006 -0.7277 0.6784
vn 0.5050 -0.5033 0.7012
vn -0.6617 -0.2015 0.7222
vn -0.6383 -0.2746 0.7191
vn -0.6585 -0.2833 0.6972
vn -0.6885 -0.2097 0.6943
vn -0.5152 -0.4830 0.7080
vn -0.4830 -0.4995 0.7192
vn -0.4984 -0.5154 0.6971
vn 0.2492 -0.6354 0.7308
vn 0.3385 -0.6110 0.7156
vn 0.3458 -0.6242 0.7006
vn 0.2654 -0.6769 0.6865
vn -0.6706 0.0842 0.7371
vn -0.6706 -0.0841 0.7370
vn -0.7266 -0.0908 0.6810
vn -0.7265 0.0911 0.6811
vn -0.3498 -0.5973 0.7217
vn -0.2647 -0.6356 0.7252
vn -0.2778 -0.6667 0.6917
vn -0.3634 -0.6205 0.6949
vn -0.6603 -0.2096 0.7212
vn -0.6852 -0.2171 0.6953
vn 0.5647 -0.4139 0.7140
vn 0.5774 -0.4118 0.7050
vn 0.5775 -0.4115 0.7051
vn 0.5744 -0.4207 0.7022
vn -0.5434 -0.4318 0.7199
vn -0.5233 -0.4710 0.7101
vn -0.5265 -0.4736 0.7060
vn -0.5619 -0.4462 0.6966
vn -0.4878 -0.4945 0.7194
vn -0.5037 -0.5103 0.6970
vn 0.4123 -0.5590 0.7194
vn 0.4538 -0.5361 0.7118
vn 0.4588 -0.5417 0.7043
vn 0.4258 -0.5769 0.6971
vn -0.6341 -0.2818 0.7201
vn -0.6560 -0.2912 0.6963
vn -0.1060 -0.6580 0.7455
vn -0.1175 -0.7293 0.6740
vn 0.5583 -0.4325 0.7080
vn 0.5584 -0.4322 0.7081
vn -0.4555 -0.5332 0.7129
vn -0.4618 -0.5404 0.7034
vn -0.4137 -0.5586 0.7189
vn -0.4267 -0.5757 0.6975
vn 0.2805 -0.6207 0.7322
vn 0.3699 -0.5939 0.7144
vn 0.3768 -0.6046 0.7018
vn 0.2999 -0.6634 0.6855
vn 0.6673 -0.0444 0.7435
vn 0.6713 0.1243 0.7307
vn 0.7149 0.1323 0.6866
vn 0.7356 -0.0486 0.6757
vn -0.6018 -0.3464 0.7196
vn -0.6218 -0.3575 0.6968
vn 0.4975 -0.4683 0.7302
vn 0.5292 -0.4977 0.6872
vn 0.4654 -0.5311 0.7080
vn 0.4655 -0.5310 0.7081
vn -0.5799 -0.3936 0.7133
vn -0.5887 -0.3992 0.7029
vn 0.6614 -0.1957 0.7241
vn 0.6918 -0.2042 0.6926
vn 0.1062 -0.6580 0.7455
vn 0.1178 -0.7293 0.6740
vn 0.5916 -0.3197 0.7401
vn 0.6465 -0.3489 0.6785
vn -0.5977 -0.3239 0.7334
vn -0.5647 -0.4139 0.7140
vn -0.5743 -0.4210 0.7021
vn -0.6412 -0.3474 0.6842
vn 0.5953 -0.3394 0.7283
vn 0.6298 -0.3590 0.6888
vn 0.6812 0.0632 0.7293
vn 0.7228 0.0665 0.6879
vn 0.5571 -0.4192 0.7169
vn 0.5712 -0.4297 0.6993
vn -0.2503 -0.6354 0.7305
vn -0.2663 -0.6763 0.6868
vn -0.0930 -0.6657 0.7404
vn -0.1018 -0.7279 0.6781
vn -0.4465 -0.5346 0.7175
vn -0.4586 -0.5491 0.6987
vn -0.5937 -0.3483 0.7254
vn -0.6232 -0.3655 0.6914
vn 0.6434 -0.2972 0.7055
vn 0.6423 -0.2437 0.7267
vn 0.6766 -0.2567 0.6901
vn -0.5358 -0.4329 0.7249
vn -0.5616 -0.4538 0.6918
vn 0.6195 -0.3148 0.7191
vn 0.6392 -0.3246 0.6972
vn -0.4715 -0.5284 0.7060
vn 0.4553 -0.5266 0.7179
vn 0.4682 -0.5413 0.6984
vn -0.5820 -0.3810 0.7184
vn -0.5599 -0.4225 0.7127
vn -0.5676 -0.4278 0.7035
vn -0.5994 -0.3919 0.6979
vn 0.2984 -0.6245 0.7217
vn 0.3690 -0.5871 0.7206
vn 0.3822 -0.6078 0.6960
vn 0.3102 -0.6486 0.6950
vn 0.4322 -0.5416 0.7211
vn 0.4483 -0.5614 0.6956
vn 0.5758 -0.3857 0.7209
vn 0.6135 -0.3317 0.7167
vn 0.6287 -0.3394 0.6997
vn 0.5971 -0.3995 0.6956
vn -0.6753 0.0900 0.7321
vn -0.6810 -0.0477 0.7307
vn -0.7253 -0.0504 0.6866
vn -0.7218 0.0961 0.6854
vn -0.2820 -0.6296 0.7240
vn -0.1159 -0.6518 0.7495
vn -0.1298 -0.7301 0.6709
vn -0.2951 -0.6579 0.6929
vn -0.4730 -0.5101 0.7184
vn -0.4190 -0.5528 0.7203
vn -0.4338 -0.5717 0.6964
vn -0.4870 -0.5248 0.6981
vn 0.6391 -0.2455 0.7289
vn 0.6766 -0.1528 0.7203
vn 0.7004 -0.1577 0.6961
vn 0.6774 -0.2597 0.6882
vn -0.6517 -0.2399 0.7196
vn -0.6165 -0.3120 0.7229
vn -0.6428 -0.3248 0.6937
vn -0.6732 -0.2473 0.6968
vn 0.6838 -0.0577 0.7274
vn 0.7217 -0.0605 0.6896
vn -0.5610 -0.4328 0.7057
vn -0.5229 -0.4515 0.7230
vn -0.5454 -0.4704 0.6937
vn -0.5612 -0.4323 0.7058
vn -0.3586 -0.5943 0.7199
vn -0.3709 -0.6140 0.6967
vn 0.1235 -0.6466 0.7527
vn 0.2838 -0.6360 0.7176
vn 0.2916 -0.6534 0.6986
vn 0.1397 -0.7308 0.6681
vn -0.4753 -0.4809 0.7368
vn -0.4116 -0.5662 0.7141
vn -0.4188 -0.5761 0.7019
vn -0.5147 -0.5206 0.6812
vn 0.3558 -0.5872 0.7270
vn 0.3751 -0.6192 0.6899
vn -0.6349 -0.3247 0.7011
vn 0.4304 -0.5490 0.7165
vn 0.4408 -0.5622 0.6997
vn -0.3126 -0.6089 0.7291
vn -0.1251 -0.6456 0.7534
vn -0.1418 -0.7309 0.6676
vn -0.3314 -0.6455 0.6881
vn 0.5578 -0.4285 0.7108
vn 0.5623 -0.4319 0.7052
vn -0.6678 -0.1867 0.7206
vn -0.6423 -0.2600 0.7210
vn -0.6661 -0.2696 0.6954
vn -0.6917 -0.1933 0.6958
vn -0.5452 -0.4608 0.7003
vn -0.3867 -0.5860 0.7121
vn -0.3912 -0.5927 0.7040
vn 0.5818 -0.3893 0.7141
vn 0.6085 -0.3212 0.7256
vn 0.6392 -0.3373 0.6911
vn 0.5920 -0.3960 0.7019
vn -0.6779 0.0513 0.7334
vn -0.6895 -0.0642 0.7215
vn -0.7158 -0.0674 0.6950
vn -0.7272 0.0539 0.6843
vn -0.4641 -0.5188 0.7179
vn -0.4420 -0.5485 0.7098
vn -0.4441 -0.5517 0.7060
vn -0.4770 -0.5341 0.6980
vn 0.5990 -0.3397 0.7251
vn 0.6412 -0.2765 0.7158
vn 0.6553 -0.2834 0.7002
vn 0.6281 -0.3569 0.6915
vn -0.6657 -0.1627 0.7282
vn -0.7042 -0.1728 0.6887
vn 0.6578 -0.1941 0.7277
vn 0.6753 -0.0566 0.7353
vn 0.7283 -0.0617 0.6825
vn 0.6948 -0.2057 0.6892
vn -0.2564 -0.6359 0.7280
vn -0.0990 -0.6622 0.7427
vn -0.1089 -0.7290 0.6758
vn -0.2709 -0.6726 0.6887
vn 0.6869 0.0697 0.7234
vn 0.7171 0.0716 0.6933
vn 0.3526 -0.5969 0.7207
vn 0.4072 -0.5676 0.7156
vn 0.4158 -0.5803 0.7003
vn 0.3650 -0.6190 0.6954
vn 0.2586 -0.6339 0.7289
vn 0.2739 -0.6722 0.6879
vn -0.5845 -0.3790 0.7175
vn -0.5609 -0.4195 0.7137
vn -0.5699 -0.4269 0.7021
vn -0.6000 -0.3898 0.6986
vn 0.4402 -0.5454 0.7133
vn 0.4836 -0.4893 0.7258
vn 0.5079 -0.5147 0.6908
vn 0.4466 -0.5541 0.7025
vn 0.0990 -0.6622 0.7427
vn 0.1089 -0.7290 0.6758
vn 0.1260 -0.6450 0.7537
vn 0.1428 -0.7308 0.6675
vn 0.5700 -0.4210 0.7056
vn 0.5701 -0.4205 0.7058
vn 0.5199 -0.4687 0.7141
vn 0.5479 -0.4306 0.7172
vn 0.5624 -0.4415 0.6991
vn 0.5291 -0.4765 0.7021
vn -0.6715 -0.1609 0.7233
vn -0.7009 -0.1674 0.6933
vn 0.4854 -0.5003 0.7170
vn 0.4980 -0.5128 0.6993
vn 0.6491 0.1200 0.7512
vn 0.7305 0.1355 0.6693
vn 0.6594 -0.1718 0.7319
vn 0.6863 -0.0521 0.7254
vn 0.7205 -0.0547 0.6913
vn 0.7045 -0.1835 0.6856
vn -0.6654 -0.0385 0.7455
vn -0.7376 -0.0427 0.6739
vn 0.6495 -0.2620 0.7138
vn 0.6602 -0.2662 0.7023
vn -0.6224 -0.3183 0.7151
vn -0.6348 -0.3247 0.7011
vn 0.5684 -0.4142 0.7109
vn 0.5731 -0.4175 0.7052
vn -0.6663 0.1400 0.7324
vn -0.7129 0.1494 0.6852
vn 0.6863 0.0522 0.7255
vn 0.7204 0.0543 0.6914
vn 0.5640 -0.4100 0.7168
vn 0.5779 -0.4209 0.6992
vn -0.5138 -0.4620 0.7229
vn -0.5355 -0.4821 0.6934
vn -0.3440 -0.6040 0.7189
vn -0.3545 -0.6232 0.6971
vn 0.5402 -0.4465 0.7133
vn 0.5547 -0.4371 0.7080
vn 0.5545 -0.4376 0.7078
vn 0.5481 -0.4539 0.7025
vn -0.4021 -0.5656 0.7200
vn -0.4157 -0.5854 0.6961
vn 0.7200 -0.3355 0.6075
vn 0.7299 -0.4176 0.5412
vn 0.6861 -0.4444 0.5760
vn 0.6950 -0.3475 0.6294
vn 0.7165 -0.2772 -0.6402
vn 0.7197 -0.2142 -0.6604
vn 0.6952 -0.2217 -0.6838
vn 0.6983 -0.2845 -0.6569
vn 0.7233 -0.5519 0.4151
vn 0.7224 -0.6032 0.3381
vn 0.6930 -0.6289 0.3523
vn 0.6922 -0.5769 0.4336
vn 0.7490 -0.6523 0.1159
vn 0.7420 -0.6632 -0.0983
vn 0.6762 -0.7287 -0.1080
vn 0.6704 -0.7305 0.1300
vn 0.7247 -0.5763 -0.3777
vn 0.7230 -0.5179 -0.4571
vn 0.6925 -0.5407 -0.4775
vn 0.6912 -0.6043 -0.3963
vn 0.7252 -0.5831 0.3661
vn 0.7227 -0.6318 0.2804
vn 0.6932 -0.6587 0.2925
vn 0.6907 -0.6124 0.3846
vn 0.7145 -0.4096 -0.5672
vn 0.7194 -0.3575 -0.5955
vn 0.6957 -0.3695 -0.6160
vn 0.7003 -0.4177 -0.5788
vn 0.7214 -0.4557 -0.5215
vn 0.6940 -0.4737 -0.5423
vn 0.7143 -0.2718 0.6449
vn 0.7301 -0.3441 0.5904
vn 0.6860 -0.3663 0.6287
vn 0.7005 -0.2769 0.6577
vn 0.6770 0.1032 0.7288
vn 0.7402 0.0944 0.6657
vn 0.6769 0.1036 0.7287
vn 0.6769 0.1035 0.7287
vn 0.7373 -0.1029 -0.6676
vn 0.7127 -0.0000 -0.7015
vn 0.7018 0.0003 -0.7124
vn 0.6794 -0.1114 -0.7253
vn 0.7498 0.1412 -0.6464
vn 0.6656 0.1461 -0.7319
vn 0.6656 0.1462 -0.7319
vn 0.6691 0.1587 -0.7261
vn 0.7205 -0.1387 -0.6795
vn 0.7357 -0.0144 -0.6771
vn 0.6807 -0.0157 -0.7324
vn 0.6944 -0.1439 -0.7050
vn 0.7491 -0.6522 0.1160
vn 0.7433 -0.6613 -0.1014
vn 0.6750 -0.7293 -0.1120
vn 0.6703 -0.7307 0.1299
vn 0.6995 0.0248 0.7142
vn 0.7231 -0.0000 0.6907
vn 0.6919 0.0001 0.7219
vn 0.6995 0.0249 0.7142
vn 0.7270 -0.6354 -0.2603
vn 0.6891 -0.6705 -0.2748
vn 0.7254 -0.5863 0.3605
vn 0.7214 -0.6344 0.2777
vn 0.6942 -0.6594 0.2886
vn 0.6904 -0.6162 0.3789
vn 0.7208 -0.0167 -0.6929
vn 0.6941 -0.0171 -0.7197
vn 0.7382 -0.1351 0.6609
vn 0.6786 -0.1470 0.7196
vn 0.7241 -0.2731 0.6333
vn 0.6913 -0.2860 0.6636
vn 0.7133 -0.6333 0.3002
vn 0.7572 -0.6391 0.1352
vn 0.6639 -0.7316 0.1549
vn 0.7019 -0.6436 0.3051
vn 0.7682 0.2218 -0.6006
vn 0.6549 0.2618 -0.7089
vn 0.7397 -0.1249 0.6612
vn 0.7121 -0.2387 0.6603
vn 0.7025 -0.2419 0.6693
vn 0.6773 -0.1367 0.7229
vn 0.6458 0.2278 -0.7288
vn 0.7807 0.1866 -0.5963
vn 0.7165 -0.2772 0.6402
vn 0.6983 -0.2845 0.6569
vn 0.7387 -0.1458 -0.6580
vn 0.6782 -0.1589 -0.7175
vn 0.7200 -0.3355 -0.6075
vn 0.6950 -0.3475 -0.6294
vn 0.7203 -0.6007 0.3470
vn 0.6952 -0.6224 0.3596
vn 0.7162 -0.3463 0.6059
vn 0.7180 -0.3961 0.5723
vn 0.6970 -0.4080 0.5897
vn 0.6986 -0.3549 0.6212
vn 0.7332 -0.5211 -0.4369
vn 0.7130 -0.4714 -0.5191
vn 0.7019 -0.4788 -0.5274
vn 0.6833 -0.5594 -0.4691
vn 0.7167 -0.4456 0.5364
vn 0.6983 -0.4573 0.5507
vn 0.7306 -0.1806 0.6585
vn 0.6853 -0.1923 0.7024
vn 0.7241 -0.6027 0.3353
vn 0.7227 -0.6445 0.2496
vn 0.6926 -0.6727 0.2602
vn 0.6913 -0.6316 0.3509
vn 0.7109 -0.4209 0.5635
vn 0.7170 -0.4487 0.5335
vn 0.6980 -0.4607 0.5481
vn 0.7040 -0.4248 0.5692
vn 0.7285 -0.5410 -0.4203
vn 0.7193 -0.4822 -0.5001
vn 0.6955 -0.4990 -0.5169
vn 0.6873 -0.5739 -0.4453
vn 0.7320 -0.6276 -0.2650
vn 0.6847 -0.6713 -0.2836
vn 0.7166 -0.1476 -0.6816
vn 0.7374 -0.0288 -0.6748
vn 0.6793 -0.0320 -0.7332
vn 0.6979 -0.1523 -0.6998
vn 0.7175 -0.4328 -0.5458
vn 0.7189 -0.3782 -0.5832
vn 0.6959 -0.3913 -0.6022
vn 0.6973 -0.4458 -0.5613
vn 0.7141 -0.5005 0.4895
vn 0.7264 -0.5419 0.4226
vn 0.6891 -0.5717 0.4453
vn 0.7006 -0.5105 0.4985
vn 0.7415 -0.6639 -0.0969
vn 0.7251 -0.6430 -0.2464
vn 0.6905 -0.6755 -0.2586
vn 0.6762 -0.7290 -0.1062
vn 0.7263 -0.2941 -0.6213
vn 0.7192 -0.2101 -0.6622
vn 0.6955 -0.2179 -0.6847
vn 0.6891 -0.3107 -0.6547
vn 0.7432 -0.6614 0.1012
vn 0.6748 -0.7295 0.1114
vn 0.7120 -0.2934 -0.6379
vn 0.7138 -0.2608 -0.6500
vn 0.7009 -0.2656 -0.6620
vn 0.7027 -0.2972 -0.6464
vn 0.7049 -0.0071 0.7092
vn 0.7416 -0.0978 0.6637
vn 0.6757 -0.1081 0.7292
vn 0.7049 -0.0079 0.7092
vn 0.7221 -0.4473 0.5278
vn 0.6930 -0.4667 0.5495
vn 0.7560 -0.6410 -0.1326
vn 0.6648 -0.7316 -0.1513
vn 0.7304 -0.0272 -0.6825
vn 0.7231 0.0890 -0.6850
vn 0.6920 0.0928 -0.7159
vn 0.6854 -0.0292 -0.7276
vn 0.7296 -0.3041 -0.6126
vn 0.7264 -0.1909 -0.6602
vn 0.6890 -0.2014 -0.6962
vn 0.6862 -0.3236 -0.6514
vn 0.7571 0.1571 0.6341
vn 0.7225 -0.0230 0.6910
vn 0.6925 -0.0243 0.7211
vn 0.6635 0.1793 0.7264
vn 0.7392 -0.6673 -0.0910
vn 0.7241 -0.6495 -0.2321
vn 0.6917 -0.6801 -0.2429
vn 0.6783 -0.7280 -0.0993
vn 0.7142 -0.2119 0.6671
vn 0.7250 -0.2776 0.6304
vn 0.6904 -0.2918 0.6620
vn 0.7004 -0.2163 0.6801
vn 0.7138 -0.1178 -0.6903
vn 0.7007 -0.1202 -0.7033
vn 0.7265 -0.6423 0.2442
vn 0.7404 -0.6655 0.0941
vn 0.6773 -0.7285 0.1029
vn 0.6894 -0.6771 0.2574
vn 0.7315 -0.5386 -0.4182
vn 0.7131 -0.4940 -0.4974
vn 0.7017 -0.5021 -0.5055
vn 0.6849 -0.5757 -0.4467
vn 0.7277 -0.1287 0.6737
vn 0.6878 -0.1364 0.7130
vn 0.7238 -0.6102 -0.3222
vn 0.6919 -0.6385 -0.3370
vn 0.7247 -0.4855 0.4889
vn 0.6908 -0.5096 0.5129
vn 0.7120 -0.6389 -0.2912
vn 0.7031 -0.6470 -0.2950
vn 0.7188 -0.4278 -0.5481
vn 0.6964 -0.4414 -0.5659
vn 0.7235 -0.6001 -0.3414
vn 0.6923 -0.6272 -0.3569
vn 0.7258 -0.3491 -0.5927
vn 0.6897 -0.3674 -0.6239
vn 0.7136 -0.4833 0.5071
vn 0.7309 -0.5303 0.4296
vn 0.6854 -0.5657 0.4584
vn 0.7014 -0.4917 0.5160
vn 0.7245 -0.5887 -0.3586
vn 0.7256 -0.5262 -0.4433
vn 0.6901 -0.5535 -0.4663
vn 0.6913 -0.6171 -0.3759
vn 0.7290 -0.5133 0.4528
vn 0.6870 -0.5450 0.4806
vn 0.7178 -0.4726 -0.5113
vn 0.6974 -0.4865 -0.5263
vn 0.7099 -0.0255 0.7038
vn 0.7045 -0.0257 0.7092
vn 0.7927 0.1940 0.5780
vn 0.6378 0.2450 0.7301
vn 0.6399 0.2529 0.7256
vn 0.7892 0.2025 0.5799
vn 0.7074 -0.4841 0.5149
vn 0.7235 -0.4069 -0.5576
vn 0.6918 -0.4255 -0.5833
vn 0.7265 -0.0573 0.6847
vn 0.7073 -0.1177 0.6971
vn 0.7072 -0.1173 0.6972
vn 0.6889 -0.0602 0.7223
vn 0.7234 -0.2798 -0.6312
vn 0.6919 -0.2923 -0.6602
vn 0.7296 -0.5080 0.4577
vn 0.6867 -0.5399 0.4868
vn 0.7319 0.0886 -0.6756
vn 0.6816 0.0862 -0.7267
vn 0.6815 0.0865 -0.7267
vn 0.6841 0.0951 -0.7232
vn 0.7147 -0.2162 -0.6652
vn 0.7000 -0.2205 -0.6792
vn 0.7220 -0.6052 -0.3353
vn 0.6932 -0.6307 -0.3489
vn 0.7274 -0.3600 0.5842
vn 0.6881 -0.3812 0.6174
vn 0.7168 -0.2867 0.6356
vn 0.6979 -0.2951 0.6526
vn 0.6515 0.2029 0.7310
vn 0.7754 0.1630 0.6101
vn 0.6498 0.1955 0.7345
vn 0.6517 0.2023 0.7311
vn 0.7175 -0.2305 0.6574
vn 0.6972 -0.2379 0.6763
vn 0.7482 0.1707 -0.6411
vn 0.6705 0.1902 -0.7171
vn 0.7238 -0.3684 0.5835
vn 0.6915 -0.3859 0.6106
vn 0.7156 -0.4342 0.5472
vn 0.6993 -0.4445 0.5599
vn 0.7106 -0.3804 -0.5919
vn 0.7040 -0.3841 -0.5973
vn 0.7271 -0.4269 -0.5376
vn 0.6886 -0.4510 -0.5679
vn 0.6856 0.0720 -0.7244
vn 0.6856 0.0717 -0.7244
vn 0.8549 -0.5070 0.1102
vn 0.9056 -0.4170 0.0769
vn 0.9071 -0.4107 -0.0923
vn 0.8499 -0.5113 -0.1280
vn 0.8451 -0.4190 0.3320
vn 0.8698 -0.4176 0.2628
vn 0.8494 -0.2843 0.4447
vn 0.8650 -0.2558 0.4317
vn 0.8460 -0.0962 0.5244
vn 0.8640 -0.0792 0.4972
vn 0.8640 -0.3977 -0.3087
vn 0.8425 -0.4149 -0.3435
vn 0.8590 -0.2505 -0.4465
vn 0.8393 -0.2520 -0.4818
vn 0.8619 -0.0725 -0.5019
vn 0.8487 -0.0879 -0.5215
vn 0.8757 0.1395 -0.4623
vn 0.8752 0.1397 -0.4631
vn 0.9086 0.3537 -0.2222
vn 0.7186 0.0036 -0.6954
vn 0.8674 0.1421 0.4769
vn 0.8673 0.1422 0.4771
vn 0.6899 0.0053 0.7239
vn 0.9355 0.2609 0.2381
vn 0.6745 -0.6955 -0.2475
vn 0.6645 -0.7473 -0.0069
vn 0.6647 -0.7471 -0.0063
vn 0.6703 -0.5575 0.4898
vn 0.6702 -0.5575 0.4899
vt 0.919686 0.478209
vt 0.950986 0.478208
vt 0.950986 0.768602
vt 0.919686 0.768602
vt 0.102359 1.097669
vt 0.093622 1.097715
vt 0.093586 0.853941
vt 0.102323 0.853895
vt 0.077936 0.637426
vt 0.077936 0.824650
vt 0.034223 0.824650
vt 0.034223 0.637426
vt 0.369005 1.521140
vt 0.358519 1.521120
vt 0.358522 1.469360
vt 0.369008 1.469380
vt 0.093278 -0.037805
vt 0.101198 -0.037861
vt 0.101210 0.025326
vt 0.093290 0.025382
vt 0.492398 0.248965
vt 0.492528 0.587913
vt 0.486742 0.587993
vt 0.486612 0.249045
vt 0.208559 0.528328
vt 0.208559 0.253476
vt 0.212536 0.253476
vt 0.212536 0.528328
vt 0.299466 0.560892
vt 0.299466 0.459802
vt 0.327995 0.459802
vt 0.327995 0.560892
vt 0.201496 1.000094
vt 0.230981 1.000094
vt 0.230981 1.390997
vt 0.201496 1.390997
vt 0.224921 0.229085
vt 0.224920 0.253491
vt 0.224920 0.528634
vt 0.224921 0.629373
vt 0.219391 0.629373
vt 0.219392 0.528634
vt 0.219391 0.253491
vt 0.219391 0.229085
vt 0.155795 1.112646
vt 0.155795 1.024709
vt 0.247655 1.024709
vt 0.247655 1.112646
vt 0.486351 0.483592
vt 0.486351 0.731231
vt 0.492756 0.731231
vt 0.492756 0.483592
vt 0.173841 0.049980
vt 0.249143 0.049980
vt 0.249143 0.197981
vt 0.208983 0.197981
vt 0.206458 0.197981
vt 0.177972 0.197981
vt 0.173841 0.197981
vt 0.127617 -0.076157
vt 0.131140 -0.076135
vt 0.131151 -0.136762
vt 0.127628 -0.136784
vt 0.093404 0.609158
vt 0.101324 0.609102
vt 0.101490 1.456073
vt 0.093570 1.456128
vt 0.967238 0.533147
vt 0.995277 0.533147
vt 0.995278 0.655597
vt 0.967238 0.663155
vt 0.369163 -0.672166
vt 0.358689 -0.672201
vt 0.358793 -1.801985
vt 0.369266 -1.801951
vt 0.501468 -0.130081
vt 0.501187 1.637489
vt 0.497245 1.662904
vt 0.497527 -0.104667
vt 0.496518 0.818408
vt 0.500888 0.790171
vt 0.500911 1.771094
vt 0.496540 1.742864
vt 0.101084 -0.616964
vt 0.093164 -0.616908
vt 0.093136 -0.760456
vt 0.101056 -0.760512
vt 0.492396 0.246079
vt 0.492520 0.567794
vt 0.486734 0.567874
vt 0.486611 0.246159
vt 0.215377 0.050132
vt 0.141972 0.050132
vt 0.141972 -0.142499
vt 0.215377 -0.142499
vt 0.492235 0.053798
vt 0.492235 0.575975
vt 0.486784 0.575975
vt 0.486784 0.053798
vt 0.086619 0.824650
vt 0.020791 0.824650
vt 0.020791 0.057098
vt 0.086619 0.057098
vt 0.019758 0.824650
vt 0.085585 0.824650
vt 0.085585 0.057098
vt 0.019758 0.057098
vt 0.493928 -1.400398
vt 0.493931 -1.420771
vt 0.500940 -1.420741
vt 0.500938 -1.400367
vt 0.500931 -1.338449
vt 0.493921 -1.338479
vt 0.493924 -1.369438
vt 0.488705 0.759522
vt 0.488638 1.043748
vt 0.487191 1.043679
vt 0.487258 0.759453
vt 0.427832 0.633570
vt 0.427832 0.341062
vt 0.450664 0.341062
vt 0.450664 0.633570
vt 0.139305 0.049980
vt 0.214146 0.049980
vt 0.214146 0.197981
vt 0.210364 0.197981
vt 0.181878 0.197981
vt 0.179178 0.197981
vt 0.139305 0.197981
vt 0.492235 0.063191
vt 0.492235 0.568379
vt 0.486784 0.568379
vt 0.486784 0.063191
vt 0.486615 -0.130528
vt 0.486615 -0.160246
vt 0.491278 -0.160246
vt 0.491278 -0.130528
vt 0.135590 0.655858
vt 0.135589 0.050758
vt 0.159647 0.050758
vt 0.159647 0.655858
vt 0.148748 0.655858
vt 0.125616 1.989975
vt 0.129363 1.989971
vt 0.129364 2.041154
vt 0.125618 2.041158
vt 0.209059 0.051749
vt 0.209059 0.999308
vt 0.179640 0.999308
vt 0.179640 0.051749
vt 0.377369 0.601833
vt 0.372185 0.601824
vt 0.372187 0.560481
vt 0.377371 0.560491
vt 0.102180 -0.130240
vt 0.102144 -0.371932
vt 0.106026 -0.371952
vt 0.106028 -0.355559
vt 0.106059 -0.142470
vt 0.492235 0.063190
vt 0.486784 0.063190
vt 0.147332 0.050132
vt 0.147332 -0.142499
vt 0.249969 -0.142499
vt 0.249969 0.050132
vt 0.101639 2.219081
vt 0.101601 2.024813
vt 0.093681 2.024869
vt 0.093719 2.219137
vt 0.101639 2.219079
vt 0.093719 2.219135
vt 0.093442 -0.130194
vt 0.102353 1.055938
vt 0.093616 1.055984
vt 0.093502 0.276582
vt 0.105010 1.464159
vt 0.104841 0.600238
vt 0.104846 0.627040
vt 0.104872 0.760733
vt 0.104901 0.908501
vt 0.104925 1.030467
vt 0.104958 1.201690
vt 0.104984 1.333037
vt 0.358270 1.362801
vt 0.368002 1.362762
vt 0.368007 1.410802
vt 0.358276 1.410841
vt 0.101591 1.974166
vt 0.105106 1.956821
vt 0.105118 2.015872
vt 0.106068 -0.081995
vt 0.106087 0.050084
vt 0.106125 0.307815
vt 0.106148 0.463075
vt 0.106172 0.631273
vt 0.106197 0.796883
vt 0.106231 1.035420
vt 0.226087 0.050132
vt 0.152683 0.050132
vt 0.152683 -0.142499
vt 0.226087 -0.142499
vt 0.427898 0.631860
vt 0.427898 0.339364
vt 0.450740 0.339364
vt 0.450740 0.631860
vt 0.004411 0.824650
vt 0.004411 0.637426
vt 0.004411 0.259906
vt 0.004411 0.057097
vt 0.062430 0.057097
vt 0.062430 0.259906
vt 0.062430 0.637426
vt 0.062430 0.824650
vt 0.214777 0.050132
vt 0.141372 0.050132
vt 0.141372 -0.142499
vt 0.214777 -0.142499
vt 0.106035 -0.309739
vt 0.106078 -0.017346
vt 0.106103 0.155358
vt 0.106120 0.272929
vt 0.106144 0.438272
vt 0.106166 0.585791
vt 0.106185 0.718941
vt 0.106207 0.866056
vt 0.102152 -0.319540
vt 0.105156 2.210140
vt 0.083183 0.055982
vt 0.083183 0.824331
vt 0.017345 0.824331
vt 0.017345 0.481188
vt 0.017345 0.055982
vt 0.274903 0.561429
vt 0.274903 0.460339
vt 0.277607 0.460339
vt 0.277607 0.561429
vt 0.243516 0.229085
vt 0.243516 0.253491
vt 0.243516 0.528634
vt 0.243516 0.629373
vt 0.214297 0.629373
vt 0.214297 0.528634
vt 0.214297 0.253491
vt 0.214297 0.229085
vt 0.247766 -0.142499
vt 0.247766 0.050132
vt 0.174361 0.050132
vt 0.174361 -0.142499
vt 0.487489 0.167412
vt 0.486184 0.167412
vt 0.486184 -0.004476
vt 0.487489 -0.004476
vt 0.491133 -0.004476
vt 0.491133 0.167412
vt 0.418854 0.488249
vt 0.418854 0.316027
vt 0.424710 0.316027
vt 0.424710 0.488249
vt 0.486349 0.514734
vt 0.486349 0.747251
vt 0.492756 0.747251
vt 0.492756 0.514734
vt 0.106238 1.080193
vt 0.106241 1.097648
vt 0.093720 0.850538
vt 0.102702 0.851221
vt 0.106713 0.841413
vt 0.106764 0.817200
vt 0.093792 0.816214
vt 0.558778 0.852731
vt 0.555093 0.882579
vt 0.549821 0.907967
vt 0.538737 0.926685
vt 0.527646 0.907967
vt 0.522520 0.882579
vt 0.518709 0.852731
vt 0.516685 0.817056
vt 0.516685 0.404063
vt 0.561085 0.404063
vt 0.561085 0.817056
vt 0.093407 -0.371886
vt 0.052627 0.824253
vt 0.052627 0.058118
vt 0.068430 0.058118
vt 0.068430 0.824253
vt 0.104730 0.033412
vt 0.104714 -0.046726
vt 0.093415 -0.319494
vt 0.093407 -0.372500
vt 0.102144 -0.372546
vt 0.079872 0.057097
vt 0.079872 0.259906
vt 0.079872 0.637426
vt 0.079872 0.824650
vt 0.063223 0.824650
vt 0.063223 0.057097
vt 0.104604 -0.608878
vt 0.104576 -0.752426
vt 0.281363 0.657723
vt 0.281363 0.631796
vt 0.329251 0.631796
vt 0.329251 0.657723
vt 0.057736 0.057097
vt 0.057736 0.259906
vt 0.057736 0.637426
vt 0.057736 0.824650
vt 0.020586 0.824650
vt 0.020586 0.057097
vt 0.093261 0.405317
vt 0.102153 0.405284
vt 0.102147 0.352831
vt 0.093256 0.352864
vt 0.052628 0.058118
vt 0.052628 0.824253
vt 0.022918 0.824650
vt 0.002908 0.824650
vt 0.002908 0.057097
vt 0.022918 0.057097
vt 0.102147 0.352835
vt 0.093256 0.352867
vt 0.500181 0.273645
vt 0.500090 0.309477
vt 0.498375 0.309319
vt 0.498428 0.284792
vt 0.501046 0.920297
vt 0.501046 0.937652
vt 0.497815 0.937652
vt 0.497816 -0.236687
vt 0.501047 -0.236687
vt 0.501046 0.341805
vt 0.106027 -0.361283
vt 0.106104 0.416754
vt 0.106098 0.364301
vt 0.282011 0.560320
vt 0.282011 0.457299
vt 0.333979 0.457299
vt 0.333979 0.560320
vt 0.052628 0.737176
vt 0.068430 0.737176
vt 0.093672 1.974222
vt 0.052627 0.737176
vt 0.678279 0.336441
vt 0.766882 0.336441
vt 0.761720 0.354488
vt 0.682884 0.354488
vt 0.280420 0.630105
vt 0.280420 0.660069
vt 0.276087 0.660069
vt 0.276087 0.630105
vt 0.492400 0.254278
vt 0.492521 0.570248
vt 0.486735 0.570328
vt 0.486614 0.254358
vt 0.321278 0.456672
vt 0.321278 0.482747
vt 0.288743 0.482747
vt 0.288743 0.456672
vt 0.077201 0.259906
vt 0.077201 0.637426
vt 0.077201 0.824650
vt 0.032771 0.824650
vt 0.032771 0.057097
vt 0.077201 0.057097
vt 0.095573 0.414294
vt 0.093814 0.390367
vt 0.093846 0.352685
vt 0.093885 0.306964
vt 0.101734 0.307205
vt 0.101643 0.414480
vt 0.104745 0.109449
vt 0.101226 0.109474
vt 0.093617 1.695413
vt 0.104621 -0.519913
vt 0.104648 -0.386219
vt 0.104667 -0.287708
vt 0.104693 -0.156361
vt 0.093269 0.483063
vt 0.102161 0.483031
vt 0.101307 0.522932
vt 0.104825 0.522907
vt 0.687127 0.353157
vt 0.687127 0.333621
vt 0.761505 0.333621
vt 0.757400 0.353157
vt 0.764461 0.334535
vt 0.764461 0.356657
vt 0.683118 0.356657
vt 0.678367 0.334535
vt 0.689472 0.355941
vt 0.694719 0.338193
vt 0.748203 0.338193
vt 0.754054 0.355941
vt 0.689379 0.817402
vt 0.695538 0.860029
vt 0.705567 0.903274
vt 0.717395 0.924800
vt 0.728537 0.924109
vt 0.739834 0.903850
vt 0.750765 0.860029
vt 0.756637 0.817402
vt 0.761840 0.735595
vt 0.762608 0.404018
vt 0.765490 0.383010
vt 0.768694 0.350789
vt 0.768045 0.746620
vt 0.762139 0.835233
vt 0.751954 0.905122
vt 0.733337 0.956936
vt 0.710975 0.956113
vt 0.693510 0.904168
vt 0.680367 0.805514
vt 0.677545 0.748207
vt 0.676973 0.350789
vt 0.680422 0.383010
vt 0.683689 0.404018
vt 0.683401 0.737325
vt 0.762479 0.356737
vt 0.683560 0.356737
vt 0.680293 0.335729
vt 0.765361 0.335729
vt 0.761840 0.734447
vt 0.756637 0.816254
vt 0.750765 0.858881
vt 0.739834 0.902702
vt 0.728537 0.922960
vt 0.717395 0.923652
vt 0.705567 0.902126
vt 0.695538 0.858881
vt 0.689379 0.816254
vt 0.683401 0.736176
vt 0.008473 0.823950
vt 0.008473 0.736607
vt 0.008473 0.055468
vt 0.041998 0.055468
vt 0.042588 0.411000
vt 0.048354 0.510166
vt 0.066077 0.640792
vt 0.089848 0.710342
vt 0.048755 0.823950
vt 0.749316 0.359048
vt 0.695325 0.359048
vt 0.695325 0.332861
vt 0.749316 0.332861
vt 0.101041 -0.835878
vt 0.093122 -0.835822
vt 0.095322 -0.835837
vt 0.098111 1.210414
vt 0.098070 1.605880
vt 0.098017 2.110449
vt 0.092586 2.110429
vt 0.092680 1.210394
vt 0.156262 0.166561
vt 0.156262 -0.608475
vt 0.234216 -0.608475
vt 0.234216 0.228253
vt 0.244804 -0.608475
vt 0.244804 0.166561
vt 0.145343 0.087848
vt 0.145343 0.050344
vt 0.145343 -0.142618
vt 0.145343 -0.177968
vt 0.145343 -0.608475
vt 0.106112 0.494497
vt 0.104974 0.663125
vt 0.101248 0.674194
vt 0.101190 0.633743
vt 0.104932 0.633552
vt 0.169974 0.004949
vt 0.169974 -0.544641
vt 0.176721 -0.544641
vt 0.176721 -0.176621
vt 0.176721 -0.141355
vt 0.176721 0.051148
vt 0.176721 0.088563
vt 0.176721 0.228633
vt 0.169974 0.228633
vt 0.169974 0.051148
vt 0.029206 0.058118
vt 0.029206 0.824253
vt 0.095265 -1.128003
vt 0.100984 -1.128044
vt 0.101001 -1.044567
vt 0.095281 -1.044527
vt 0.095273 -1.090124
vt 0.104560 -0.835902
vt 0.104567 -0.799468
vt 0.100943 -1.336736
vt 0.095224 -1.336695
vt 0.093023 -1.336680
vt 0.093007 -1.420156
vt 0.100927 -1.420212
vt 0.088272 0.825142
vt 0.027999 0.825142
vt 0.032536 0.792710
vt 0.049059 0.759308
vt 0.063132 0.690365
vt 0.075350 0.543514
vt 0.074675 0.058480
vt 0.088272 0.058480
vt 0.252130 0.051468
vt 0.252130 0.229135
vt 0.163870 0.229135
vt 0.163870 0.051468
vt 0.104445 -1.420236
vt 0.104455 -1.370844
vt 0.104462 -1.336760
vt 0.104502 -1.128069
vt 0.104509 -1.096519
vt 0.104512 -1.078490
vt 0.104519 -1.044592
vt 0.101581 1.923813
vt 0.093662 1.923869
vt 0.608151 0.941404
vt 0.621389 0.958439
vt 0.634428 0.943037
vt 0.645727 0.907258
vt 0.656151 0.831924
vt 0.659160 0.754283
vt 0.659297 0.387889
vt 0.668261 0.387889
vt 0.668112 0.790614
vt 0.658409 0.906901
vt 0.649347 0.957311
vt 0.636187 0.998315
vt 0.606716 0.998709
vt 0.593998 0.957270
vt 0.585757 0.904608
vt 0.576718 0.799070
vt 0.575683 0.387889
vt 0.585856 0.387889
vt 0.585447 0.752645
vt 0.589393 0.845533
vt 0.597034 0.902000
vt 0.751585 0.354005
vt 0.678687 0.354005
vt 0.678687 0.331883
vt 0.751585 0.331883
vt 0.510277 0.514025
vt 0.510277 0.761214
vt 0.506758 0.761214
vt 0.506758 0.503180
vt 0.510277 0.503180
vt 0.767135 0.357828
vt 0.716135 0.357827
vt 0.716135 0.333221
vt 0.767135 0.333222
vt 0.769698 0.687998
vt 0.773260 0.687998
vt 0.773260 0.374959
vt 0.773260 0.358936
vt 0.767629 0.358936
vt 0.767629 0.400572
vt 0.769698 0.426186
vt 0.684983 0.352051
vt 0.684983 0.329930
vt 0.758424 0.329930
vt 0.758424 0.352051
vt 0.748662 0.357372
vt 0.697662 0.357372
vt 0.697662 0.330095
vt 0.748662 0.330095
vt 0.729076 0.356719
vt 0.678452 0.356719
vt 0.678452 0.329442
vt 0.729076 0.329442
vt 0.756801 0.355699
vt 0.705801 0.355699
vt 0.705801 0.335229
vt 0.756801 0.335230
vt 0.729334 0.353374
vt 0.678710 0.353374
vt 0.678710 0.332904
vt 0.729334 0.332904
vt 0.513205 0.762679
vt 0.510277 0.762679
vt 0.513205 0.514025
vt 0.757935 0.353650
vt 0.684495 0.353650
vt 0.684495 0.335450
vt 0.757935 0.335450
vt 0.758746 0.351696
vt 0.685848 0.351697
vt 0.685848 0.333497
vt 0.758746 0.333497
vt 0.731401 0.357827
vt 0.680777 0.357827
vt 0.680777 0.333221
vt 0.731401 0.333221
vt 0.002146 0.825142
vt 0.002146 0.058480
vt 0.010599 0.058480
vt 0.011853 0.556901
vt 0.022810 0.684831
vt 0.032800 0.748667
vt 0.048216 0.798898
vt 0.042981 0.825142
vt 0.658001 0.752696
vt 0.654124 0.842934
vt 0.646074 0.903284
vt 0.635804 0.940625
vt 0.621899 0.957771
vt 0.608024 0.942018
vt 0.599938 0.915765
vt 0.589429 0.839468
vt 0.586099 0.753504
vt 0.586099 0.661143
vt 0.658001 0.661143
vt 0.766279 0.354344
vt 0.681006 0.354344
vt 0.681006 0.332222
vt 0.766279 0.332222
vt 0.431017 0.219238
vt 0.431018 0.220056
vt 0.431249 0.220127
vt 0.431247 0.219308
vt 0.431150 0.218983
vt 0.431151 0.219803
vt 0.501048 0.893224
vt 0.501046 0.912510
vt 0.494036 0.912480
vt 0.494038 0.893194
vt 0.494137 0.073993
vt 0.494140 0.053669
vt 0.501150 0.053699
vt 0.501147 0.074024
vt 0.491133 1.532580
vt 0.491133 1.392433
vt 0.491133 1.357989
vt 0.491133 1.187892
vt 0.491133 1.150406
vt 0.491133 0.999068
vt 0.491133 0.957549
vt 0.491133 0.807557
vt 0.491133 0.775037
vt 0.491133 0.733715
vt 0.493168 0.733715
vt 0.493168 1.532580
vt 0.494617 -0.427418
vt 0.494617 -0.714146
vt 0.494617 -0.973695
vt 0.494616 -1.261214
vt 0.494616 -1.583471
vt 0.494616 -1.812644
vt 0.494616 -2.149245
vt 0.494616 -2.719164
vt 0.500453 -2.719164
vt 0.500454 -0.427418
vt 0.494547 -0.010043
vt 0.494547 -0.427419
vt 0.500384 -0.427419
vt 0.500384 0.901744
vt 0.494547 0.901744
vt 0.494547 0.486412
vt 0.491892 -0.160247
vt 0.491892 -0.130528
vt 0.487467 -0.130528
vt 0.487467 -0.160247
vt 0.497121 1.559441
vt 0.497174 1.478480
vt 0.497243 1.372333
vt 0.497278 1.318186
vt 0.499243 1.318232
vt 0.498990 1.707348
vt 0.497025 1.707302
vt 0.497032 1.696079
vt 0.497057 1.658392
vt 0.491411 0.733716
vt 0.491411 0.501341
vt 0.491411 0.270391
vt 0.493446 0.270391
vt 0.493446 0.733716
vt 0.494617 3.197577
vt 0.494617 2.732614
vt 0.494617 2.409826
vt 0.494617 2.081968
vt 0.494617 1.779363
vt 0.494617 1.277033
vt 0.494617 1.019611
vt 0.494617 0.901744
vt 0.500454 0.901744
vt 0.500454 3.197577
vt 0.494547 -0.460394
vt 0.500384 -0.460394
vt 0.500384 0.933033
vt 0.494547 0.933033
vt 0.416491 0.123998
vt 0.416747 0.113738
vt 0.416506 0.113638
vt 0.416256 0.123903
vt 0.491892 0.223939
vt 0.487467 0.223939
vt 0.501161 -1.511580
vt 0.501161 -1.532201
vt 0.494464 -1.532202
vt 0.494464 -1.436820
vt 0.501160 -1.436819
vt 0.501162 -1.757532
vt 0.501162 -1.778152
vt 0.494466 -1.778152
vt 0.494466 -1.757533
vt 0.494464 -1.511582
vt 0.501161 -1.511581
vt 0.426878 0.117929
vt 0.426357 0.127969
vt 0.426599 0.128066
vt 0.427127 0.118031
vt 0.486615 0.223939
vt 0.491278 0.223939
vt 0.501318 -1.338449
vt 0.494308 -1.338479
vt 0.494310 -1.358699
vt 0.501321 -1.358669
vt 0.487787 0.223939
vt 0.487787 0.194221
vt 0.492427 0.194221
vt 0.492427 0.223939
vt 0.487787 0.331687
vt 0.492427 0.331687
vt 0.487218 0.671910
vt 0.487218 0.588179
vt 0.491626 0.615172
vt 0.491589 0.671910
vt 0.487728 -0.243344
vt 0.485449 -0.270040
vt 0.490123 -0.270040
vt 0.492402 -0.243344
vt 0.497285 1.307410
vt 0.499250 1.307456
vt 0.501158 -0.813089
vt 0.494461 -0.813091
vt 0.494455 0.280673
vt 0.501151 0.280675
vt 0.497361 0.304770
vt 0.497452 0.268936
vt 0.499236 0.280872
vt 0.499157 0.304935
vt 0.501232 0.350288
vt 0.501207 0.270461
vt 0.494407 0.270538
vt 0.494414 0.290304
vt 0.494432 0.350366
vt 0.488556 1.394295
vt 0.488560 1.375925
vt 0.489820 1.390989
vt 0.489795 1.456746
vt 0.488537 1.473035
vt 0.501151 0.263004
vt 0.494455 0.263003
vt 0.494451 1.014323
vt 0.501148 1.014325
vt 0.497702 0.666222
vt 0.497709 0.655517
vt 0.499712 0.655564
vt 0.499705 0.666269
vt 0.500412 0.271725
vt 0.500320 0.307557
vt 0.498536 0.307393
vt 0.498588 0.283202
vt 0.494407 0.270159
vt 0.501207 0.270081
vt 0.491116 1.532279
vt 0.486350 1.532279
vt 0.486350 1.509186
vt 0.486351 0.474931
vt 0.491116 0.474931
vt 0.499147 0.309172
vt 0.499238 0.273340
vt 0.500792 0.284880
vt 0.500765 0.309321
vt 0.490578 0.588178
vt 0.490578 0.671909
vt 0.486797 0.671909
vt 0.486879 0.614805
vt 0.501213 0.290226
vt 0.501207 0.270084
vt 0.494407 0.270161
vt 0.494433 0.350366
vt 0.501148 0.998301
vt 0.494452 0.998300
vt 0.494451 1.099758
vt 0.501147 1.099759
vt 0.279238 0.657723
vt 0.279238 0.631796
vt 0.332999 0.631796
vt 0.332999 0.657723
vt 0.492019 0.220594
vt 0.492059 0.159125
vt 0.493937 0.169517
vt 0.493924 0.211141
vt 0.491966 0.588178
vt 0.491966 0.671908
vt 0.487973 0.671908
vt 0.487949 0.613202
vt 0.487384 0.671909
vt 0.487384 0.588178
vt 0.491413 0.614598
vt 0.491391 0.671909
vt 0.494408 0.273033
vt 0.501208 0.272955
vt 0.488623 1.105330
vt 0.487109 1.394226
vt 0.487177 1.105261
vt 0.501143 1.828393
vt 0.501147 1.082776
vt 0.494451 1.082775
vt 0.494447 1.828392
vt 0.494447 1.738200
vt 0.494446 2.008823
vt 0.501142 2.008825
vt 0.501143 1.993209
vt 0.501144 1.738202
vt 0.498836 0.311073
vt 0.498927 0.275241
vt 0.500618 0.286107
vt 0.500544 0.311230
vt 0.501226 0.332228
vt 0.494427 0.332306
vt 0.494461 0.439393
vt 0.501260 0.439315
vt 0.487502 0.770275
vt 0.487425 0.555255
vt 0.490918 0.575349
vt 0.491009 0.770230
vt 0.490574 0.464070
vt 0.490574 0.588178
vt 0.486890 0.588178
vt 0.486799 0.486758
vt 0.492411 -0.382183
vt 0.492417 -0.391642
vt 0.494213 -0.391600
vt 0.494131 -0.282345
vt 0.492339 -0.272073
vt 0.499113 0.317541
vt 0.499248 0.264430
vt 0.500839 0.274287
vt 0.500689 0.317685
vt 0.486128 2.943059
vt 0.490400 2.943059
vt 0.490400 2.965563
vt 0.486128 2.965563
vt 0.494442 2.838683
vt 0.501138 2.838685
vt 0.494446 1.993208
vt 0.494466 -1.778154
vt 0.494447 0.439437
vt 0.501332 0.439454
vt 0.501331 0.455818
vt 0.494446 0.455801
vt 0.483798 -0.751937
vt 0.483833 -0.805336
vt 0.483921 -0.941933
vt 0.485529 -0.941895
vt 0.485182 -0.392047
vt 0.483558 -0.382390
vt 0.483618 -0.474936
vt 0.483687 -0.581910
vt 0.004437 0.825142
vt 0.002822 0.795688
vt 0.486971 0.521653
vt 0.487379 0.294922
vt 0.491531 0.295191
vt 0.491123 0.521921
vt 0.382432 0.318073
vt 0.382432 0.285448
vt 0.385665 0.285448
vt 0.388769 0.318073
vt 0.180596 0.052069
vt 0.180596 1.000438
vt 0.173525 1.000438
vt 0.173525 0.991616
vt 0.173525 0.777479
vt 0.173525 0.752128
vt 0.173525 0.052069
vt 0.499813 0.937653
vt 0.497282 0.920298
vt 0.497282 0.991693
vt 0.499813 1.009048
vt 0.232318 0.198427
vt 0.232318 1.000636
vt 0.232318 1.161573
vt 0.232318 1.361449
vt 0.185132 1.361449
vt 0.185132 1.216648
vt 0.185132 1.112203
vt 0.185132 1.024374
vt 0.185132 1.000636
vt 0.185132 0.050431
vt 0.232318 0.050431
vt 0.256304 0.561429
vt 0.256305 0.460339
vt 0.260092 0.460339
vt 0.260092 0.561429
vt 0.369258 -0.195170
vt 0.378352 -0.167687
vt 0.378367 -0.019984
vt 0.369273 -0.040343
vt 0.382831 0.488249
vt 0.382831 0.316027
vt 0.388318 0.316027
vt 0.388318 0.488249
vt 0.419774 0.285448
vt 0.417499 0.318073
vt 0.212690 0.999291
vt 0.212690 0.656126
vt 0.216667 0.656126
vt 0.216667 0.999291
vt 0.125077 0.767759
vt 0.127354 0.782072
vt 0.131072 0.782156
vt 0.128794 0.767843
vt 0.177464 0.629373
vt 0.177464 0.528634
vt 0.177464 0.253491
vt 0.177464 0.229085
vt 0.197776 0.229085
vt 0.197775 0.253491
vt 0.197775 0.528634
vt 0.197776 0.629373
vt 0.256304 0.157040
vt 0.260092 0.157040
vt 0.372567 -0.290394
vt 0.377806 -0.290429
vt 0.377793 -0.359796
vt 0.372553 -0.359761
vt 0.919502 0.143602
vt 0.950802 0.143602
vt 0.950802 0.432066
vt 0.919502 0.432066
vt 0.190606 0.229085
vt 0.190605 0.253491
vt 0.190605 0.528634
vt 0.190606 0.629373
vt 0.184683 0.629373
vt 0.184682 0.528634
vt 0.184682 0.253491
vt 0.184683 0.229085
vt 0.390116 0.319099
vt 0.386902 0.286417
vt 0.421070 0.286417
vt 0.418816 0.319099
vt 0.486349 0.450027
vt 0.486349 0.770319
vt 0.492756 0.770319
vt 0.492756 0.450027
vt 0.138255 0.051233
vt 0.150233 0.051233
vt 0.150233 0.745962
vt 0.138254 0.745963
vt 0.492235 0.575976
vt 0.486784 0.575976
vt 0.164982 0.198252
vt 0.164982 0.527747
vt 0.157657 0.527747
vt 0.157657 0.198252
vt 0.487375 0.543429
vt 0.490343 0.576956
vt 0.490343 0.622250
vt 0.487375 0.588723
vt 0.160145 1.390540
vt 0.160146 0.999739
vt 0.184990 0.999739
vt 0.184990 1.390540
vt 0.260579 0.628644
vt 0.260579 0.655666
vt 0.256791 0.655666
vt 0.256791 0.628644
vt 0.496807 0.920297
vt 0.499873 0.937652
vt 0.499873 1.009048
vt 0.496807 0.991693
vt 0.187690 0.656939
vt 0.187690 0.528874
vt 0.218982 0.528874
vt 0.218982 0.656939
vt 0.125737 1.932891
vt 0.129383 1.932909
vt 0.129393 1.864556
vt 0.125746 1.864538
vt 0.358646 1.153706
vt 0.358646 -0.080757
vt 0.358646 -0.100762
vt 0.362025 -0.100762
vt 0.362025 1.153706
vt 0.130947 0.577864
vt 0.126192 0.577856
vt 0.126193 0.553799
vt 0.130948 0.553807
vt 0.011188 0.488769
vt 0.019361 0.582022
vt 0.032279 0.631677
vt 0.043986 0.657109
vt 0.056905 0.657109
vt 0.070025 0.634099
vt 0.080521 0.580811
vt 0.086778 0.528735
vt 0.089569 0.481502
vt 0.089528 0.824331
vt 0.011215 0.824331
vt 0.372567 -0.290392
vt 0.372778 0.833742
vt 0.378018 0.833706
vt 0.377806 -0.290428
vt 0.102490 0.627567
vt 0.106505 0.606886
vt 0.106440 0.638653
vt 0.102468 0.638360
vt 0.372864 1.292020
vt 0.378104 1.291984
vt 0.372852 1.225863
vt 0.372554 -0.359371
vt 0.377793 -0.359407
vt 0.378092 1.225827
vt 0.126562 1.475321
vt 0.126565 1.350348
vt 0.126568 1.243941
vt 0.126569 1.194758
vt 0.126572 1.077588
vt 0.126575 0.971989
vt 0.126577 0.859159
vt 0.126578 0.818656
vt 0.126581 0.708720
vt 0.126583 0.617589
vt 0.126586 0.501863
vt 0.126587 0.474379
vt 0.126590 0.362994
vt 0.126591 0.293565
vt 0.126593 0.219786
vt 0.126596 0.115636
vt 0.126598 0.030290
vt 0.126600 -0.070967
vt 0.126603 -0.163545
vt 0.126605 -0.269523
vt 0.129597 -0.269520
vt 0.129554 1.475324
vt 0.106642 -0.002499
vt 0.106663 0.710134
vt 0.122250 0.710118
vt 0.122229 -0.002515
vt 0.106672 1.000656
vt 0.122259 1.000640
vt 0.106672 0.995287
vt 0.106642 -0.009656
vt 0.122229 -0.009672
vt 0.122259 0.995270
vt 0.911310 0.264313
vt 0.910962 0.124211
vt 0.947387 0.124526
vt 0.946816 0.264622
vt 0.945469 0.554312
vt 0.943727 0.706010
vt 0.909964 0.705719
vt 0.910354 0.554000
vt 0.368897 0.913132
vt 0.368928 -0.018842
vt 0.377349 -0.018832
vt 0.377319 0.887978
vt 0.127546 0.333406
vt 0.127535 0.310901
vt 0.131233 0.310835
vt 0.131245 0.333340
vt 0.131253 0.350624
vt 0.127555 0.350691
vt 0.498927 1.072348
vt 0.498813 0.915542
vt 0.500438 0.934587
vt 0.500538 1.072306
vt 0.369603 1.054006
vt 0.369113 -0.306095
vt 0.377789 -0.279915
vt 0.378270 1.053894
vt 0.369622 1.068300
vt 0.369133 -0.289114
vt 0.377785 -0.289226
vt 0.378267 1.046960
vt 0.491940 0.028815
vt 0.492119 0.904788
vt 0.487717 0.908806
vt 0.487538 0.032832
vt 0.911091 0.704400
vt 0.912176 0.552483
vt 0.911458 0.262862
vt 0.911188 0.122870
vt 0.951856 0.123226
vt 0.950950 0.263274
vt 0.951254 0.552941
vt 0.949747 0.704722
vt 0.129362 1.959754
vt 0.125616 1.959758
vt 0.125586 0.792148
vt 0.129333 0.792144
vt 0.491345 -0.210957
vt 0.491345 0.543428
vt 0.487206 0.523060
vt 0.487206 -0.210957
vt 0.486883 0.643056
vt 0.488820 0.623653
vt 0.492166 0.611866
vt 0.492166 0.643056
vt 0.491789 0.078303
vt 0.488077 0.063871
vt 0.485175 0.042172
vt 0.491789 0.042172
vt 0.106483 0.627677
vt 0.106482 0.570601
vt 0.122487 0.570589
vt 0.122488 0.627665
vt 0.195500 1.025043
vt 0.199493 1.025043
vt 0.199494 1.112460
vt 0.195500 1.112460
vt 0.231986 1.024773
vt 0.231986 1.112466
vt 0.167370 1.112466
vt 0.167370 1.024773
vt 0.500194 0.305211
vt 0.496994 0.314655
vt 0.496916 0.354818
vt 0.500116 0.345374
vt 0.377252 -1.120093
vt 0.377210 -0.956371
vt 0.369301 -0.969351
vt 0.369347 -1.146596
vt 0.501046 0.786000
vt 0.501046 0.588945
vt 0.501046 0.255337
vt 0.501046 0.046182
vt 0.497815 0.920297
vt 0.486606 0.384224
vt 0.486579 0.409727
vt 0.490094 0.409864
vt 0.490121 0.384361
vt 0.367994 1.290270
vt 0.358059 -0.532308
vt 0.367790 -0.532347
vt 0.130927 1.330845
vt 0.127325 1.330839
vt 0.127325 1.321853
vt 0.130927 1.321860
vt 0.487066 0.793112
vt 0.487113 0.219323
vt 0.492070 0.219337
vt 0.492024 0.793127
vt 0.497887 -1.035408
vt 0.497886 -0.864902
vt 0.500136 -0.849692
vt 0.500137 -1.020328
vt 0.500137 -1.035408
vt 0.156051 0.051750
vt 0.156053 0.999308
vt 0.142698 0.999308
vt 0.142698 0.051750
vt 0.127614 -0.061419
vt 0.131137 -0.061397
vt 0.130894 1.321646
vt 0.127371 1.321624
vt 0.348027 0.469585
vt 0.358934 0.519879
vt 0.358942 0.605537
vt 0.348039 0.605573
vt 0.348033 0.539078
vt 0.359422 -0.256112
vt 0.359411 -0.351012
vt 0.369143 -0.351051
vt 0.369154 -0.256151
vt 0.369357 1.563225
vt 0.359625 1.563264
vt 0.344137 0.395542
vt 0.344137 -0.505347
vt 0.347814 -0.505347
vt 0.347814 0.395542
vt 0.348674 0.918037
vt 0.348674 1.835158
vt 0.346204 1.835158
vt 0.346204 1.820532
vt 0.346204 0.918037
vt 0.131142 -0.086334
vt 0.130897 1.307965
vt 0.127374 1.307943
vt 0.127619 -0.086356
vt 0.357600 1.210215
vt 0.361931 1.181311
vt 0.362864 2.464217
vt 0.362965 2.602898
vt 0.358613 2.603012
vt 0.129798 -1.046541
vt 0.129795 -1.028918
vt 0.129788 -0.975876
vt 0.129773 -0.868334
vt 0.129767 -0.826023
vt 0.129754 -0.732586
vt 0.129733 -0.579208
vt 0.129719 -0.480482
vt 0.129714 -0.445223
vt 0.129700 -0.342971
vt 0.129680 -0.201923
vt 0.129666 -0.101445
vt 0.129660 -0.059130
vt 0.129644 0.055461
vt 0.129623 0.207075
vt 0.129607 0.321667
vt 0.129601 0.363976
vt 0.129584 0.490910
vt 0.129560 0.658391
vt 0.129545 0.767695
vt 0.129524 0.921205
vt 0.125877 0.921187
vt 0.126151 -1.046559
vt 0.126155 -1.074890
vt 0.129801 -1.074872
vt 0.363616 0.256711
vt 0.363615 1.132104
vt 0.358496 1.132104
vt 0.358496 0.256711
vt 0.130302 0.779168
vt 0.130302 0.347711
vt 0.127778 0.347711
vt 0.127778 0.779168
vt 0.127670 -0.415992
vt 0.127592 -0.290277
vt 0.131393 -0.274887
vt 0.131467 -0.393880
vt 0.131481 -0.415906
vt 0.130965 0.921109
vt 0.131140 -0.076132
vt 0.127617 -0.076154
vt 0.127442 0.921087
vt 0.491041 0.360880
vt 0.491041 0.310302
vt 0.491041 -0.445325
vt 0.491041 -0.616839
vt 0.492995 -0.616839
vt 0.492995 0.360880
vt 0.126378 2.115863
vt 0.126378 1.573144
vt 0.126378 1.030426
vt 0.126379 0.487707
vt 0.126379 -0.055011
vt 0.130718 -0.055011
vt 0.130718 2.115863
vt 0.125569 0.114960
vt 0.125539 -1.073686
vt 0.129285 -1.073690
vt 0.129316 0.114957
vt 0.492135 0.927936
vt 0.492135 1.913611
vt 0.491041 1.913611
vt 0.491041 1.907398
vt 0.491041 1.795974
vt 0.491041 1.009518
vt 0.491041 0.927936
vt 0.126379 2.136216
vt 0.126379 1.592530
vt 0.126379 1.048845
vt 0.126379 0.505159
vt 0.126379 -0.038527
vt 0.126379 -0.052322
vt 0.128809 -0.052322
vt 0.128809 2.136216
vt 0.486543 0.442945
vt 0.490058 0.443082
vt 0.358627 -1.368524
vt 0.358645 -1.173300
vt 0.347745 -1.142138
vt 0.347729 -1.311066
vt 0.347724 -1.368488
vt 0.486543 0.442935
vt 0.490058 0.443071
vt 0.348527 1.100050
vt 0.348527 0.801697
vt 0.348526 0.503345
vt 0.348526 0.204992
vt 0.348526 -0.093360
vt 0.359071 -0.093360
vt 0.359072 1.100050
vt 0.486047 1.068988
vt 0.486047 -0.257943
vt 0.493330 -0.257943
vt 0.493330 1.043337
vt 0.357231 -0.110204
vt 0.357231 1.132884
vt 0.348527 1.132884
vt 0.348527 1.085334
vt 0.348527 0.786449
vt 0.348527 0.487564
vt 0.348527 0.188681
vt 0.348527 -0.110204
vt 0.485997 1.079776
vt 0.485997 -0.244533
vt 0.491323 -0.223824
vt 0.491323 1.079776
vt 0.486922 0.978474
vt 0.486939 0.856404
vt 0.491442 0.874454
vt 0.491431 0.956802
vt 0.369003 1.568048
vt 0.358515 1.599227
vt 0.126679 0.125272
vt 0.126694 0.100325
vt 0.129788 0.100391
vt 0.129773 0.125338
vt 0.129368 0.810148
vt 0.126275 0.810082
vt 0.357806 -0.093359
vt 0.357806 0.330536
vt 0.357806 0.754431
vt 0.348699 0.754431
vt 0.348699 -0.093359
vt 0.489389 0.623653
vt 0.491556 0.643055
vt 0.486993 0.643055
vt 0.486993 0.611866
vt 0.501251 0.943668
vt 0.501251 1.573864
vt 0.497309 1.595828
vt 0.497309 0.921704
vt 0.501088 0.943669
vt 0.497147 0.921705
vt 0.497147 -0.854120
vt 0.501088 -0.832156
vt 0.493190 1.313033
vt 0.493216 0.490315
vt 0.485343 0.490306
vt 0.485336 0.718717
vt 0.485327 1.007653
vt 0.485317 1.313024
vt 0.497012 0.074553
vt 0.497012 -0.832156
vt 0.500953 -0.854120
vt 0.500953 0.096517
vt 0.995278 0.744846
vt 0.967238 0.744846
vt 0.493242 -0.298292
vt 0.485327 1.007641
vt 0.485344 0.470377
vt 0.485349 0.314331
vt 0.485352 0.221452
vt 0.485355 0.127805
vt 0.485360 -0.029008
vt 0.485369 -0.298301
vt 0.493260 -0.870111
vt 0.485387 -0.870120
vt 0.485368 -0.278372
vt 0.485361 -0.048938
vt 0.493234 -0.048928
vt 0.493260 -0.870110
vt 0.493242 -0.298291
vt 0.485369 -0.298300
vt 0.378026 1.760369
vt 0.372031 1.793775
vt 0.372031 1.680809
vt 0.372031 1.552326
vt 0.372031 1.525307
vt 0.372031 1.393214
vt 0.372031 1.370072
vt 0.372031 1.236896
vt 0.372031 1.128157
vt 0.372031 1.025401
vt 0.372031 1.010720
vt 0.372031 0.899401
vt 0.372031 0.881051
vt 0.372031 0.755051
vt 0.372031 0.640612
vt 0.372031 0.501097
vt 0.372031 0.471498
vt 0.372031 0.361576
vt 0.372031 0.329869
vt 0.372031 0.203039
vt 0.372031 0.046613
vt 0.372031 -0.071763
vt 0.372031 -0.234529
vt 0.372031 -0.355025
vt 0.372031 -0.502987
vt 0.372031 -0.633641
vt 0.372031 -0.794564
vt 0.378026 -0.761157
vt 0.936585 0.263624
vt 0.936226 0.123541
vt 0.979190 0.123911
vt 0.978303 0.263996
vt 0.977743 0.553683
vt 0.975744 0.705396
vt 0.935626 0.705047
vt 0.936481 0.553305
vt 0.377697 1.689833
vt 0.372126 1.725783
vt 0.372143 1.538935
vt 0.372156 1.405893
vt 0.372175 1.202038
vt 0.372190 1.047536
vt 0.372195 0.996037
vt 0.372207 0.856554
vt 0.372225 0.672013
vt 0.372238 0.532532
vt 0.372243 0.481038
vt 0.372254 0.358725
vt 0.372271 0.187059
vt 0.372282 0.062598
vt 0.372286 0.019684
vt 0.372298 -0.100495
vt 0.372315 -0.287180
vt 0.372326 -0.400909
vt 0.372331 -0.452409
vt 0.372343 -0.583303
vt 0.372351 -0.669316
vt 0.377915 -0.633327
vt 0.909578 0.346371
vt 0.956435 0.346373
vt 0.956441 0.738743
vt 0.909578 0.738743
vt 0.487056 0.093922
vt 0.486997 0.812118
vt 0.491955 0.812132
vt 0.492013 0.093936
vt 0.500291 -0.181465
vt 0.498041 -0.167160
vt 0.498044 -0.864902
vt 0.500294 -0.849692
vt 0.500293 -0.515578
vt 0.486570 -0.678783
vt 0.492158 -0.664117
vt 0.492174 -0.098042
vt 0.486586 -0.082627
vt 0.497187 0.874597
vt 0.493193 0.874597
vt 0.493191 0.486336
vt 0.493190 0.134823
vt 0.493189 -0.062803
vt 0.493187 -0.348251
vt 0.493186 -0.635610
vt 0.493185 -0.986520
vt 0.497179 -0.986521
vt 0.202459 0.999308
vt 0.202457 0.051750
vt 0.247744 0.051750
vt 0.247744 0.999308
vt 0.487489 0.957549
vt 0.486184 0.957549
vt 0.486184 0.807557
vt 0.487489 0.807557
vt 0.487489 1.150406
vt 0.486184 1.150406
vt 0.486184 0.999068
vt 0.487489 0.999068
vt 0.180676 0.999308
vt 0.180675 0.051750
vt 0.202217 0.051750
vt 0.202217 0.999308
vt 0.491133 -0.244231
vt 0.491133 -0.401777
vt 0.491133 -0.438855
vt 0.491133 -0.529898
vt 0.493168 -0.529898
vt 0.493168 0.270391
vt 0.491133 0.270391
vt 0.491133 0.203727
vt 0.491133 -0.035353
vt 0.491133 -0.214755
vt 0.493310 1.653915
vt 0.493310 1.923562
vt 0.487596 1.923562
vt 0.487596 1.653915
vt 0.493310 1.653913
vt 0.487596 1.653913
vt 0.201284 0.655513
vt 0.201284 0.746005
vt 0.194301 0.746004
vt 0.194301 0.655513
vt 0.201284 0.527793
vt 0.201284 0.199163
vt 0.194301 0.199163
vt 0.194301 0.527793
vt 0.180090 0.199283
vt 0.180090 0.527738
vt 0.187068 0.527738
vt 0.187068 0.199283
vt 0.180089 0.527738
vt 0.180089 0.199283
vt 0.493310 1.653908
vt 0.493310 1.923558
vt 0.487596 1.923558
vt 0.487596 1.653908
vt 0.180090 0.655390
vt 0.180089 0.750406
vt 0.187068 0.750405
vt 0.187068 0.655390
vt 0.439137 0.787127
vt 0.436033 0.787125
vt 0.427461 0.787119
vt 0.427461 0.829618
vt 0.439137 0.829618
vt 0.278639 0.657060
vt 0.278639 0.628970
vt 0.338570 0.628970
vt 0.338570 0.657060
vt 0.278675 0.656644
vt 0.278675 0.520270
vt 0.332244 0.520270
vt 0.332243 0.656644
vt 0.279049 0.563760
vt 0.279050 0.459696
vt 0.338981 0.459696
vt 0.338980 0.563760
vt 0.336065 0.628970
vt 0.336065 0.657060
vt 0.279049 0.459696
vt 0.336475 0.459696
vt 0.336475 0.563760
vt 0.280920 0.656644
vt 0.280921 0.520270
vt 0.332246 0.520271
vt 0.332246 0.656644
vt 0.276522 0.563761
vt 0.276522 0.459696
vt 0.329156 0.459696
vt 0.329156 0.563760
vt 0.285198 0.656644
vt 0.285198 0.520270
vt 0.332241 0.520270
vt 0.332241 0.656644
vt 0.276111 0.657060
vt 0.276111 0.628972
vt 0.328746 0.628970
vt 0.328747 0.657060
vt 0.278191 0.657061
vt 0.278191 0.628970
vt 0.335017 0.628972
vt 0.335017 0.657061
vt 0.332643 0.520271
vt 0.332643 0.656644
vt 0.287454 0.656644
vt 0.287454 0.520271
vt 0.329159 0.459696
vt 0.329159 0.563760
vt 0.278600 0.563760
vt 0.278600 0.459696
vt 0.493310 -0.569685
vt 0.493310 -0.285301
vt 0.487596 -0.285301
vt 0.487596 -0.569685
vt 0.335427 0.459696
vt 0.335427 0.563761
vt 0.278601 0.563760
vt 0.338244 0.520271
vt 0.338244 0.656645
vt 0.278638 0.657060
vt 0.278638 0.628970
vt 0.328749 0.628970
vt 0.328749 0.657061
vt 0.278190 0.657061
vt 0.278190 0.628970
vt 0.328750 0.657061
vt 0.279048 0.563760
vt 0.279048 0.459696
vt 0.435077 0.819003
vt 0.437893 0.819003
vt 0.437893 0.790814
vt 0.435077 0.790814
vt 0.332241 0.520271
vt 0.299701 0.561279
vt 0.299701 0.460189
vt 0.328230 0.460189
vt 0.328229 0.561279
vt 0.173525 0.991912
vt 0.173525 0.782217
vt 0.173525 0.747544
vt 0.487489 1.187892
vt 0.256872 0.461569
vt 0.256872 0.158270
vt 0.256872 0.131248
vt 0.259400 0.131248
vt 0.259400 0.461569
vt 0.487349 0.569013
vt 0.487349 0.749551
vt 0.491230 0.749551
vt 0.491230 0.569013
vt 0.487489 1.357989
vt 0.486184 1.357989
vt 0.486184 1.187892
vt 0.487489 -0.035353
vt 0.487489 0.203727
vt 0.486184 -0.035353
vt 0.486184 -0.214755
vt 0.487489 -0.214755
vt 0.151262 0.051765
vt 0.158327 0.051765
vt 0.158327 0.751168
vt 0.158327 0.776493
vt 0.158327 0.990433
vt 0.158327 0.999247
vt 0.151262 0.999247
vt 0.487489 1.392433
vt 0.487489 -0.244231
vt 0.486184 -0.244231
vt 0.486184 -0.401777
vt 0.487489 -0.401777
vt 0.487489 0.775037
vt 0.491843 0.713358
vt 0.491843 0.538239
vt 0.486478 0.538239
vt 0.486478 0.713358
vt 0.487489 -0.438855
vt 0.491843 0.732281
vt 0.491843 0.524365
vt 0.486478 0.524365
vt 0.486478 0.732281
vt 0.486581 0.310302
vt 0.486581 -0.027419
vt 0.486581 -0.445325
vt 0.424303 0.285448
vt 0.424303 0.318073
vt 0.208984 0.861162
vt 0.208984 0.656004
vt 0.208984 0.628757
vt 0.208983 0.527816
vt 0.249143 1.000221
vt 0.195280 1.000221
vt 0.195240 0.982838
vt 0.201447 0.965456
vt 0.204671 0.948074
vt 0.206969 0.930691
vt 0.208420 0.913309
vt 0.208984 0.895927
vt 0.208984 0.878544
vt 0.424099 0.286417
vt 0.424099 0.319099
vt 0.419180 0.488309
vt 0.419181 0.315830
vt 0.424264 0.315830
vt 0.424264 0.488309
vt 0.256871 0.562659
vt 0.259400 0.562659
vt 0.274903 0.130018
vt 0.277607 0.130018
vt 0.277607 0.157040
vt 0.491843 0.447053
vt 0.491843 0.272411
vt 0.486478 0.272411
vt 0.486478 0.447053
vt 0.249133 0.052014
vt 0.249135 0.751222
vt 0.238007 0.751222
vt 0.238006 0.052014
vt 0.389238 0.752720
vt 0.426134 0.752720
vt 0.426133 0.810364
vt 0.426132 0.832411
vt 0.426132 0.845418
vt 0.426132 0.858423
vt 0.425543 0.871429
vt 0.424659 0.884434
vt 0.424033 0.889856
vt 0.423333 0.895278
vt 0.422486 0.900700
vt 0.421528 0.906122
vt 0.420644 0.911544
vt 0.419502 0.916966
vt 0.418323 0.922388
vt 0.416997 0.927810
vt 0.415229 0.933232
vt 0.412061 0.938654
vt 0.403125 0.938654
vt 0.399773 0.933232
vt 0.397931 0.927810
vt 0.396384 0.922388
vt 0.395169 0.916966
vt 0.394174 0.911544
vt 0.393216 0.906122
vt 0.392369 0.900700
vt 0.391596 0.895278
vt 0.390859 0.889857
vt 0.390233 0.884435
vt 0.389238 0.871429
vt 0.388833 0.858423
vt 0.388833 0.845417
vt 0.389238 0.832411
vt 0.389238 0.810359
vt 0.183061 0.052014
vt 0.183063 0.751222
vt 0.170952 0.751222
vt 0.170952 0.052014
vt 0.149081 0.052014
vt 0.149081 0.751222
vt 0.138577 0.751222
vt 0.138576 0.052014
vt 0.263080 0.051233
vt 0.273056 0.051233
vt 0.273054 0.745962
vt 0.263074 0.745962
vt 0.203812 0.051702
vt 0.201284 0.051702
vt 0.201284 0.628365
vt 0.203812 0.746005
vt 0.435077 0.790813
vt 0.177562 0.051901
vt 0.180090 0.051901
vt 0.180090 0.628257
vt 0.180089 0.750407
vt 0.177562 0.750407
vt 0.180089 0.655390
vt 0.180089 0.628257
vt 0.180089 0.051901
vt 0.195598 0.051233
vt 0.205121 0.051233
vt 0.205119 0.745962
vt 0.195600 0.745962
vt 0.210943 0.052014
vt 0.210944 0.751222
vt 0.197533 0.751222
vt 0.197532 0.052014
vt 0.194301 0.746005
vt 0.427299 0.819003
vt 0.427299 0.790812
vt 0.436033 0.787126
vt 0.439137 0.787128
vt 0.203812 0.746006
vt 0.201284 0.628366
vt 0.427650 0.626422
vt 0.427651 0.340910
vt 0.474493 0.340910
vt 0.474491 0.626422
vt 0.427255 0.625000
vt 0.427256 0.342332
vt 0.474993 0.342332
vt 0.474993 0.625000
vt 0.427545 0.626005
vt 0.427545 0.342025
vt 0.474735 0.342025
vt 0.474736 0.626005
vt 0.474579 0.341743
vt 0.474579 0.625589
vt 0.427754 0.625589
vt 0.427754 0.341743
vt 0.474741 0.342884
vt 0.474741 0.626401
vt 0.427361 0.626401
vt 0.427360 0.342884
vt 0.474795 0.341291
vt 0.474796 0.626042
vt 0.427507 0.626042
vt 0.427507 0.341291
vt 0.493310 1.354571
vt 0.493310 1.594482
vt 0.487596 1.594482
vt 0.487596 1.354571
vt 0.493310 -0.616398
vt 0.493310 -0.866159
vt 0.487596 -0.866159
vt 0.487596 -0.616399
vt 0.493310 1.354569
vt 0.493310 1.594481
vt 0.487596 1.594481
vt 0.487596 1.354569
vt 0.493310 -0.616397
vt 0.487596 -0.616397
vt 0.201284 0.746004
vt 0.493310 -0.616403
vt 0.487596 -0.616403
vt 0.493310 -0.236329
vt 0.493310 0.036164
vt 0.487596 0.036164
vt 0.487596 -0.236329
vt 0.427461 0.787125
vt 0.493310 -0.236334
vt 0.487596 -0.236334
vt 0.493310 -0.236336
vt 0.487596 -0.236336
vt 0.493310 1.050970
vt 0.493310 1.288750
vt 0.487596 1.288750
vt 0.487596 1.050970
vt 0.187068 0.750406
vt 0.493310 1.288754
vt 0.493310 1.050971
vt 0.487596 1.050971
vt 0.487596 1.288754
vt 0.493310 -0.285296
vt 0.493310 -0.569683
vt 0.487596 -0.569683
vt 0.487596 -0.285296
vt 0.493310 1.288755
vt 0.487596 1.288755
vt 0.427299 0.790814
vt 0.493310 -0.569679
vt 0.493310 -0.285282
vt 0.487596 -0.285282
vt 0.487596 -0.569679
vt 0.427357 0.631904
vt 0.427357 0.340320
vt 0.450725 0.340320
vt 0.450725 0.631904
vt 0.450768 0.340209
vt 0.450768 0.632016
vt 0.427352 0.632016
vt 0.427352 0.340209
vt 0.487349 0.189701
vt 0.487349 0.456208
vt 0.491230 0.456208
vt 0.491230 0.189701
vt 0.491843 0.466611
vt 0.491843 0.258695
vt 0.486478 0.258695
vt 0.486478 0.466611
vt 0.249143 1.161164
vt 0.249143 1.361048
vt 0.173870 1.361048
vt 0.173841 1.000221
vt 0.011241 0.824331
vt 0.011240 0.636913
vt 0.062158 0.636913
vt 0.062159 0.824331
vt 0.004740 0.636913
vt 0.004738 0.259001
vt 0.004737 0.055982
vt 0.056451 0.055982
vt 0.056453 0.259001
vt 0.056457 0.636913
vt 0.056459 0.824331
vt 0.004741 0.824331
vt 0.033492 0.824331
vt 0.033490 0.636913
vt 0.081224 0.636913
vt 0.081226 0.824331
vt 0.009862 0.636913
vt 0.009859 0.259001
vt 0.009858 0.055982
vt 0.089100 0.055982
vt 0.089101 0.259001
vt 0.089102 0.539433
vt 0.089102 0.577802
vt 0.089103 0.780833
vt 0.089103 0.824331
vt 0.009863 0.824331
vt 0.021842 0.824331
vt 0.021841 0.780833
vt 0.062448 0.780833
vt 0.062448 0.824331
vt 0.068190 0.824331
vt 0.068190 0.780833
vt 0.068190 0.577802
vt 0.068190 0.539433
vt 0.068189 0.259001
vt 0.068189 0.055982
vt 0.086783 0.055982
vt 0.086783 0.824331
vt 0.054592 0.055982
vt 0.054592 0.259001
vt 0.054591 0.636913
vt 0.054590 0.824331
vt 0.009360 0.824331
vt 0.009360 0.055982
vt 0.069283 0.055982
vt 0.069283 0.259001
vt 0.028343 0.259001
vt 0.028344 0.055982
vt 0.088371 0.055982
vt 0.088370 0.259001
vt 0.037534 0.259001
vt 0.037534 0.055982
vt 0.066063 0.055982
vt 0.066063 0.259001
vt 0.012963 0.259001
vt 0.012963 0.055982
vt 0.452442 0.327343
vt 0.428472 0.327343
vt 0.428470 0.075867
vt 0.452441 0.075867
vt 0.089211 0.259001
vt 0.089211 0.636913
vt 0.089211 0.824331
vt 0.043856 0.824331
vt 0.043856 0.636913
vt 0.043855 0.259001
vt 0.043854 0.055982
vt 0.089211 0.055982
vt 0.043313 0.259001
vt 0.043313 0.636913
vt 0.043313 0.824331
vt 0.007163 0.824331
vt 0.007163 0.636913
vt 0.007164 0.259001
vt 0.007165 0.055982
vt 0.043313 0.055982
vt 0.081780 0.259001
vt 0.081783 0.636913
vt 0.081783 0.824331
vt 0.008438 0.824331
vt 0.008438 0.055982
vt 0.081779 0.055982
vt 0.028342 0.636913
vt 0.069284 0.636913
vt 0.069284 0.824331
vt 0.028341 0.824331
vt 0.037534 0.636913
vt 0.088369 0.636913
vt 0.088368 0.824331
vt 0.037534 0.824331
vt 0.080117 0.055982
vt 0.080117 0.488448
vt 0.080117 0.824331
vt 0.014600 0.824331
vt 0.014600 0.055982
vt 0.012963 0.636913
vt 0.066061 0.636913
vt 0.066061 0.824331
vt 0.012963 0.824331
vt 0.101185 0.538992
vt 0.101185 0.148189
vt 0.106596 0.173199
vt 0.106596 0.538992
vt 0.081222 0.259001
vt 0.033486 0.259001
vt 0.033484 0.055982
vt 0.081220 0.055982
vt 0.101029 0.510919
vt 0.101097 0.310550
vt 0.105328 0.310677
vt 0.105259 0.511046
vt 0.101185 0.438187
vt 0.106596 0.438187
vt 0.062448 0.259001
vt 0.021839 0.259001
vt 0.021838 0.055982
vt 0.062448 0.055982
vt 0.062156 0.259001
vt 0.011238 0.259001
vt 0.011237 0.055982
vt 0.062155 0.055982
vt 0.106596 0.173198
vt 0.452483 0.327693
vt 0.428621 0.327694
vt 0.428620 0.076338
vt 0.452482 0.076338
vt 0.062448 0.577802
vt 0.021841 0.577802
vt 0.021841 0.539433
vt 0.062448 0.539433
vt 0.101185 0.538993
vt 0.106596 0.538993
vt 0.456264 0.078452
vt 0.479963 0.078452
vt 0.479964 0.325281
vt 0.456263 0.325281
vt 0.429142 0.076214
vt 0.452218 0.076214
vt 0.452217 0.326206
vt 0.429142 0.326206
vt 0.428744 0.076543
vt 0.452131 0.076543
vt 0.452131 0.324730
vt 0.428744 0.324730
vt 0.456195 0.196978
vt 0.480086 0.196978
vt 0.480086 0.327050
vt 0.456196 0.327050
vt 0.479995 0.325916
vt 0.456270 0.325916
vt 0.456270 0.079762
vt 0.479995 0.079762
vt 0.100907 0.867751
vt 0.100966 0.695908
vt 0.105196 0.696036
vt 0.105138 0.867878
vt 0.106043 -0.136812
vt 0.106043 0.086125
vt 0.102016 0.086125
vt 0.102016 -0.136812
vt 0.101156 0.140415
vt 0.101232 -0.082466
vt 0.105462 -0.082339
vt 0.105386 0.140542
vt 0.101211 -0.022064
vt 0.101269 -0.192515
vt 0.105499 -0.192388
vt 0.105441 -0.021937
vt 0.101031 0.505530
vt 0.101104 0.292147
vt 0.105334 0.292274
vt 0.105261 0.505657
vt 0.106043 0.860082
vt 0.106043 1.084852
vt 0.102016 1.084852
vt 0.102016 0.860082
vt 0.106043 0.331995
vt 0.106043 0.611081
vt 0.102015 0.611081
vt 0.102015 0.331995
vt 0.100882 0.941719
vt 0.100955 0.727990
vt 0.105185 0.728117
vt 0.105112 0.941846
vt 0.106043 -0.157980
vt 0.106043 0.133529
vt 0.102015 0.133529
vt 0.102015 -0.157980
vt 0.106043 1.067151
vt 0.106043 1.346695
vt 0.102016 1.346695
vt 0.102016 1.067151
vt 0.106043 0.521157
vt 0.106043 0.783223
vt 0.102016 0.783223
vt 0.102016 0.521157
vt 0.106043 -0.136814
vt 0.106043 0.086120
vt 0.102016 0.086120
vt 0.102016 -0.136814
vt 0.101185 0.477865
vt 0.101185 0.687822
vt 0.106596 0.687822
vt 0.106596 0.502874
vt 0.101234 -0.022068
vt 0.101292 -0.192517
vt 0.105523 -0.192390
vt 0.105465 -0.021941
vt 0.105118 0.120219
vt 0.105127 0.634680
vt 0.097655 0.634685
vt 0.097645 0.120224
vt 0.367660 0.625628
vt 0.354762 0.671985
vt 0.343864 0.672553
vt 0.356764 0.626198
vt 0.359403 -0.430764
vt 0.369134 -0.430803
vt 0.500367 0.920298
vt 0.497285 0.937653
vt 0.497285 1.009048
vt 0.500367 0.991693
vt 0.500126 2.200132
vt 0.497875 2.211944
vt 0.497875 2.285523
vt 0.500125 2.285523
vt 0.500125 2.270329
vt 0.128977 -1.738959
vt 0.129082 -1.529534
vt 0.124734 -1.529456
vt 0.124619 -1.759197
vt 0.128967 -1.759275
vt 0.500128 1.614514
vt 0.497878 1.600124
vt 0.497884 -0.167160
vt 0.500134 -0.181465
vt 0.500132 0.267530
vt 0.500131 0.716524
vt 0.500129 1.165520
vt 0.450632 0.632840
vt 0.427943 0.632840
vt 0.427943 0.339188
vt 0.450632 0.339188
vt 0.492283 -0.814784
vt 0.492287 -0.664118
vt 0.486699 -0.678784
vt 0.486696 -0.792311
vt 0.358338 3.172900
vt 0.358350 3.039166
vt 0.368824 3.039201
vt 0.368821 3.069120
vt 0.368812 3.172935
vt 0.372318 -1.507128
vt 0.372327 -1.423430
vt 0.377328 -1.423448
vt 0.377320 -1.507145
vt 0.154765 1.000094
vt 0.187233 1.000094
vt 0.187233 1.390997
vt 0.154765 1.390997
vt 0.126665 0.411575
vt 0.131585 0.411554
vt 0.131595 0.523758
vt 0.126674 0.523774
vt 0.358946 -0.155609
vt 0.350964 -0.093360
vt 0.350964 -0.145676
vt 0.358946 -0.207925
vt 0.967238 0.793469
vt 0.995278 0.793469
vt 0.995278 0.842493
vt 0.967238 0.842493
vt 0.486769 1.875760
vt 0.492357 1.857946
vt 0.492358 1.911626
vt 0.486770 1.891548
vt 0.364640 2.602852
vt 0.364668 2.642253
vt 0.357730 2.642435
vt 0.357660 2.545669
vt 0.357071 1.736551
vt 0.355452 -0.489661
vt 0.354800 -1.386555
vt 0.354634 -1.615462
vt 0.361572 -1.615644
vt 0.361601 -1.575540
vt 0.368821 3.069123
vt 0.368834 2.926386
vt 0.358360 2.926352
vt 0.358347 3.069088
vt 0.358339 3.154781
vt 0.368814 3.154815
vt 0.485490 1.574636
vt 0.485444 1.168681
vt 0.485407 0.826498
vt 0.493790 0.826464
vt 0.493873 1.574602
vt 0.130063 0.754881
vt 0.131914 0.772243
vt 0.126209 0.825384
vt 0.130019 0.825470
vt 0.130033 0.803832
vt 0.131201 2.694946
vt 0.131123 2.540403
vt 0.126776 2.540481
vt 0.126853 2.695024
vt 0.126859 2.706490
vt 0.131207 2.706411
vt 0.368541 1.997621
vt 0.376460 1.969865
vt 0.376443 2.037217
vt 0.368525 2.060770
vt 0.493613 -0.761204
vt 0.485230 -0.761170
vt 0.485249 -0.595727
vt 0.485273 -0.377360
vt 0.485300 -0.133990
vt 0.485330 0.138490
vt 0.485355 0.367277
vt 0.485380 0.585663
vt 0.485406 0.826486
vt 0.485444 1.168692
vt 0.485490 1.574635
vt 0.497876 2.211940
vt 0.170732 1.024999
vt 0.170732 1.112700
vt 0.185054 1.112700
vt 0.185054 1.024999
vt 0.126529 0.552631
vt 0.131590 0.552790
vt 0.131544 0.605255
vt 0.126483 0.605096
vt 0.908458 0.652738
vt 0.908458 0.353386
vt 0.922012 0.353386
vt 0.922015 0.652738
vt 0.377398 -0.725190
vt 0.372395 -0.725173
vt 0.372607 1.416250
vt 0.377609 1.416232
vt 0.129788 0.100390
vt 0.126694 0.100324
vt 0.126719 0.058066
vt 0.129813 0.058132
vt 0.104990 0.674145
vt 0.101248 0.674336
vt 0.101205 0.644408
vt 0.104947 0.644217
vt 0.368919 1.995492
vt 0.358445 1.995458
vt 0.358689 -0.672199
vt 0.369163 -0.672165
vt 0.450738 0.632332
vt 0.427808 0.632332
vt 0.427808 0.340622
vt 0.450738 0.340622
vt 0.121859 -0.150586
vt 0.107604 -0.150594
vt 0.107584 1.149997
vt 0.121838 1.150004
vt 0.500368 0.920298
vt 0.500368 0.991693
vt 0.125826 1.292975
vt 0.129472 1.292993
vt 0.129691 -0.279605
vt 0.126044 -0.279623
vt 0.963696 0.112097
vt 0.963696 0.271960
vt 0.930432 0.271964
vt 0.930432 0.112096
vt 0.450705 0.632914
vt 0.428068 0.632914
vt 0.428068 0.341199
vt 0.450705 0.341199
vt 0.278333 0.974407
vt 0.275497 0.974407
vt 0.275497 0.665554
vt 0.278333 0.665554
vt 0.107610 -0.407347
vt 0.107604 0.016739
vt 0.121859 0.016747
vt 0.121865 -0.407339
vt 0.135386 0.050883
vt 0.144988 0.050883
vt 0.144988 0.174657
vt 0.144988 0.198719
vt 0.144986 0.528184
vt 0.144986 0.548640
vt 0.144986 0.629011
vt 0.144986 0.656228
vt 0.144984 0.974974
vt 0.144984 1.000059
vt 0.135386 1.000059
vt 0.129403 1.787943
vt 0.376461 1.969864
vt 0.368542 1.997621
vt 0.368696 1.394820
vt 0.376605 1.407977
vt 0.105024 1.534752
vt 0.105051 1.673137
vt 0.105071 1.778685
vt 0.105097 1.907688
vt 0.359016 1.258955
vt 0.359078 1.927446
vt 0.348170 1.877153
vt 0.348143 1.587276
vt 0.348116 1.297400
vt 0.500283 2.200132
vt 0.498033 2.211940
vt 0.498035 1.600124
vt 0.500285 1.614514
vt 0.500284 1.907323
vt 0.501160 -1.455342
vt 0.494464 -1.455343
vt 0.494461 -0.795304
vt 0.501157 -0.795303
vt 0.131951 0.712679
vt 0.125496 0.712534
vt 0.125459 0.772097
vt 0.487095 0.576956
vt 0.490515 0.543428
vt 0.490515 0.588723
vt 0.487095 0.622250
vt 0.122309 0.627567
vt 0.106606 0.627667
vt 0.106598 0.583364
vt 0.122302 0.583263
vt 0.378195 -0.279920
vt 0.369321 -0.306098
vt 0.369300 -0.364567
vt 0.378174 -0.338389
vt 0.225171 1.024773
vt 0.225171 1.112466
vt 0.236501 1.112466
vt 0.236501 1.024773
vt 0.499812 0.937653
vt 0.499812 1.009048
vt 0.106606 0.453567
vt 0.122309 0.453467
vt 0.122302 0.409163
vt 0.106598 0.409263
vt 0.369433 0.913133
vt 0.377250 0.887980
vt 0.377248 0.943937
vt 0.369431 0.969090
vt 0.170111 0.657095
vt 0.170111 1.000777
vt 0.181442 1.000777
vt 0.181442 0.052011
vt 0.170111 0.052011
vt 0.130535 0.801506
vt 0.130553 0.772553
vt 0.127933 0.772494
vt 0.127908 0.813442
vt 0.125206 -0.589301
vt 0.129554 -0.589380
vt 0.130748 1.791899
vt 0.126400 1.791977
vt 0.128624 0.421617
vt 0.131248 0.413925
vt 0.126811 0.413825
vt 0.124186 0.421518
vt 0.144551 0.050976
vt 0.168019 0.050976
vt 0.168019 0.180180
vt 0.168019 0.198735
vt 0.168019 0.528027
vt 0.168019 0.548357
vt 0.168019 0.628803
vt 0.168019 0.656005
vt 0.168020 0.974585
vt 0.168020 0.999657
vt 0.144551 0.999657
vt 0.485380 0.585670
vt 0.485330 0.138480
vt 0.485300 -0.133999
vt 0.485273 -0.377367
vt 0.485249 -0.595751
vt 0.131101 0.191102
vt 0.127284 0.202291
vt 0.126520 1.424913
vt 0.130319 1.443533
vt 0.369130 -0.303416
vt 0.377046 -0.315224
vt 0.376604 1.407977
vt 0.377879 -0.279915
vt 0.369760 -0.306103
vt 0.369739 -0.364573
vt 0.377858 -0.338385
vt 0.121838 1.115553
vt 0.107584 1.115546
vt 0.107576 1.599453
vt 0.121831 1.599462
vt 0.359411 -0.351007
vt 0.369143 -0.351046
vt 0.147307 0.548640
vt 0.178607 0.548640
vt 0.182622 0.548640
vt 0.182622 0.629011
vt 0.178607 0.629011
vt 0.147307 0.629011
vt 0.122309 0.575891
vt 0.106606 0.575991
vt 0.106598 0.531687
vt 0.122302 0.531587
vt 0.225171 1.112465
vt 0.236501 1.112465
vt 0.276978 0.660069
vt 0.276978 0.630105
vt 0.279533 0.630105
vt 0.279533 0.660069
vt 0.433718 0.280313
vt 0.434285 0.281038
vt 0.434820 0.281165
vt 0.434255 0.280441
vt 0.131448 0.093571
vt 0.128835 0.082991
vt 0.124398 0.082891
vt 0.127011 0.093471
vt 0.372685 2.213004
vt 0.377687 2.212986
vt 0.191892 0.656939
vt 0.191892 0.528874
vt 0.191892 0.253443
vt 0.191891 0.229012
vt 0.236811 0.229012
vt 0.236811 0.629718
vt 0.236811 1.000826
vt 0.191892 1.000827
vt 0.191892 0.975738
vt 0.347889 -1.142138
vt 0.358789 -1.173301
vt 0.358856 -0.449677
vt 0.347950 -0.480601
vt 0.347919 -0.811370
vt 0.347807 -0.480601
vt 0.358713 -0.449677
vt 0.358872 1.258954
vt 0.347973 1.297399
vt 0.347931 0.852899
vt 0.347890 0.408399
vt 0.347848 -0.036101
vt 0.492280 1.345538
vt 0.492295 1.857947
vt 0.486707 1.875761
vt 0.486692 1.325025
vt 0.356233 -0.155609
vt 0.351323 -0.093359
vt 0.351323 -0.145675
vt 0.356233 -0.207924
vt 0.501403 0.920297
vt 0.498144 0.937652
vt 0.498144 1.009048
vt 0.501403 0.991692
vt 0.170111 0.657094
vt 0.369302 -0.969351
vt 0.377211 -0.956372
vt 0.377047 -0.315224
vt 0.369131 -0.303416
vt 0.131482 -0.275032
vt 0.127681 -0.290423
vt 0.127374 0.202146
vt 0.131191 0.190957
vt 0.486715 -0.082627
vt 0.492303 -0.098042
vt 0.492343 1.345537
vt 0.486754 1.325024
vt 0.129779 -0.913172
vt 0.126133 -0.913190
vt 0.195568 0.999657
vt 0.195568 0.050976
vt 0.230380 0.050976
vt 0.230380 0.228371
vt 0.230380 0.999657
vt 0.501441 1.742859
vt 0.497071 1.771096
vt 0.497002 -1.171673
vt 0.501374 -1.143443
vt 0.497887 -1.020328
vt 0.150613 1.112646
vt 0.150613 1.024709
vt 0.185523 1.024709
vt 0.185523 1.112646
vt 0.166364 0.051496
vt 0.183169 0.051496
vt 0.183169 0.229012
vt 0.166364 0.229012
vt 0.107574 1.723023
vt 0.121829 1.723031
vt 0.372705 2.416461
vt 0.377707 2.416443
vt 0.358820 -2.106782
vt 0.369294 -2.106747
vt 0.369286 -2.017098
vt 0.105118 0.095603
vt 0.105128 0.665874
vt 0.097655 0.665879
vt 0.097645 0.095608
vt 0.276980 0.657998
vt 0.276980 0.631507
vt 0.279533 0.631507
vt 0.279533 0.657998
vt 0.488200 0.543428
vt 0.490768 0.576955
vt 0.490768 0.622250
vt 0.488200 0.588723
vt 0.106606 0.620902
vt 0.122309 0.620802
vt 0.122301 0.576496
vt 0.106598 0.576596
vt 0.369101 0.913132
vt 0.376910 0.887977
vt 0.376908 0.943936
vt 0.369099 0.969089
vt 0.487763 0.576955
vt 0.490208 0.543428
vt 0.490208 0.588723
vt 0.487763 0.622250
vt 0.002053 0.636913
vt 0.002054 0.259001
vt 0.002055 0.055982
vt 0.091954 0.055982
vt 0.091954 0.824331
vt 0.002052 0.824331
vt 0.006675 0.824331
vt 0.006675 0.055982
vt 0.022522 0.055982
vt 0.022522 0.824331
vt 0.023437 0.637426
vt 0.023437 0.259906
vt 0.023437 0.057098
vt 0.053582 0.057098
vt 0.053582 0.824650
vt 0.023437 0.824650
vt 0.506758 0.762679
vt 0.016085 0.824650
vt 0.016085 0.637426
vt 0.016085 0.259906
vt 0.016085 0.057097
vt 0.040005 0.057097
vt 0.040005 0.824650
vt 0.018039 0.737412
vt 0.018039 0.057097
vt 0.045194 0.057097
vt 0.045193 0.824650
vt 0.018039 0.824650
vt 0.510277 0.760726
vt 0.513205 0.760726
vt 0.513205 0.705415
vt 0.506758 0.760726
vt 0.513205 0.761214
vt 0.510277 0.763655
vt 0.513205 0.763655
vt 0.773260 0.690371
vt 0.769698 0.690371
vt 0.506758 0.763655
vt 0.769698 0.691557
vt 0.773260 0.691557
vt 0.773260 0.688591
vt 0.769698 0.688591
vt 0.492402 0.655583
vt 0.487728 0.655583
vt 0.492048 0.180696
vt 0.492048 0.600987
vt 0.487871 0.600987
vt 0.487871 0.210693
vt 0.278550 0.973989
vt 0.275532 0.973989
vt 0.275532 0.665679
vt 0.278550 0.665679
vt 0.101242 0.885822
vt 0.093392 0.885581
vt 0.093432 0.838497
vt 0.093465 0.800174
vt 0.095263 0.778930
vt 0.101333 0.779116
vt 0.080806 0.057097
vt 0.080806 0.259906
vt 0.080807 0.637426
vt 0.080807 0.824650
vt 0.045041 0.824650
vt 0.045041 0.637426
vt 0.045041 0.259906
vt 0.045041 0.057097
vt 0.034223 0.259906
vt 0.034223 0.057097
vt 0.077936 0.057097
vt 0.077936 0.259906
vt 0.021833 0.824650
vt 0.021833 0.637426
vt 0.068725 0.637426
vt 0.068725 0.824650
vt 0.488662 0.574578
vt 0.488839 0.293085
vt 0.492363 0.293525
vt 0.492186 0.575018
vt 0.492531 0.596950
vt 0.492405 0.269487
vt 0.486620 0.269567
vt 0.486745 0.597030
vt 0.068725 0.057097
vt 0.068725 0.259906
vt 0.021832 0.259906
vt 0.021832 0.057097
vt 0.044130 0.824650
vt 0.044130 0.637426
vt 0.088639 0.637426
vt 0.088639 0.824650
vt 0.088639 0.057097
vt 0.088639 0.259906
vt 0.044130 0.259906
vt 0.044130 0.057097
vt 0.488166 0.574638
vt 0.488350 0.283270
vt 0.491874 0.283710
vt 0.491690 0.575077
vt 0.427781 0.632652
vt 0.427781 0.339622
vt 0.450574 0.339622
vt 0.450574 0.632652
vt 0.438441 0.793565
vt 0.431771 0.793566
vt 0.428012 0.793566
vt 0.428012 0.812398
vt 0.438441 0.812398
vt 0.022642 0.259906
vt 0.022642 0.057097
vt 0.063971 0.057097
vt 0.063971 0.259906
vt 0.488165 0.576617
vt 0.488342 0.295123
vt 0.491867 0.295563
vt 0.491689 0.577056
vt 0.022642 0.824650
vt 0.022642 0.637426
vt 0.063971 0.637426
vt 0.063971 0.824650
vt 0.038134 0.259906
vt 0.038134 0.057097
vt 0.088205 0.057097
vt 0.088205 0.259906
vt 0.088205 0.637426
vt 0.088205 0.824650
vt 0.038134 0.824650
vt 0.038134 0.637426
vt 0.169111 0.050402
vt 0.169111 0.748325
vt 0.164982 0.748325
vt 0.164982 0.655804
vt 0.164982 0.628585
vt 0.164982 0.050402
vt 0.488669 0.561996
vt 0.488831 0.305196
vt 0.492356 0.305636
vt 0.492194 0.562435
vt 0.039632 0.259906
vt 0.039632 0.057097
vt 0.084935 0.057097
vt 0.084935 0.259906
vt 0.039632 0.824650
vt 0.039632 0.637426
vt 0.084935 0.637426
vt 0.084935 0.824650
vt 0.491371 1.217469
vt 0.491436 1.116718
vt 0.491522 0.985383
vt 0.491582 0.891828
vt 0.491656 0.778483
vt 0.491723 0.675934
vt 0.491736 0.655377
vt 0.493670 0.666186
vt 0.493274 1.307206
vt 0.491305 1.318046
vt 0.079251 0.637426
vt 0.079251 0.259906
vt 0.079251 0.057097
vt 0.088332 0.057097
vt 0.088332 0.737412
vt 0.088332 0.824650
vt 0.079251 0.824650
vt 0.492933 0.507181
vt 0.492917 0.889410
vt 0.487421 0.889387
vt 0.487437 0.507158
vt 0.042971 0.824650
vt 0.042971 0.637426
vt 0.087479 0.637426
vt 0.087479 0.824650
vt 0.004366 0.824650
vt 0.004366 0.057098
vt 0.053009 0.057098
vt 0.053009 0.824650
vt 0.084768 0.259906
vt 0.084768 0.637426
vt 0.084768 0.824650
vt 0.051387 0.824650
vt 0.051387 0.637426
vt 0.051387 0.259906
vt 0.051387 0.057097
vt 0.084769 0.057097
vt 0.087479 0.057097
vt 0.087479 0.259906
vt 0.042972 0.259906
vt 0.042972 0.057097
vt 0.027350 0.824650
vt 0.027350 0.637426
vt 0.072653 0.637426
vt 0.072653 0.824650
vt 0.500036 -0.282146
vt 0.499742 0.169594
vt 0.498025 0.169554
vt 0.498031 0.159265
vt 0.498086 0.075169
vt 0.498152 -0.025582
vt 0.498201 -0.101144
vt 0.498267 -0.203695
vt 0.498312 -0.271934
vt 0.498319 -0.282186
vt 0.166280 0.052069
vt 0.166280 1.000438
vt 0.072653 0.057098
vt 0.072653 0.259906
vt 0.027350 0.259906
vt 0.027350 0.057097
vt 0.500283 2.141730
vt 0.500284 1.988385
vt 0.500284 1.968718
vt 0.500284 1.882204
vt 0.500284 1.862922
vt 0.500285 1.698425
vt 0.500285 1.681095
vt 0.500285 1.614509
vt 0.498035 1.600125
vt 0.498033 2.211945
vt 0.500283 2.153109
vt 0.479924 0.078103
vt 0.479924 0.324580
vt 0.456125 0.324580
vt 0.456125 0.078103
vt 0.452534 0.075647
vt 0.452534 0.324243
vt 0.428557 0.324243
vt 0.428556 0.075647
vt 0.428825 0.323300
vt 0.428825 0.077429
vt 0.452253 0.077429
vt 0.452253 0.323300
vt 0.456239 0.325242
vt 0.456239 0.077440
vt 0.479839 0.077440
vt 0.479839 0.325242
vt 0.479869 0.077885
vt 0.479869 0.324797
vt 0.456347 0.324797
vt 0.456347 0.077885
vt 0.452407 0.075707
vt 0.452407 0.323069
vt 0.428852 0.323069
vt 0.428852 0.075707
vt 0.491612 0.356005
vt 0.491681 0.599013
vt 0.487970 0.599165
vt 0.487900 0.356158
vt 0.492160 0.600987
vt 0.492160 0.180696
vt 0.487983 0.210693
vt 0.487983 0.600987
vt 0.488667 0.565784
vt 0.488842 0.289229
vt 0.492366 0.289668
vt 0.492191 0.566223
vt 0.491612 0.355686
vt 0.491682 0.603037
vt 0.487971 0.603189
vt 0.487900 0.355839
vt 0.452413 0.323083
vt 0.428537 0.323083
vt 0.428537 0.075577
vt 0.452413 0.075577
vt 0.488173 0.564519
vt 0.488347 0.287966
vt 0.491871 0.288406
vt 0.491697 0.564958
vt 0.491398 0.362441
vt 0.491467 0.605451
vt 0.487756 0.605604
vt 0.487686 0.362594
vt 0.131162 2.616273
vt 0.126814 2.616356
vt 0.491616 0.370040
vt 0.491680 0.595692
vt 0.487969 0.595845
vt 0.487905 0.370193
vt 0.491402 0.378006
vt 0.491473 0.625356
vt 0.487761 0.625508
vt 0.487691 0.378159
vt 0.491396 0.354542
vt 0.491469 0.610569
vt 0.487757 0.610722
vt 0.487684 0.354695
vt 0.488168 0.572419
vt 0.488339 0.300803
vt 0.491863 0.301242
vt 0.491692 0.572859
vt 0.492405 0.269490
vt 0.486620 0.269570
vt 0.427886 0.632767
vt 0.427886 0.341412
vt 0.450675 0.341412
vt 0.450675 0.632767
vt 0.487000 0.505885
vt 0.487437 0.262665
vt 0.491589 0.262934
vt 0.491151 0.506154
vt 0.323877 0.630299
vt 0.323877 0.659607
vt 0.290173 0.659607
vt 0.290173 0.630299
vt 0.279620 0.960700
vt 0.279620 0.983240
vt 0.275282 0.983240
vt 0.275282 0.960700
vt 0.278955 0.162358
vt 0.278955 0.463965
vt 0.275231 0.463965
vt 0.275230 0.162358
vt 0.278955 0.157183
vt 0.278955 0.468933
vt 0.275230 0.468933
vt 0.275230 0.157183
vt 0.289180 0.659146
vt 0.289180 0.633226
vt 0.325335 0.633220
vt 0.325335 0.659146
vt 0.200280 0.548640
vt 0.204216 0.548640
vt 0.237793 0.548640
vt 0.241330 0.548640
vt 0.241330 0.629011
vt 0.237793 0.629011
vt 0.204216 0.629011
vt 0.200280 0.629011
vt 0.277677 0.968848
vt 0.275479 0.968848
vt 0.275481 0.667241
vt 0.277677 0.667241
vt 0.253388 0.955935
vt 0.258600 0.955935
vt 0.258600 0.988502
vt 0.253388 0.988502
vt 0.321278 0.461625
vt 0.321278 0.482889
vt 0.288743 0.482889
vt 0.288743 0.461625
vt 0.289180 0.659607
vt 0.289180 0.630299
vt 0.325335 0.630299
vt 0.325335 0.659607
vt 0.287836 0.482747
vt 0.287836 0.456672
vt 0.322737 0.456672
vt 0.322737 0.482747
vt 0.254963 0.664145
vt 0.254963 0.634000
vt 0.258881 0.634000
vt 0.258881 0.664145
vt 0.255091 0.988119
vt 0.255091 0.959695
vt 0.259100 0.959695
vt 0.259100 0.988119
vt 0.254963 0.662061
vt 0.254963 0.635395
vt 0.258881 0.635394
vt 0.258881 0.662061
vt 0.491397 0.360675
vt 0.491465 0.599345
vt 0.487754 0.599498
vt 0.487686 0.360828
vt 0.255713 0.466980
vt 0.255713 0.155230
vt 0.259060 0.155230
vt 0.259060 0.466980
vt 0.291153 0.657427
vt 0.291153 0.630632
vt 0.322528 0.630632
vt 0.322528 0.657427
vt 0.275272 0.485141
vt 0.275272 0.462857
vt 0.278044 0.462857
vt 0.278044 0.485141
vt 0.492934 0.483984
vt 0.492916 0.911666
vt 0.487420 0.911643
vt 0.487438 0.483961
vt 0.450677 0.341382
vt 0.450677 0.632680
vt 0.427947 0.632680
vt 0.427947 0.341382
vt 0.290790 0.649450
vt 0.290790 0.631052
vt 0.322373 0.631052
vt 0.322373 0.649450
vt 0.151204 0.628803
vt 0.151204 0.548357
vt 0.154323 0.548357
vt 0.186175 0.548356
vt 0.189658 0.548356
vt 0.189659 0.628803
vt 0.186175 0.628803
vt 0.154323 0.628803
vt 0.255421 0.974539
vt 0.255421 0.664146
vt 0.258704 0.664146
vt 0.258704 0.974539
vt 0.275062 0.654101
vt 0.275062 0.635148
vt 0.278619 0.635148
vt 0.278619 0.654101
vt 0.218842 -0.546045
vt 0.218842 -0.473915
vt 0.176029 -0.473915
vt 0.176030 -0.546045
vt 0.275062 0.658736
vt 0.275062 0.630950
vt 0.278620 0.630950
vt 0.278620 0.658736
vt 0.290595 0.654100
vt 0.290595 0.635703
vt 0.322743 0.635703
vt 0.322743 0.654100
vt 0.275366 0.485141
vt 0.275366 0.462857
vt 0.277966 0.462857
vt 0.277965 0.485141
vt 0.290959 0.657427
vt 0.290959 0.630632
vt 0.322896 0.630632
vt 0.322896 0.657427
vt 0.279251 0.657723
vt 0.279251 0.631796
vt 0.334367 0.631796
vt 0.334367 0.657723
vt 0.207139 0.628803
vt 0.207139 0.548355
vt 0.210065 0.548355
vt 0.242486 0.548353
vt 0.245812 0.548353
vt 0.245812 0.628803
vt 0.242486 0.628803
vt 0.210065 0.628803
vt 0.275179 0.654101
vt 0.275179 0.635148
vt 0.278575 0.635148
vt 0.278575 0.654101
vt 0.492932 0.515677
vt 0.492916 0.893461
vt 0.487421 0.893438
vt 0.487437 0.515653
vt 0.281968 0.657723
vt 0.281968 0.631796
vt 0.330419 0.631796
vt 0.330419 0.657723
vt 0.281144 0.656591
vt 0.281144 0.508768
vt 0.332002 0.508768
vt 0.332002 0.656591
vt 0.275179 0.658736
vt 0.275179 0.630950
vt 0.278576 0.630950
vt 0.278577 0.658736
vt 0.255508 0.974629
vt 0.255508 0.662908
vt 0.258655 0.662908
vt 0.258656 0.974629
vt 0.427522 0.814241
vt 0.427522 0.794096
vt 0.438919 0.794096
vt 0.438919 0.814241
vt 0.433287 0.814241
vt 0.431536 0.814241
vt 0.500292 -0.296502
vt 0.500292 -0.311785
vt 0.500292 -0.467914
vt 0.500292 -0.484998
vt 0.500293 -0.570680
vt 0.500293 -0.585015
vt 0.500293 -0.743936
vt 0.500294 -0.760247
vt 0.279521 0.560320
vt 0.279521 0.457299
vt 0.337669 0.457299
vt 0.337669 0.560320
vt 0.155389 0.050758
vt 0.168662 0.050758
vt 0.168662 0.748332
vt 0.155389 0.748332
vt 0.237579 0.655857
vt 0.237579 0.050758
vt 0.253338 0.050758
vt 0.253338 0.655857
vt 0.246531 0.655857
vt 0.488781 0.435028
vt 0.488721 0.689049
vt 0.487274 0.688980
vt 0.487334 0.434959
vt 0.169111 0.655804
vt 0.279097 0.560320
vt 0.279097 0.457299
vt 0.338213 0.457299
vt 0.338213 0.560320
vt 0.908841 0.432064
vt 0.955173 0.432064
vt 0.955173 0.631780
vt 0.908840 0.631781
vt 0.279083 0.560320
vt 0.279083 0.457299
vt 0.336746 0.457299
vt 0.336746 0.560320
vt 0.279647 0.657723
vt 0.279647 0.631796
vt 0.333859 0.631796
vt 0.333859 0.657723
vt 0.148749 0.748333
vt 0.148749 0.769006
vt 0.148749 0.985140
vt 0.148749 0.999549
vt 0.135590 0.999549
vt 0.278708 0.656591
vt 0.278708 0.508768
vt 0.335613 0.508768
vt 0.335613 0.656591
vt 0.157657 0.748323
vt 0.157657 0.655804
vt 0.492693 0.689238
vt 0.492532 1.376114
vt 0.492934 0.483986
vt 0.487438 0.483963
vt 0.488938 -0.237641
vt 0.488872 0.044216
vt 0.487426 0.044147
vt 0.487492 -0.237710
vt 0.278280 0.656591
vt 0.278280 0.508768
vt 0.334710 0.508768
vt 0.334710 0.656591
vt 0.911341 0.260222
vt 0.917478 0.260550
vt 0.918523 0.547361
vt 0.910221 0.545912
vt 0.502580 0.117292
vt 0.549943 0.117315
vt 0.549943 0.395172
vt 0.502581 0.395133
vt 0.950986 0.123592
vt 0.919686 0.123592
vt 0.502333 0.117369
vt 0.549696 0.117338
vt 0.549696 0.396584
vt 0.502333 0.396605
vt 0.493273 0.212605
vt 0.497154 0.212605
vt 0.497161 1.878910
vt 0.493280 1.878910
vt 0.493279 1.608529
vt 0.493278 1.361024
vt 0.493277 1.093684
vt 0.493276 0.851106
vt 0.493275 0.625859
vt 0.493274 0.393182
vt 0.281362 0.560320
vt 0.281362 0.457299
vt 0.332726 0.457299
vt 0.332726 0.560320
vt 0.497835 0.315526
vt 0.497836 0.786914
vt 0.500231 0.786914
vt 0.500230 0.315526
vt 0.427644 0.815348
vt 0.427644 0.795991
vt 0.439185 0.795991
vt 0.439185 0.815348
vt 0.435206 0.815348
vt 0.434501 0.815348
vt 0.497154 0.212604
vt 0.493273 0.212604
vt 0.493274 0.393195
vt 0.493274 0.577746
vt 0.493277 1.093680
vt 0.493278 1.360989
vt 0.493279 1.608493
vt 0.497161 1.878909
vt 0.492934 0.481982
vt 0.492915 0.916789
vt 0.487420 0.916766
vt 0.487438 0.481959
vt 0.946868 0.550208
vt 0.947775 0.703969
vt 0.909648 0.704245
vt 0.372133 1.804627
vt 0.372134 1.647408
vt 0.372134 1.510075
vt 0.372134 1.359866
vt 0.372134 1.233277
vt 0.372135 1.078771
vt 0.372135 0.969335
vt 0.372135 0.866337
vt 0.372135 0.701108
vt 0.372135 0.660338
vt 0.372135 0.488670
vt 0.372135 0.353482
vt 0.372136 0.190396
vt 0.372136 0.130315
vt 0.372136 -0.037060
vt 0.372136 -0.193703
vt 0.372136 -0.367517
vt 0.372136 -0.440476
vt 0.372136 -0.598318
vt 0.372137 -0.783712
vt 0.378132 -0.750305
vt 0.378128 1.771221
vt 0.165039 0.528777
vt 0.165039 0.629845
vt 0.150883 0.629845
vt 0.150883 0.528777
vt 0.150883 0.252738
vt 0.150883 0.228253
vt 0.150883 -0.608475
vt 0.165039 -0.608475
vt 0.165039 -0.474672
vt 0.165039 -0.068104
vt 0.165039 0.198530
vt 0.278293 0.656591
vt 0.278293 0.508768
vt 0.336146 0.508768
vt 0.336146 0.656591
vt 0.907808 0.143602
vt 0.955186 0.143602
vt 0.955186 0.432065
vt 0.907808 0.432065
vt 0.372500 -0.684817
vt 0.378064 -0.648831
vt 0.377861 1.674330
vt 0.372290 1.710282
vt 0.372297 1.634741
vt 0.372319 1.378268
vt 0.372330 1.254672
vt 0.372346 1.072361
vt 0.372354 0.985840
vt 0.372369 0.809709
vt 0.372379 0.695380
vt 0.372394 0.522337
vt 0.372406 0.386378
vt 0.372423 0.188618
vt 0.372437 0.024847
vt 0.372455 -0.169822
vt 0.372470 -0.342864
vt 0.372484 -0.509725
vt 0.497878 1.600125
vt 0.500128 1.614509
vt 0.500128 1.550014
vt 0.500130 1.047068
vt 0.500130 0.995556
vt 0.500132 0.411370
vt 0.500132 0.387910
vt 0.500134 -0.148093
vt 0.427844 0.812274
vt 0.427844 0.795966
vt 0.438970 0.795966
vt 0.438970 0.812274
vt 0.434159 0.812274
vt 0.431951 0.812274
vt 0.492934 0.485287
vt 0.492916 0.909403
vt 0.487420 0.909380
vt 0.487438 0.485264
vt 0.488796 0.368708
vt 0.488855 0.117642
vt 0.488966 -0.357843
vt 0.490267 -0.340585
vt 0.490016 0.672106
vt 0.158447 1.000636
vt 0.158447 0.050431
vt 0.280510 0.656591
vt 0.280510 0.508768
vt 0.330776 0.508768
vt 0.330776 0.656591
vt 0.487349 0.368639
vt 0.487408 0.117573
vt 0.256235 0.654382
vt 0.256235 0.635260
vt 0.259449 0.635260
vt 0.259449 0.654382
vt 0.427830 0.633298
vt 0.427830 0.337497
vt 0.475710 0.337497
vt 0.475710 0.633298
vt 0.427999 0.632205
vt 0.427999 0.338591
vt 0.475675 0.338591
vt 0.475675 0.632205
vt 0.427680 0.632910
vt 0.427680 0.338061
vt 0.475923 0.338061
vt 0.475923 0.632910
vt 0.428059 0.631938
vt 0.428059 0.341317
vt 0.475919 0.341317
vt 0.475919 0.631938
vt 0.427851 0.632519
vt 0.427851 0.340021
vt 0.475534 0.340021
vt 0.475534 0.632519
vt 0.157657 0.748325
vt 0.431771 0.793565
vt 0.438441 0.793564
vt 0.187690 0.975738
vt 0.187690 1.000827
vt 0.166364 1.000827
vt 0.183167 0.229012
vt 0.187691 0.229012
vt 0.187690 0.253443
vt 0.486351 0.483590
vt 0.492756 0.483590
vt 0.192532 0.975738
vt 0.192532 1.000827
vt 0.139556 1.000827
vt 0.139555 0.975738
vt 0.139555 0.656939
vt 0.139555 0.528874
vt 0.139555 0.253443
vt 0.139555 0.229012
vt 0.192532 0.229012
vt 0.192532 0.253443
vt 0.192532 0.528874
vt 0.192532 0.656939
vt 0.486349 0.520437
vt 0.486349 0.721170
vt 0.492756 0.721170
vt 0.492756 0.520437
vt 0.217041 0.229085
vt 0.217041 0.253491
vt 0.217041 0.528634
vt 0.217041 0.629373
vt 0.212718 0.629373
vt 0.212718 0.528634
vt 0.212718 0.253491
vt 0.212719 0.229085
vt 0.486351 0.509752
vt 0.486351 0.738049
vt 0.492756 0.738049
vt 0.492756 0.509752
vt 0.219884 0.629114
vt 0.219884 1.390540
vt 0.184990 0.656299
vt 0.184990 0.629114
vt 0.909512 0.478251
vt 0.956378 0.478251
vt 0.956377 0.768639
vt 0.909512 0.768639
vt 0.171955 0.629373
vt 0.171954 0.528634
vt 0.171954 0.253491
vt 0.171955 0.229085
vt 0.193082 0.229085
vt 0.193082 0.253491
vt 0.193082 0.256789
vt 0.193331 0.253491
vt 0.193331 0.528634
vt 0.193331 0.629373
vt 0.160527 0.629373
vt 0.160527 0.528634
vt 0.160527 0.253491
vt 0.160527 0.229085
vt 0.190931 0.229085
vt 0.190931 0.253491
vt 0.190931 0.528634
vt 0.190931 0.629373
vt 0.213439 0.629373
vt 0.213438 0.528634
vt 0.213438 0.253491
vt 0.213439 0.229085
vt 0.241078 0.229085
vt 0.241078 0.253491
vt 0.241078 0.528634
vt 0.241077 0.629373
vt 0.100940 2.136085
vt 0.100940 2.127159
vt 0.100940 1.797639
vt 0.100940 1.494277
vt 0.100940 1.154096
vt 0.100940 0.813280
vt 0.100940 0.478441
vt 0.100940 0.124585
vt 0.100940 -0.203211
vt 0.100940 -0.501022
vt 0.100940 -0.895738
vt 0.100940 -1.043169
vt 0.106979 -1.076825
vt 0.106979 -0.926737
vt 0.106979 -0.804894
vt 0.106979 -0.666892
vt 0.106979 -0.554513
vt 0.106979 -0.402711
vt 0.106979 -0.292306
vt 0.106979 -0.146419
vt 0.106979 -0.028132
vt 0.106979 0.001440
vt 0.106979 0.103957
vt 0.106979 0.131563
vt 0.106979 0.262923
vt 0.106979 0.368411
vt 0.106979 0.485921
vt 0.106979 0.503037
vt 0.106979 0.606859
vt 0.106979 0.620549
vt 0.106979 0.716386
vt 0.106979 0.817800
vt 0.106979 0.942003
vt 0.106979 0.963585
vt 0.106979 1.085921
vt 0.106979 1.111549
vt 0.106979 1.231813
vt 0.106979 1.337173
vt 0.106979 1.561217
vt 0.106979 1.726871
vt 0.106979 1.991108
vt 0.106979 2.147179
vt 0.106979 2.169740
vt 0.093341 0.026742
vt 0.102141 0.026707
vt 0.102247 0.976237
vt 0.093448 0.976272
vt 0.100225 0.521374
vt 0.106315 -0.325205
vt 0.106034 0.169776
vt 0.105813 0.557725
vt 0.486351 0.509754
vt 0.492756 0.509754
vt 0.100440 0.557695
vt 0.100386 -0.289001
vt 0.105993 -0.325252
vt 0.106021 0.117840
vt 0.106050 0.557681
vt 0.911289 0.123096
vt 0.944961 0.122309
vt 0.945614 0.261514
vt 0.139825 0.584497
vt 0.139825 0.438771
vt 0.316406 0.584497
vt 0.184130 1.111514
vt 0.184130 1.024047
vt 0.190937 1.024047
vt 0.190937 1.111514
vt 0.106599 0.587023
vt 0.122303 0.586923
vt 0.122308 0.613607
vt 0.106604 0.613707
vt 0.229915 0.050647
vt 0.229915 1.001298
vt 0.223077 1.001298
vt 0.223077 0.050647
vt 0.213102 0.528777
vt 0.213103 0.629845
vt 0.501507 0.309785
vt 0.495419 0.299694
vt 0.495341 0.339857
vt 0.501429 0.349947
vt 0.127367 1.344459
vt 0.130890 1.344481
vt 0.121864 -0.304545
vt 0.107610 -0.304553
vt 0.107611 -0.399123
vt 0.121866 -0.399115
vt 0.158409 1.112700
vt 0.158409 1.024999
vt 0.122743 0.598436
vt 0.107009 0.598408
vt 0.107010 0.571670
vt 0.122744 0.571699
vt 0.349650 1.085334
vt 0.355655 1.132884
vt 0.355655 1.164394
vt 0.349650 1.116844
vt 0.106052 0.046443
vt 0.106064 0.159736
vt 0.106084 0.336976
vt 0.106119 0.641191
vt 0.106141 0.836948
vt 0.106153 0.949607
vt 0.378066 0.700308
vt 0.369369 0.676665
vt 0.369371 0.637468
vt 0.378067 0.661110
vt 0.491477 0.874457
vt 0.486975 0.856408
vt 0.487099 -0.021340
vt 0.491608 -0.041077
vt 0.491406 0.315238
vt 0.486657 0.357968
vt 0.486657 0.310820
vt 0.491406 0.268090
vt 0.217429 1.001196
vt 0.217433 0.959213
vt 0.217433 0.656860
vt 0.217433 0.528627
vt 0.217433 0.198679
vt 0.217433 -0.067715
vt 0.217433 -0.473915
vt 0.217433 -0.546045
vt 0.242211 -0.546045
vt 0.242211 0.004359
vt 0.242211 0.050626
vt 0.242211 1.001196
vt 0.039887 0.824651
vt 0.039887 0.057098
vt 0.002660 0.057098
vt 0.002660 0.824651
vt 0.369147 -0.040435
vt 0.378241 -0.020076
vt 0.378353 1.072818
vt 0.369261 1.072852
vt 0.500156 0.934412
vt 0.498531 0.915367
vt 0.498111 0.337125
vt 0.497688 -0.244898
vt 0.499272 -0.281584
vt 0.126195 0.514676
vt 0.130950 0.514684
vt 0.229915 -0.546075
vt 0.229915 0.004376
vt 0.223077 0.004376
vt 0.223077 -0.546075
vt 0.368979 1.339466
vt 0.358505 1.339431
vt 0.105096 1.906011
vt 0.105118 2.015873
vt 0.956335 0.143600
vt 0.999234 0.143601
vt 0.999232 0.432064
vt 0.956334 0.432063
vt 0.093528 0.637700
vt 0.093550 0.626907
vt 0.130439 1.175858
vt 0.126091 1.175937
vt 0.138052 1.024012
vt 0.236992 1.024013
vt 0.236993 1.111748
vt 0.138052 1.111748
vt 0.127775 0.108307
vt 0.125479 0.123375
vt 0.129197 0.123458
vt 0.131493 0.108391
vt 0.127067 1.030928
vt 0.131504 1.031028
vt 0.131669 0.766490
vt 0.127232 0.766390
vt 0.121854 0.301705
vt 0.107599 0.301697
vt 0.107610 -0.398062
vt 0.121864 -0.398054
vt 0.097506 0.674527
vt 0.092825 0.674766
vt 0.092782 0.644838
vt 0.491803 0.346944
vt 0.486598 0.304215
vt 0.486598 0.257067
vt 0.491803 0.299796
vt 0.349398 1.145884
vt 0.348571 0.575245
vt 0.347750 0.008313
vt 0.357590 -0.037225
vt 0.359339 1.171458
vt 0.166867 1.390997
vt 0.166867 0.629373
vt 0.201497 0.629373
vt 0.201496 0.656566
vt 0.125022 0.854845
vt 0.127308 0.854897
vt 0.125880 0.900851
vt 0.129527 0.900869
vt 0.129401 1.807127
vt 0.125754 1.807095
vt 0.372447 -0.199266
vt 0.372334 -1.351421
vt 0.377335 -1.351439
vt 0.377449 -0.199283
vt 0.378100 1.267608
vt 0.372860 1.267643
vt 0.372318 -1.507130
vt 0.377320 -1.507148
vt 0.126279 1.809713
vt 0.130090 1.809799
vt 0.352777 1.171799
vt 0.342834 1.146227
vt 0.497793 -0.100170
vt 0.497976 0.151311
vt 0.498260 0.542120
vt 0.498425 0.769798
vt 0.357353 -0.037213
vt 0.347515 0.008325
vt 0.347292 -0.145414
vt 0.357196 -0.145930
vt 0.125538 -1.104516
vt 0.129285 -1.104519
vt 0.103536 -0.031060
vt 0.103032 0.784642
vt 0.098531 0.784542
vt 0.099035 -0.031161
vt 0.129387 1.905079
vt 0.129384 1.923776
vt 0.125738 1.923758
vt 0.125741 1.905060
vt 0.170723 1.024773
vt 0.170723 1.112465
vt 0.163899 1.112465
vt 0.163899 1.024773
vt 0.370044 1.068295
vt 0.378403 1.046959
vt 0.378416 1.082176
vt 0.370057 1.103512
vt 0.500877 2.308214
vt 0.500873 2.345508
vt 0.493863 2.345478
vt 0.493867 2.308184
vt 0.501160 -1.372491
vt 0.494464 -1.372493
vt 0.494464 -1.532203
vt 0.501161 -1.532202
vt 0.493956 0.223938
vt 0.493956 0.424396
vt 0.485399 0.424396
vt 0.485399 0.194220
vt 0.493956 0.194220
vt 0.398941 0.116934
vt 0.398923 0.116063
vt 0.398450 0.115872
vt 0.398601 0.122524
vt 0.399066 0.122708
vt 0.255547 0.484230
vt 0.255549 0.459066
vt 0.259045 0.459066
vt 0.259045 0.484230
vt 0.176029 -0.067715
vt 0.218842 -0.067715
vt 0.218842 0.198679
vt 0.176029 0.198679
vt 0.151391 -0.546045
vt 0.176029 0.528627
vt 0.176029 0.656860
vt 0.176029 0.959213
vt 0.176029 1.001196
vt 0.151391 1.001196
vt 0.178670 0.198679
vt 0.178670 -0.067715
vt 0.223077 0.656933
vt 0.223077 0.959311
vt 0.228061 0.959311
vt 0.228061 0.656933
vt 0.140557 -0.067715
vt 0.140557 -0.473915
vt 0.140557 -0.546045
vt 0.207091 -0.546045
vt 0.207091 -0.473915
vt 0.207091 -0.067715
vt 0.207091 0.198679
vt 0.207091 0.528627
vt 0.207091 0.656860
vt 0.207091 0.959213
vt 0.207089 1.001196
vt 0.140557 1.001196
vt 0.140557 0.959213
vt 0.140557 0.656860
vt 0.140557 0.528627
vt 0.140557 0.198679
vt 0.229915 -0.473960
vt 0.229915 -0.067712
vt 0.234899 -0.067712
vt 0.234899 -0.473960
vt 0.493350 0.739451
vt 0.493486 0.499548
vt 0.485487 0.499384
vt 0.485350 0.739287
vt 0.229915 0.198712
vt 0.229915 0.528689
vt 0.234899 0.528689
vt 0.234899 0.198712
vt 0.493774 0.535999
vt 0.493776 0.184664
vt 0.485895 0.184661
vt 0.485892 0.535996
vt 0.178670 0.656860
vt 0.178670 0.528627
vt 0.209874 0.656139
vt 0.209874 0.974584
vt 0.205265 0.974584
vt 0.205265 0.656139
vt 0.172346 0.198530
vt 0.172345 -0.068111
vt 0.203616 -0.068112
vt 0.203616 0.198530
vt 0.213102 -0.068105
vt 0.213102 0.198530
vt 0.493774 0.520864
vt 0.493776 0.207958
vt 0.485895 0.207955
vt 0.485892 0.520862
vt 0.229915 -0.473948
vt 0.229915 -0.067707
vt 0.234899 -0.067707
vt 0.234899 -0.473948
vt 0.208019 0.198530
vt 0.208019 -0.068110
vt 0.244501 -0.068110
vt 0.244501 0.198530
vt 0.223077 -0.473939
vt 0.223077 -0.067704
vt 0.228061 -0.067704
vt 0.228061 -0.452731
vt 0.140267 0.198530
vt 0.140267 -0.068109
vt 0.177328 -0.068109
vt 0.177328 0.198530
vt 0.191454 0.198530
vt 0.191454 -0.068107
vt 0.223883 -0.068108
vt 0.223883 0.198530
vt 0.493774 0.507879
vt 0.493776 0.211438
vt 0.485895 0.211436
vt 0.485892 0.507876
vt 0.493335 0.763300
vt 0.493494 0.484710
vt 0.485495 0.484546
vt 0.485336 0.763136
vt 0.189518 -0.068106
vt 0.222525 -0.068107
vt 0.222525 0.198530
vt 0.189518 0.198530
vt 0.229915 -0.067710
vt 0.229915 -0.473955
vt 0.234899 -0.473955
vt 0.234899 -0.067710
vt 0.139139 -0.068105
vt 0.173304 -0.068106
vt 0.173304 0.198530
vt 0.139139 0.198530
vt 0.218842 0.528627
vt 0.218842 0.656860
vt 0.208559 0.974255
vt 0.208559 0.656125
vt 0.212536 0.656125
vt 0.212536 0.974255
vt 0.244609 0.629373
vt 0.244609 0.656566
vt 0.244609 1.000094
vt 0.244609 1.390997
vt 0.230981 0.656566
vt 0.230981 0.629373
vt 0.216493 0.629373
vt 0.216493 0.656566
vt 0.216493 1.000094
vt 0.216493 1.390997
vt 0.187233 0.656566
vt 0.187233 0.629373
vt 0.212690 0.999292
vt 0.216667 0.999292
vt 0.486629 0.363139
vt 0.486685 0.311636
vt 0.490200 0.311773
vt 0.490144 0.363276
vt 0.208559 0.253475
vt 0.212536 0.253475
vt 0.377440 -0.018482
vt 0.368728 -0.018502
vt 0.368729 -0.033140
vt 0.377441 -0.033120
vt 0.486349 0.449884
vt 0.486349 0.677088
vt 0.492756 0.677088
vt 0.492756 0.449884
vt 0.490058 0.443072
vt 0.486351 0.524310
vt 0.486351 0.721650
vt 0.492756 0.721650
vt 0.492756 0.524310
vt 0.486543 0.442939
vt 0.490058 0.443076
vt 0.358282 0.417471
vt 0.367424 0.454655
vt 0.367422 0.495745
vt 0.358279 0.495730
vt 0.492756 0.450028
vt 0.131686 -0.074449
vt 0.127138 -0.074459
vt 0.127139 -0.092035
vt 0.131687 -0.092024
vt 0.168351 0.629114
vt 0.168351 0.656299
vt 0.142304 0.656299
vt 0.142303 0.629114
vt 0.493776 0.211437
vt 0.485895 0.211434
vt 0.987207 0.355526
vt 0.987207 0.710142
vt 0.955220 0.710143
vt 0.955220 0.355526
vt 0.428384 0.324423
vt 0.428384 0.076083
vt 0.452712 0.076083
vt 0.452712 0.324423
vt 0.997216 0.113788
vt 0.997216 0.468405
vt 0.955174 0.468406
vt 0.955174 0.113788
vt 0.999278 0.123631
vt 0.999276 0.478250
vt 0.956380 0.123631
vt 0.229915 -0.473942
vt 0.229915 -0.067705
vt 0.234899 -0.067705
vt 0.234899 -0.473942
vt 0.947394 0.603978
vt 0.947394 0.211613
vt 0.967559 0.211613
vt 0.987723 0.211614
vt 0.987722 0.603978
vt 0.493359 0.721995
vt 0.493503 0.470482
vt 0.485503 0.470318
vt 0.485359 0.721830
vt 0.908355 0.603978
vt 0.908355 0.211611
vt 0.493776 0.195216
vt 0.493773 0.541062
vt 0.485892 0.541060
vt 0.485895 0.195213
vt 0.999232 0.631781
vt 0.977782 0.631781
vt 0.956332 0.631781
vt 0.955186 0.631780
vt 0.946846 0.631780
vt 0.907808 0.631780
vt 0.950802 0.631780
vt 0.919502 0.631780
vt 0.452422 0.075284
vt 0.452422 0.325544
vt 0.428461 0.325544
vt 0.428461 0.075284
vt 0.455995 0.325432
vt 0.455995 0.077349
vt 0.480077 0.077349
vt 0.480077 0.325432
vt 0.452221 0.075019
vt 0.452221 0.325487
vt 0.428498 0.325487
vt 0.428498 0.075019
vt 0.480340 0.076337
vt 0.480340 0.325878
vt 0.455977 0.325878
vt 0.455977 0.076337
vt 0.480348 0.077175
vt 0.480348 0.325606
vt 0.456379 0.325606
vt 0.456379 0.077175
vt 0.428222 0.324972
vt 0.428222 0.075856
vt 0.452550 0.075856
vt 0.452550 0.324972
vt 0.480310 0.076540
vt 0.480310 0.325784
vt 0.455845 0.325784
vt 0.455845 0.076540
vt 0.428479 0.325308
vt 0.428479 0.077242
vt 0.452620 0.077242
vt 0.452620 0.325308
vt 0.452613 0.076218
vt 0.452613 0.325796
vt 0.428079 0.325796
vt 0.428079 0.076218
vt 0.452759 0.076505
vt 0.452759 0.325710
vt 0.428145 0.325710
vt 0.428145 0.076505
vt 0.480407 0.077735
vt 0.480407 0.325232
vt 0.456039 0.325232
vt 0.456039 0.077735
vt 0.456231 0.325061
vt 0.456231 0.077721
vt 0.480098 0.077721
vt 0.480098 0.325061
vt 0.480329 0.077959
vt 0.480329 0.324591
vt 0.456223 0.324591
vt 0.456223 0.077959
vt 0.479730 0.077793
vt 0.479730 0.324757
vt 0.456400 0.324757
vt 0.456400 0.077793
vt 0.452620 0.074767
vt 0.452620 0.325830
vt 0.428293 0.325830
vt 0.428293 0.074767
vt 0.428185 0.325576
vt 0.428185 0.077111
vt 0.452840 0.077111
vt 0.452840 0.325576
vt 0.456621 0.325211
vt 0.456621 0.078572
vt 0.479932 0.078572
vt 0.479932 0.325211
vt 0.455931 0.325676
vt 0.455931 0.077011
vt 0.480761 0.077011
vt 0.480761 0.325676
vt 0.456150 0.325348
vt 0.456150 0.077108
vt 0.480202 0.077108
vt 0.480201 0.325348
vt 0.455927 0.325811
vt 0.455928 0.076369
vt 0.480516 0.076369
vt 0.480516 0.325811
vt 0.428723 0.325826
vt 0.428723 0.076630
vt 0.452327 0.076630
vt 0.452327 0.325826
vt 0.455865 0.325161
vt 0.455865 0.077392
vt 0.480395 0.077392
vt 0.480395 0.325161
vt 0.428312 0.324346
vt 0.428312 0.078110
vt 0.452864 0.078110
vt 0.452864 0.324346
vt 0.456475 0.324688
vt 0.456475 0.079721
vt 0.480133 0.079721
vt 0.480133 0.324688
vt 0.486351 0.779815
vt 0.486351 0.495182
vt 0.492756 0.495182
vt 0.492756 0.779815
vt 0.208559 0.656126
vt 0.212536 0.656126
vt 0.212689 0.999291
vt 0.212689 0.656126
vt 0.486349 0.482999
vt 0.486349 0.700269
vt 0.492756 0.700269
vt 0.492756 0.482999
vt 0.486349 0.479259
vt 0.486349 0.730834
vt 0.492756 0.730834
vt 0.492756 0.479259
vt 0.486349 0.700268
vt 0.486349 0.482997
vt 0.492756 0.482997
vt 0.486351 0.798034
vt 0.486351 0.484614
vt 0.492756 0.484614
vt 0.492756 0.798034
vt 0.486349 0.721172
vt 0.492756 0.721172
vt 0.486349 0.490303
vt 0.486349 0.725889
vt 0.492756 0.725890
vt 0.492756 0.490303
vt 0.486349 0.699409
vt 0.486349 0.514115
vt 0.492756 0.514115
vt 0.492756 0.699409
vt 0.486351 0.798036
vt 0.492756 0.798036
vt 0.212537 0.253476
vt 0.212537 0.528328
vt 0.486349 0.725888
vt 0.492756 0.725888
vt 0.420438 0.204472
vt 0.418593 0.203886
vt 0.418616 0.203294
vt 0.420465 0.203882
vt 0.486349 0.485130
vt 0.486349 0.683341
vt 0.492756 0.683341
vt 0.492756 0.485130
vt 0.486349 0.727898
vt 0.486349 0.491372
vt 0.492756 0.491372
vt 0.492756 0.727898
vt 0.486349 0.726954
vt 0.486349 0.486812
vt 0.492756 0.486812
vt 0.492756 0.726954
vt 0.486351 0.496930
vt 0.486351 0.798742
vt 0.492756 0.798742
vt 0.492756 0.496930
vt 0.486349 0.488876
vt 0.486349 0.717581
vt 0.492756 0.717581
vt 0.492756 0.488876
vt 0.486349 0.486813
vt 0.486349 0.726953
vt 0.492756 0.726953
vt 0.492756 0.486813
vt 0.486349 0.449261
vt 0.486349 0.751025
vt 0.492756 0.751025
vt 0.492756 0.449261
vt 0.486351 0.770871
vt 0.486351 0.476797
vt 0.492756 0.476797
vt 0.492756 0.770871
vt 0.486349 0.683340
vt 0.492756 0.683340
vt 0.486349 0.703310
vt 0.486349 0.489853
vt 0.492756 0.489853
vt 0.492756 0.703310
vt 0.486351 0.789074
vt 0.486351 0.479521
vt 0.492756 0.479521
vt 0.492756 0.789074
vt 0.212689 0.999292
vt 0.486351 0.479523
vt 0.486351 0.789075
vt 0.492756 0.789075
vt 0.492756 0.479523
vt 0.486351 0.788287
vt 0.486351 0.490343
vt 0.492756 0.490343
vt 0.492756 0.788287
vt 0.486349 0.717580
vt 0.486349 0.488875
vt 0.492756 0.488875
vt 0.492756 0.717580
vt 0.486351 0.721649
vt 0.486351 0.524309
vt 0.492756 0.524309
vt 0.492756 0.721649
vt 0.480321 0.078282
vt 0.480321 0.325258
vt 0.455850 0.325258
vt 0.455850 0.078282
vt 0.480356 0.078544
vt 0.480356 0.325221
vt 0.456073 0.325221
vt 0.456073 0.078544
vt 0.452946 0.078053
vt 0.452946 0.323127
vt 0.428709 0.323127
vt 0.428709 0.078053
vt 0.480300 0.078971
vt 0.480300 0.325165
vt 0.456281 0.325165
vt 0.456281 0.078971
vt 0.480228 0.079212
vt 0.480228 0.325482
vt 0.456353 0.325482
vt 0.456353 0.079212
vt 0.480290 0.079123
vt 0.480290 0.325366
vt 0.456086 0.325366
vt 0.456086 0.079123
vt 0.479910 0.079647
vt 0.479910 0.326072
vt 0.456577 0.326072
vt 0.456577 0.079647
vt 0.428519 0.322605
vt 0.428519 0.077580
vt 0.452838 0.077579
vt 0.452838 0.322604
vt 0.428589 0.323725
vt 0.428589 0.077686
vt 0.452940 0.077685
vt 0.452940 0.323725
vt 0.452647 0.078417
vt 0.452647 0.322380
vt 0.428284 0.322380
vt 0.428284 0.078417
vt 0.428296 0.323664
vt 0.428296 0.077748
vt 0.452840 0.077746
vt 0.452840 0.323664
vt 0.452802 0.077602
vt 0.452802 0.323195
vt 0.428403 0.323195
vt 0.428403 0.077602
vt 0.456120 0.324959
vt 0.456120 0.080145
vt 0.480247 0.080144
vt 0.480247 0.324958
vt 0.480195 0.079334
vt 0.480195 0.325154
vt 0.456223 0.325154
vt 0.456223 0.079334
vt 0.428388 0.323387
vt 0.428388 0.078026
vt 0.452867 0.078025
vt 0.452867 0.323387
vt 0.452866 0.078976
vt 0.452866 0.323051
vt 0.428472 0.323051
vt 0.428472 0.078976
vt 0.456158 0.325007
vt 0.456158 0.080098
vt 0.480343 0.080097
vt 0.480343 0.325007
vt 0.480222 0.078852
vt 0.480222 0.325636
vt 0.456270 0.325636
vt 0.456270 0.078852
vt 0.428478 0.323540
vt 0.428478 0.077874
vt 0.452851 0.077873
vt 0.452851 0.323539
vt 0.452740 0.079832
vt 0.452740 0.322196
vt 0.428412 0.322196
vt 0.428412 0.079832
vt 0.480148 0.079683
vt 0.480148 0.326024
vt 0.456418 0.326024
vt 0.456418 0.079683
vt 0.452653 0.079088
vt 0.452653 0.322928
vt 0.428152 0.322928
vt 0.428152 0.079088
vt 0.480162 0.080519
vt 0.480162 0.325188
vt 0.456370 0.325188
vt 0.456370 0.080519
vt 0.480252 0.079724
vt 0.480252 0.325351
vt 0.456239 0.325351
vt 0.456239 0.079724
vt 0.452663 0.080416
vt 0.452663 0.321600
vt 0.428294 0.321600
vt 0.428294 0.080416
vt 0.480210 0.079067
vt 0.480210 0.325409
vt 0.456219 0.325409
vt 0.456219 0.079067
vt 0.480206 0.079302
vt 0.480206 0.325174
vt 0.456327 0.325174
vt 0.456327 0.079302
vt 0.452922 0.077640
vt 0.452922 0.323145
vt 0.428460 0.323145
vt 0.428460 0.077640
vt 0.452800 0.079545
vt 0.452800 0.322470
vt 0.428618 0.322470
vt 0.428618 0.079545
vt 0.223077 0.198712
vt 0.223077 0.528689
vt 0.228061 0.528689
vt 0.228061 0.198712
vt 0.493490 0.492182
vt 0.493356 0.728216
vt 0.485357 0.728052
vt 0.485491 0.492018
vt 0.493777 0.138107
vt 0.493773 0.593746
vt 0.485892 0.593743
vt 0.485896 0.138105
vt 0.229915 -0.473953
vt 0.229915 -0.067709
vt 0.234899 -0.067709
vt 0.234899 -0.473953
vt 0.229915 -0.067706
vt 0.229915 -0.473946
vt 0.234899 -0.473946
vt 0.234899 -0.067706
vt 0.493371 0.701791
vt 0.493487 0.496715
vt 0.485489 0.496551
vt 0.485371 0.701626
vt 0.493776 0.202833
vt 0.493774 0.526719
vt 0.485892 0.526716
vt 0.485895 0.202831
vt 0.229915 -0.067704
vt 0.229915 -0.473940
vt 0.234899 -0.473940
vt 0.234899 -0.067704
vt 0.493776 0.211439
vt 0.485895 0.211437
vt 0.223006 0.656630
vt 0.223006 0.959188
vt 0.227993 0.959188
vt 0.227993 0.656630
vt 0.493362 0.716457
vt 0.493486 0.499772
vt 0.485487 0.499608
vt 0.485363 0.716293
vt 0.229915 -0.473951
vt 0.234899 -0.473951
vt 0.223006 -0.474912
vt 0.223006 -0.068436
vt 0.227993 -0.068436
vt 0.227993 -0.453691
vt 0.493774 0.521767
vt 0.493776 0.214347
vt 0.485895 0.214345
vt 0.485892 0.521764
vt 0.223006 0.198138
vt 0.223006 0.528311
vt 0.227993 0.528311
vt 0.227993 0.198138
vt 0.229915 -0.473945
vt 0.234899 -0.473945
vt 0.493776 0.214346
vt 0.485892 0.521765
vt 0.485895 0.214344
vt 0.493972 0.184451
vt 0.493969 0.552256
vt 0.486088 0.552254
vt 0.486091 0.184448
vt 0.493352 0.734458
vt 0.493480 0.510035
vt 0.485481 0.509871
vt 0.485352 0.734295
vt 0.493972 0.160870
vt 0.493969 0.567104
vt 0.486088 0.567101
vt 0.486091 0.160868
vt 0.229915 -0.067711
vt 0.229915 -0.473958
vt 0.234899 -0.473958
vt 0.234899 -0.067711
vt 0.493972 0.160871
vt 0.486091 0.160869
vt 0.229915 -0.473950
vt 0.229915 -0.067708
vt 0.234899 -0.067708
vt 0.234899 -0.473950
vt 0.493969 0.552254
vt 0.486088 0.552251
vt 0.493493 0.487949
vt 0.493367 0.708504
vt 0.485368 0.708339
vt 0.485494 0.487785
vt 0.493774 0.521766
vt 0.485895 0.195214
vt 0.229915 -0.473943
vt 0.234899 -0.473943
vt 0.493499 0.477003
vt 0.493356 0.728515
vt 0.485356 0.728351
vt 0.485500 0.476839
vt 0.229915 -0.473957
vt 0.234899 -0.473957
vt 0.229915 -0.473949
vt 0.234899 -0.473949
vt 0.934651 0.703969
vt 0.933743 0.550208
vt 0.932490 0.261514
vt 0.931836 0.122309
vt 0.969683 0.122525
vt 0.969221 0.262313
vt 0.970291 0.551783
vt 0.969257 0.704144
vt 0.485310 0.251894
vt 0.485454 0.345208
vt 0.493493 0.344762
vt 0.486645 0.251819
vt 0.485452 0.344027
vt 0.485590 0.433535
vt 0.486925 0.433461
vt 0.493491 0.343581
vt 0.956441 0.127875
vt 0.956435 0.483092
vt 0.909578 0.483090
vt 0.909578 0.127875
vt 0.491940 0.028908
vt 0.492119 0.904973
vt 0.487717 0.908990
vt 0.487538 0.032925
vt 0.485598 0.438516
vt 0.485454 0.345204
vt 0.493493 0.344759
vt 0.486933 0.438442
vt 0.485447 0.340489
vt 0.485300 0.245276
vt 0.486635 0.245202
vt 0.493485 0.340043
vt 0.497836 0.786912
vt 0.500231 0.786912
vt 0.485314 0.254520
vt 0.486650 0.254446
vt 0.485300 0.245287
vt 0.485447 0.340508
vt 0.493485 0.340062
vt 0.486635 0.245213
vt 0.485598 0.438522
vt 0.486933 0.438448
vt 0.497836 0.786916
vt 0.500231 0.786916
vt 0.485590 0.433540
vt 0.485533 0.396519
vt 0.485452 0.344037
vt 0.493491 0.343591
vt 0.486925 0.433466
vt 0.549942 0.396743
vt 0.502559 0.396735
vt 0.502559 0.117988
vt 0.549942 0.118002
vt 0.485310 0.251893
vt 0.485593 0.435728
vt 0.486929 0.435654
vt 0.485593 0.435702
vt 0.486928 0.435628
vt 0.485314 0.254534
vt 0.486650 0.254460
vt 0.497836 0.786913
vt 0.500231 0.786913
vt 0.497836 0.786909
vt 0.497835 0.315528
vt 0.500230 0.315528
vt 0.500231 0.786909
vt 0.497836 0.786919
vt 0.500231 0.786919
vt 0.502463 0.117410
vt 0.549825 0.117411
vt 0.549825 0.396975
vt 0.502463 0.396967
vt 0.955179 0.207952
vt 0.955177 0.563172
vt 0.908843 0.563171
vt 0.908846 0.207953
vt 0.290773 0.483911
vt 0.290774 0.456260
vt 0.325904 0.456260
vt 0.325902 0.483911
vt 0.947393 0.403265
vt 0.947394 0.758487
vt 0.908355 0.758486
vt 0.908355 0.403265
vt 0.950986 0.381780
vt 0.950986 0.737006
vt 0.919689 0.737004
vt 0.919686 0.381780
vt 0.550136 0.396904
vt 0.502752 0.396926
vt 0.502752 0.117102
vt 0.550136 0.117090
vt 0.487060 0.868431
vt 0.487125 0.079472
vt 0.492082 0.079486
vt 0.492018 0.868445
vt 0.550078 0.326200
vt 0.502819 0.326391
vt 0.502819 0.117185
vt 0.550080 0.117482
vt 0.549811 0.325502
vt 0.502656 0.325464
vt 0.502657 0.117037
vt 0.549813 0.117755
vt 0.549982 0.327014
vt 0.503031 0.326811
vt 0.503032 0.116997
vt 0.549983 0.117182
vt 0.550048 0.325289
vt 0.502685 0.325152
vt 0.502685 0.117506
vt 0.550050 0.117415
vt 0.549947 0.326752
vt 0.502713 0.326700
vt 0.502713 0.116052
vt 0.549947 0.116394
vt 0.491940 0.028888
vt 0.492119 0.904926
vt 0.487717 0.908943
vt 0.487538 0.032905
vt 0.491940 0.028861
vt 0.492119 0.904880
vt 0.487717 0.908896
vt 0.487538 0.032878
vt 0.430907 0.245750
vt 0.430288 0.250621
vt 0.430289 0.251297
vt 0.430908 0.246448
vt 0.487045 0.185925
vt 0.486998 0.753402
vt 0.491956 0.753416
vt 0.492002 0.185939
vt 0.487057 0.059252
vt 0.486996 0.812932
vt 0.491953 0.812946
vt 0.492014 0.059266
vt 0.419282 0.242544
vt 0.418917 0.247548
vt 0.418917 0.248232
vt 0.419281 0.243251
vt 0.491940 0.028837
vt 0.492119 0.904837
vt 0.487717 0.908854
vt 0.487538 0.032854
vt 0.492119 0.904946
vt 0.491940 0.028895
vt 0.487538 0.032912
vt 0.487717 0.908963
vt 0.487065 0.820675
vt 0.487127 0.058616
vt 0.492084 0.058630
vt 0.492023 0.820689
vt 0.487062 0.875679
vt 0.487134 -0.011917
vt 0.492091 -0.011902
vt 0.492019 0.875693
vt 0.412731 0.240738
vt 0.412513 0.245818
vt 0.412512 0.246506
vt 0.412730 0.241450
vt 0.487056 0.062941
vt 0.486992 0.843234
vt 0.491949 0.843248
vt 0.492013 0.062955
vt 0.487063 0.023652
vt 0.486991 0.901475
vt 0.491948 0.901489
vt 0.492020 0.023666
vt 0.487067 0.802221
vt 0.487126 0.076019
vt 0.492083 0.076033
vt 0.492024 0.802235
vt 0.425669 0.244305
vt 0.425164 0.249236
vt 0.425164 0.249916
vt 0.425669 0.245008
vt 0.328512 0.224859
vt 0.326885 0.224859
vt 0.326647 0.210375
vt 0.328228 0.207613
vt 0.325943 0.196447
vt 0.327390 0.191030
vt 0.324799 0.183611
vt 0.326761 0.175747
vt 0.323749 0.172360
vt 0.324929 0.162351
vt 0.321874 0.163127
vt 0.323184 0.151357
vt 0.320304 0.156266
vt 0.320637 0.143188
vt 0.318471 0.152041
vt 0.318931 0.138158
vt 0.316057 0.150614
vt 0.316057 0.136459
vt 0.314131 0.152041
vt 0.313671 0.138158
vt 0.311810 0.156266
vt 0.310907 0.143188
vt 0.310321 0.163127
vt 0.309011 0.151357
vt 0.308446 0.172360
vt 0.307022 0.162351
vt 0.307152 0.183611
vt 0.305190 0.175747
vt 0.306008 0.196447
vt 0.303828 0.191030
vt 0.305304 0.210375
vt 0.302990 0.207613
vt 0.305066 0.224859
vt 0.302707 0.224859
vt 0.305304 0.239344
vt 0.302990 0.242105
vt 0.306008 0.253272
vt 0.303829 0.258689
vt 0.307152 0.266108
vt 0.305190 0.273972
vt 0.308446 0.277358
vt 0.307022 0.287368
vt 0.310321 0.286592
vt 0.309011 0.298361
vt 0.311810 0.293453
vt 0.310907 0.306531
vt 0.314131 0.297678
vt 0.313671 0.311561
vt 0.316057 0.299104
vt 0.316057 0.313259
vt 0.318471 0.297678
vt 0.318931 0.311561
vt 0.320304 0.293453
vt 0.320637 0.306530
vt 0.321874 0.286592
vt 0.323184 0.298361
vt 0.323749 0.277358
vt 0.324929 0.287367
vt 0.324799 0.266107
vt 0.326761 0.273972
vt 0.325943 0.253271
vt 0.327390 0.258689
vt 0.307329 0.150177
vt 0.307124 0.144747
vt 0.305749 0.145084
vt 0.306501 0.150514
vt 0.326647 0.239344
vt 0.328228 0.242105
vt 0.324905 0.212739
vt 0.325104 0.224859
vt 0.324905 0.236979
vt 0.324316 0.248634
vt 0.323359 0.259375
vt 0.322480 0.268789
vt 0.320911 0.276516
vt 0.319598 0.282257
vt 0.318064 0.285792
vt 0.316044 0.286986
vt 0.314432 0.285792
vt 0.312490 0.282257
vt 0.311244 0.276516
vt 0.309675 0.268790
vt 0.308592 0.259375
vt 0.307635 0.248634
vt 0.307046 0.236980
vt 0.306847 0.224859
vt 0.307046 0.212739
vt 0.307635 0.201084
vt 0.308592 0.190343
vt 0.309675 0.180929
vt 0.311244 0.173203
vt 0.312490 0.167461
vt 0.314432 0.163926
vt 0.316044 0.162732
vt 0.318064 0.163926
vt 0.319597 0.167461
vt 0.320911 0.173203
vt 0.322480 0.180929
vt 0.323359 0.190343
vt 0.324316 0.201084
vt 0.307956 0.269942
vt 0.307851 0.256647
vt 0.307442 0.256984
vt 0.307495 0.270280
vt 0.322832 0.274550
vt 0.322651 0.285168
vt 0.323256 0.285505
vt 0.323323 0.274888
vt 0.323612 0.146477
vt 0.323467 0.152987
vt 0.324190 0.153324
vt 0.324708 0.146814
vt 0.307651 0.210996
vt 0.307600 0.195810
vt 0.307210 0.196147
vt 0.307280 0.211334
vt 0.318305 0.301249
vt 0.310560 0.300665
vt 0.308267 0.301002
vt 0.321653 0.301587
vt 0.325322 0.186879
vt 0.325271 0.201515
vt 0.325651 0.201852
vt 0.325731 0.187216
vt 0.307427 0.158358
vt 0.306822 0.158695
vt 0.308109 0.281386
vt 0.307556 0.281723
vt 0.322952 0.261904
vt 0.323378 0.262241
vt 0.324097 0.142861
vt 0.326389 0.143198
vt 0.307707 0.226597
vt 0.307338 0.226934
vt 0.321579 0.298779
vt 0.322954 0.299116
vt 0.323324 0.173583
vt 0.323271 0.186879
vt 0.323680 0.187216
vt 0.323785 0.173921
vt 0.307494 0.168975
vt 0.307003 0.169312
vt 0.308360 0.290539
vt 0.307638 0.290876
vt 0.325090 0.247715
vt 0.325003 0.261904
vt 0.325428 0.262241
vt 0.325479 0.248052
vt 0.337482 0.142276
vt 0.334134 0.142613
vt 0.307772 0.242011
vt 0.307391 0.242348
vt 0.322331 0.293349
vt 0.323158 0.293686
vt 0.323385 0.162139
vt 0.323938 0.162477
vt 0.307549 0.181621
vt 0.307123 0.181959
vt 0.308879 0.297049
vt 0.307783 0.297386
vt 0.325159 0.232529
vt 0.325531 0.232866
vt 0.338782 0.144747
vt 0.337407 0.145084
vt 0.325218 0.216929
vt 0.325587 0.217266
vt 0.226251 0.184811
vt 0.226251 0.660094
vt 0.221175 0.660094
vt 0.216099 0.660094
vt 0.211023 0.660094
vt 0.205947 0.660094
vt 0.205947 0.184811
vt 0.205284 0.184694
vt 0.205284 0.659977
vt 0.212668 0.659977
vt 0.212668 0.184694
vt 0.209388 0.659977
vt 0.212256 0.659977
vt 0.212256 0.625707
vt 0.209388 0.625707
vt 0.220728 0.660094
vt 0.216546 0.660094
vt 0.216546 0.625823
vt 0.220728 0.625823
vt 0.212207 0.659977
vt 0.209437 0.659977
vt 0.209437 0.625707
vt 0.212207 0.625707
vt 0.221557 0.660094
vt 0.225868 0.660094
vt 0.225868 0.625823
vt 0.221557 0.625823
vt 0.211470 0.660094
vt 0.215652 0.660094
vt 0.215652 0.625823
vt 0.211470 0.625823
vt 0.205745 0.659977
vt 0.208515 0.659977
vt 0.208515 0.625707
vt 0.205745 0.625707
vt 0.205695 0.659977
vt 0.208564 0.659977
vt 0.208564 0.625707
vt 0.205695 0.625707
vt 0.195447 0.460786
vt 0.195447 0.503929
vt 0.194461 0.509427
vt 0.194461 0.455288
vt 0.206601 0.612207
vt 0.206601 0.569065
vt 0.207588 0.563566
vt 0.207588 0.617706
vt 0.195280 0.568134
vt 0.195280 0.613138
vt 0.194461 0.617706
vt 0.194461 0.563566
vt 0.206768 0.450720
vt 0.206768 0.405717
vt 0.207588 0.401149
vt 0.207588 0.455288
vt 0.201756 0.559488
vt 0.206856 0.559488
vt 0.202011 0.569065
vt 0.202011 0.612207
vt 0.200204 0.613138
vt 0.200204 0.568134
vt 0.195316 0.558799
vt 0.200169 0.558799
vt 0.200169 0.514194
vt 0.195316 0.514194
vt 0.200037 0.503929
vt 0.200037 0.460786
vt 0.195192 0.451210
vt 0.200292 0.451210
vt 0.200292 0.405227
vt 0.195192 0.405227
vt 0.194461 0.401149
vt 0.201844 0.405717
vt 0.201844 0.450720
vt 0.206732 0.460055
vt 0.201880 0.460055
vt 0.201880 0.504660
vt 0.206732 0.504660
vt 0.207588 0.509427
vt 0.206856 0.513506
vt 0.201756 0.513506
vt 0.979953 0.650402
vt 0.968042 0.650402
vt 0.968042 0.541545
vt 0.979953 0.541545
vt 0.996041 0.520630
vt 0.983706 0.520630
vt 0.983706 0.409406
vt 0.996041 0.409406
vt 0.995425 0.648152
vt 0.984322 0.648152
vt 0.984322 0.543795
vt 0.995425 0.543795
vt 0.995829 0.257536
vt 0.983918 0.257536
vt 0.983918 0.148678
vt 0.995829 0.148678
vt 0.995742 0.388008
vt 0.984005 0.388008
vt 0.984005 0.280116
vt 0.995742 0.280116
vt 0.980165 0.258719
vt 0.967829 0.258719
vt 0.967829 0.147494
vt 0.980165 0.147494
vt 0.979549 0.386241
vt 0.968446 0.386241
vt 0.968446 0.281884
vt 0.979549 0.281884
vt 0.979866 0.518964
vt 0.968128 0.518964
vt 0.968128 0.411071
vt 0.979866 0.411071
vt 0.212187 0.659977
vt 0.209457 0.659977
vt 0.209457 0.625707
vt 0.212187 0.625707
vt 0.205765 0.659977
vt 0.208495 0.659977
vt 0.208495 0.625707
vt 0.205765 0.625707
vt 0.216614 0.660094
vt 0.220659 0.660094
vt 0.220659 0.625823
vt 0.216614 0.625823
vt 0.212113 0.659977
vt 0.209531 0.659977
vt 0.209531 0.625707
vt 0.212113 0.625707
vt 0.210507 0.660094
vt 0.206462 0.660094
vt 0.206462 0.625823
vt 0.210507 0.625823
vt 0.206375 0.660094
vt 0.210594 0.660094
vt 0.210594 0.625823
vt 0.206375 0.625823
vt 0.225822 0.660094
vt 0.221603 0.660094
vt 0.221603 0.625823
vt 0.225822 0.625823
vt 0.208421 0.659977
vt 0.205839 0.659977
vt 0.205839 0.625707
vt 0.208421 0.625707
vt 0.215716 0.660094
vt 0.211405 0.660094
vt 0.211405 0.625823
vt 0.215716 0.625823
vt 0.192852 0.453422
vt 0.192852 0.577852
vt 0.186543 0.577852
vt 0.186543 0.453422
vt 0.205997 0.453422
vt 0.205997 0.577852
vt 0.212305 0.577852
vt 0.212305 0.453422
vt 0.207296 0.577852
vt 0.211006 0.577852
vt 0.211006 0.562621
vt 0.207296 0.562621
vt 0.169028 0.675225
vt 0.169028 0.687579
vt 0.168341 0.691406
vt 0.168341 0.671399
vt 0.170989 0.687579
vt 0.171676 0.691406
vt 0.170989 0.675225
vt 0.171676 0.671399
vt 0.942886 0.914803
vt 0.937543 0.914803
vt 0.937543 0.881148
vt 0.942886 0.881148
vt 0.191645 0.577852
vt 0.187750 0.577852
vt 0.187750 0.562621
vt 0.191645 0.562621
vt 0.908593 0.704123
vt 0.910296 0.123115
vt 0.126488 -2.161588
vt 0.134520 -2.161613
vt 0.134590 -1.320640
vt 0.134641 -0.719188
vt 0.134691 -0.117738
vt 0.134742 0.483713
vt 0.134792 1.085165
vt 0.134842 1.686617
vt 0.134893 2.288069
vt 0.134963 3.119037
vt 0.126931 3.119062
vt 0.126854 2.200240
vt 0.126811 1.689365
vt 0.126738 0.824286
vt 0.126694 0.298284
vt 0.126652 -0.202054
vt 0.126609 -0.717117
vt 0.126564 -1.249280
vt 0.215823 0.050132
vt 0.142419 0.050132
vt 0.142419 -0.142499
vt 0.215823 -0.142499
vt 0.234384 -0.142499
vt 0.234384 0.050132
vt 0.160979 0.050132
vt 0.160979 -0.142499
vt 0.501328 2.539097
vt 0.501329 2.551250
vt 0.494254 2.551279
vt 0.494174 1.861340
vt 0.494116 1.361965
vt 0.494058 0.862590
vt 0.494000 0.363215
vt 0.493942 -0.136160
vt 0.493884 -0.635535
vt 0.493826 -1.134911
vt 0.493745 -1.833156
vt 0.500820 -1.833186
vt 0.500846 -1.608102
vt 0.500906 -1.089808
vt 0.500957 -0.651343
vt 0.501006 -0.233486
vt 0.501066 0.283703
vt 0.501117 0.722582
vt 0.501173 1.212259
vt 0.501227 1.673678
vt 0.501280 2.130342
vt 0.381480 0.487823
vt 0.381480 0.316626
vt 0.388842 0.316626
vt 0.388841 0.487823
vt 0.382972 0.487823
vt 0.273820 0.655666
vt 0.273820 0.628644
vt 0.277957 0.628644
vt 0.277957 0.655666
vt 0.273626 0.561429
vt 0.273626 0.460339
vt 0.277763 0.460339
vt 0.277763 0.561429
vt 0.381946 0.319099
vt 0.381946 0.286417
vt 0.273626 0.157040
vt 0.277763 0.157040
vt 0.001880 0.823950
vt 0.042973 0.710342
vt 0.070528 0.711509
vt 0.091260 0.823950
vt 0.214146 1.000221
vt 0.214176 1.361048
vt 0.139305 1.361048
vt 0.139305 1.161164
vt 0.139305 1.000221
vt 0.303342 0.655666
vt 0.303342 0.628644
vt 0.331870 0.628644
vt 0.331870 0.655666
vt 0.311177 0.628644
vt 0.311177 0.655666
vt 0.282649 0.655666
vt 0.282649 0.628644
vt 0.204730 1.024773
vt 0.204730 1.112465
vt 0.139999 1.112465
vt 0.139999 1.024773
vt 0.234916 1.024773
vt 0.234916 1.112465
vt 0.170299 1.112465
vt 0.170299 1.024773
vt 0.218922 1.024773
vt 0.218922 1.112466
vt 0.154306 1.112465
vt 0.154306 1.024773
vt 0.245789 1.024773
vt 0.245789 1.112465
vt 0.181058 1.112465
vt 0.181058 1.024773
vt 0.241278 1.024773
vt 0.241278 1.112465
vt 0.176547 1.112465
vt 0.176547 1.024773
vt 0.203320 1.112465
vt 0.138588 1.112465
vt 0.138588 1.024773
vt 0.203320 1.024773
vt 0.246874 1.112466
vt 0.182258 1.112466
vt 0.182258 1.024773
vt 0.246874 1.024773
vt 0.243946 1.024773
vt 0.152141 1.024773
vt 0.152141 1.112465
vt 0.243946 1.112465
vt 0.236539 1.024773
vt 0.144734 1.024773
vt 0.144734 1.112465
vt 0.236539 1.112465
vt 0.194301 0.746003
vt 0.586099 0.344350
vt 0.658001 0.344350
vt 0.246529 0.999549
vt 0.246529 0.985140
vt 0.246530 0.769005
vt 0.246530 0.748333
vt 0.253338 0.999549
vt 0.438788 0.818167
vt 0.435506 0.818167
vt 0.427295 0.818168
vt 0.427295 0.791622
vt 0.438789 0.791622
vt 0.275481 0.973816
vt 0.275483 0.662066
vt 0.277677 0.662066
vt 0.277677 0.973816
vt 0.276144 0.985912
vt 0.276144 0.953793
vt 0.279118 0.953793
vt 0.279118 0.985912
vt 0.231512 0.656228
vt 0.231512 0.629011
vt 0.231512 0.548640
vt 0.231512 0.528183
vt 0.231512 0.198719
vt 0.231512 0.174641
vt 0.231512 0.050883
vt 0.245102 0.050883
vt 0.245103 1.000059
vt 0.231512 1.000059
vt 0.231512 0.974974
vt 0.259060 0.161382
vt 0.259060 0.462988
vt 0.255713 0.462988
vt 0.255713 0.161382
vt 0.290349 0.633236
vt 0.324053 0.633230
vt 0.324053 0.659146
vt 0.290349 0.659146
vt 0.254723 0.635405
vt 0.259171 0.635404
vt 0.259171 0.662061
vt 0.254723 0.662061
vt 0.147307 0.174657
vt 0.241330 0.050883
vt 0.241330 0.174641
vt 0.237793 0.174642
vt 0.204216 0.174647
vt 0.200279 0.174648
vt 0.182623 0.174651
vt 0.178607 0.174651
vt 0.258034 0.668217
vt 0.258033 0.969824
vt 0.254234 0.969824
vt 0.254234 0.668217
vt 0.259170 0.634000
vt 0.259170 0.664145
vt 0.254723 0.664145
vt 0.254723 0.634000
vt 0.258034 0.663042
vt 0.258034 0.974792
vt 0.254234 0.974792
vt 0.254234 0.663042
vt 0.258145 0.965999
vt 0.258145 0.987541
vt 0.253917 0.987541
vt 0.253917 0.965999
vt 0.275615 0.986374
vt 0.275615 0.954255
vt 0.280654 0.954255
vt 0.280654 0.986374
vt 0.276086 0.657998
vt 0.276086 0.631497
vt 0.280420 0.631496
vt 0.280420 0.657998
vt 0.200279 0.198719
vt 0.200280 0.528183
vt 0.200280 0.656228
vt 0.200280 0.974974
vt 0.200280 1.000059
vt 0.182622 1.000059
vt 0.182622 0.974974
vt 0.182622 0.656228
vt 0.182622 0.528183
vt 0.182623 0.198719
vt 0.259053 0.985611
vt 0.255067 0.985611
vt 0.255067 0.962559
vt 0.259053 0.962559
vt 0.322737 0.480664
vt 0.287836 0.480664
vt 0.287836 0.459400
vt 0.322737 0.459400
vt 0.278945 0.986531
vt 0.275974 0.986531
vt 0.275974 0.960338
vt 0.278945 0.960338
vt 0.438825 0.814613
vt 0.431830 0.814613
vt 0.427762 0.814613
vt 0.427762 0.793626
vt 0.438825 0.793626
vt 0.390240 0.750346
vt 0.425960 0.750346
vt 0.425960 0.813225
vt 0.425960 0.829965
vt 0.390240 0.829965
vt 0.390240 0.813227
vt 0.416548 0.496677
vt 0.416264 0.511560
vt 0.415273 0.526443
vt 0.414204 0.541325
vt 0.411531 0.556208
vt 0.405814 0.571090
vt 0.401677 0.571090
vt 0.396326 0.556208
vt 0.394254 0.541325
vt 0.393316 0.526443
vt 0.392515 0.511560
vt 0.392131 0.496677
vt 0.392132 0.321022
vt 0.416549 0.321022
vt 0.226434 0.956000
vt 0.228691 0.947483
vt 0.230600 0.938966
vt 0.232220 0.930449
vt 0.233840 0.921932
vt 0.235113 0.913415
vt 0.236155 0.904898
vt 0.237312 0.896381
vt 0.238180 0.887864
vt 0.239048 0.879347
vt 0.239858 0.870830
vt 0.240668 0.862313
vt 0.240668 0.841884
vt 0.240668 0.821455
vt 0.240668 0.801026
vt 0.240668 0.780596
vt 0.246535 0.780597
vt 0.246535 0.990068
vt 0.215267 0.990068
vt 0.215382 0.981550
vt 0.220416 0.973034
vt 0.223830 0.964517
vt 0.235814 0.928740
vt 0.237318 0.919929
vt 0.238707 0.911117
vt 0.239922 0.902306
vt 0.241136 0.893495
vt 0.241946 0.884683
vt 0.242699 0.875872
vt 0.243335 0.867060
vt 0.243914 0.858249
vt 0.244839 0.837822
vt 0.245071 0.817396
vt 0.245071 0.796969
vt 0.245071 0.776541
vt 0.249135 0.776542
vt 0.249135 0.990420
vt 0.219499 0.990420
vt 0.219499 0.981609
vt 0.223722 0.972797
vt 0.227251 0.963986
vt 0.229913 0.955174
vt 0.232111 0.946363
vt 0.234136 0.937552
vt 0.141954 0.796966
vt 0.141954 0.817392
vt 0.142272 0.837818
vt 0.143008 0.858244
vt 0.143449 0.867055
vt 0.144181 0.875867
vt 0.144844 0.884679
vt 0.145687 0.893491
vt 0.146470 0.902302
vt 0.147367 0.911114
vt 0.148476 0.919926
vt 0.149821 0.928737
vt 0.151525 0.937549
vt 0.153436 0.946361
vt 0.155372 0.955172
vt 0.157638 0.963984
vt 0.160193 0.972796
vt 0.165207 0.981608
vt 0.165304 0.990419
vt 0.138577 0.990419
vt 0.138577 0.776540
vt 0.141949 0.776540
vt 0.138254 0.998584
vt 0.138254 0.990067
vt 0.168486 0.990067
vt 0.182973 0.990067
vt 0.229509 0.990067
vt 0.247321 0.990067
vt 0.247321 0.998584
vt 0.249135 0.999231
vt 0.138836 0.999231
vt 0.138836 0.990419
vt 0.154552 0.990420
vt 0.201580 0.990420
vt 0.384803 0.572694
vt 0.394482 0.572694
vt 0.401541 0.593758
vt 0.387096 0.593758
vt 0.382209 0.530567
vt 0.389883 0.530567
vt 0.391767 0.551631
vt 0.383054 0.551631
vt 0.382209 0.509503
vt 0.388811 0.509503
vt 0.425217 0.509412
vt 0.419245 0.509412
vt 0.419600 0.488570
vt 0.425217 0.488570
vt 0.391078 0.614822
vt 0.401420 0.614822
vt 0.402385 0.635886
vt 0.424498 0.551096
vt 0.422647 0.571938
vt 0.413330 0.571938
vt 0.416671 0.551096
vt 0.418007 0.530254
vt 0.425217 0.530254
vt 0.404276 0.634465
vt 0.405998 0.613623
vt 0.415606 0.613623
vt 0.407692 0.634465
vt 0.231403 0.982838
vt 0.232866 0.982838
vt 0.235545 0.982838
vt 0.235585 1.000221
vt 0.179178 0.527816
vt 0.179178 0.628757
vt 0.179178 0.656004
vt 0.179178 0.861162
vt 0.179178 0.878544
vt 0.179178 0.895927
vt 0.179855 0.913309
vt 0.181257 0.930691
vt 0.183095 0.948074
vt 0.186287 0.965456
vt 0.195352 0.982839
vt 0.197000 0.982838
vt 0.206118 0.965456
vt 0.208973 0.948074
vt 0.211123 0.930691
vt 0.212802 0.913309
vt 0.213709 0.895927
vt 0.213709 0.878544
vt 0.214146 0.861162
vt 0.215527 0.861162
vt 0.215527 0.878544
vt 0.215527 0.895927
vt 0.216400 0.913309
vt 0.217240 0.930691
vt 0.219356 0.948074
vt 0.222345 0.965456
vt 0.406186 0.592780
vt 0.419718 0.592780
vt 0.405889 0.614822
vt 0.404441 0.635885
vt 0.405829 0.593758
vt 0.388811 0.488439
vt 0.382209 0.488439
vt 0.401047 0.613623
vt 0.401017 0.592780
vt 0.402410 0.634465
vt 0.391741 0.551096
vt 0.394331 0.571938
vt 0.384349 0.571938
vt 0.383278 0.551096
vt 0.389089 0.488570
vt 0.389568 0.509412
vt 0.382165 0.509412
vt 0.382165 0.488570
vt 0.425829 0.488439
vt 0.425284 0.509503
vt 0.418740 0.509503
vt 0.418740 0.488439
vt 0.424153 0.551631
vt 0.422058 0.572694
vt 0.412707 0.572694
vt 0.416146 0.551631
vt 0.419376 0.593758
vt 0.415815 0.614822
vt 0.417803 0.530567
vt 0.425284 0.530567
vt 0.390859 0.613623
vt 0.387047 0.592780
vt 0.382165 0.530254
vt 0.390569 0.530254
vt 0.389612 0.508470
vt 0.389612 0.487279
vt 0.382409 0.487279
vt 0.382409 0.508470
vt 0.440014 0.827470
vt 0.433749 0.827469
vt 0.427484 0.827468
vt 0.427484 0.790483
vt 0.440014 0.790483
vt 0.427795 0.820608
vt 0.430852 0.820608
vt 0.430852 0.835749
vt 0.427795 0.835749
vt 0.384165 0.867087
vt 0.384165 0.851590
vt 0.388190 0.851590
vt 0.388761 0.867087
vt 0.143654 0.801025
vt 0.143654 0.821455
vt 0.143654 0.841885
vt 0.144522 0.862315
vt 0.144927 0.870831
vt 0.145505 0.879348
vt 0.146142 0.887865
vt 0.147000 0.896382
vt 0.148167 0.904899
vt 0.149440 0.913416
vt 0.150838 0.921933
vt 0.152237 0.930449
vt 0.153683 0.938966
vt 0.155371 0.947483
vt 0.157782 0.956000
vt 0.160193 0.964517
vt 0.163038 0.973034
vt 0.168390 0.981550
vt 0.138254 0.780595
vt 0.143654 0.780595
vt 0.384823 0.882584
vt 0.389727 0.882584
vt 0.384165 0.836093
vt 0.388410 0.836093
vt 0.428737 0.914886
vt 0.427991 0.921347
vt 0.421622 0.921347
vt 0.422829 0.914886
vt 0.427026 0.927807
vt 0.425885 0.934268
vt 0.418696 0.934268
vt 0.420305 0.927807
vt 0.430932 0.882584
vt 0.430932 0.889045
vt 0.426230 0.889045
vt 0.426779 0.882584
vt 0.402929 0.973030
vt 0.398869 0.966570
vt 0.417414 0.966570
vt 0.413990 0.973030
vt 0.429528 0.908426
vt 0.423816 0.908426
vt 0.430800 0.895505
vt 0.425535 0.895505
vt 0.424524 0.940728
vt 0.423076 0.947188
vt 0.413319 0.947188
vt 0.416574 0.940728
vt 0.396711 0.960109
vt 0.419872 0.960109
vt 0.394882 0.953649
vt 0.421583 0.953649
vt 0.430230 0.901965
vt 0.424767 0.901965
vt 0.162953 0.990067
vt 0.162856 0.981550
vt 0.177439 0.981550
vt 0.177439 0.990067
vt 0.430932 0.820596
vt 0.430932 0.836094
vt 0.428425 0.836094
vt 0.427766 0.820596
vt 0.385937 0.881169
vt 0.385937 0.866029
vt 0.388602 0.866029
vt 0.389659 0.881169
vt 0.216837 0.947483
vt 0.219036 0.956000
vt 0.221813 0.964517
vt 0.225227 0.973034
vt 0.229740 0.981550
vt 0.182973 0.981550
vt 0.187486 0.973034
vt 0.190726 0.964517
vt 0.192983 0.956000
vt 0.194950 0.947483
vt 0.196860 0.938966
vt 0.198653 0.930449
vt 0.200158 0.921932
vt 0.201431 0.913416
vt 0.202414 0.904899
vt 0.203456 0.896382
vt 0.204382 0.887865
vt 0.205134 0.879348
vt 0.205308 0.870831
vt 0.205308 0.862314
vt 0.205308 0.841885
vt 0.205308 0.821455
vt 0.205308 0.801025
vt 0.205308 0.780595
vt 0.205893 0.780595
vt 0.206711 0.780595
vt 0.206711 0.801025
vt 0.206711 0.821455
vt 0.206711 0.841885
vt 0.206711 0.862314
vt 0.206711 0.870831
vt 0.206711 0.879348
vt 0.207463 0.887865
vt 0.208389 0.896382
vt 0.209373 0.904899
vt 0.210761 0.913416
vt 0.212092 0.921932
vt 0.213597 0.930449
vt 0.215043 0.938966
vt 0.385937 0.850889
vt 0.385937 0.835749
vt 0.388172 0.835749
vt 0.388172 0.850889
vt 0.426225 0.835902
vt 0.426850 0.849096
vt 0.426850 0.862289
vt 0.426225 0.875482
vt 0.425287 0.888676
vt 0.424766 0.894176
vt 0.424107 0.899676
vt 0.423378 0.905176
vt 0.422475 0.910677
vt 0.421537 0.916177
vt 0.420391 0.921677
vt 0.419141 0.927177
vt 0.417614 0.932678
vt 0.415600 0.938177
vt 0.412509 0.943678
vt 0.403113 0.943678
vt 0.400029 0.938178
vt 0.398279 0.932678
vt 0.396738 0.927177
vt 0.395488 0.921677
vt 0.394321 0.916177
vt 0.393154 0.910677
vt 0.392363 0.905177
vt 0.391571 0.899677
vt 0.390863 0.894176
vt 0.390112 0.888676
vt 0.389196 0.875483
vt 0.388654 0.862289
vt 0.388862 0.849095
vt 0.389571 0.835902
vt 0.389571 0.813531
vt 0.389571 0.755060
vt 0.426224 0.755060
vt 0.426225 0.813535
vt 0.398458 0.963223
vt 0.396150 0.956911
vt 0.419543 0.956911
vt 0.417274 0.963223
vt 0.428191 0.912728
vt 0.427291 0.919040
vt 0.420752 0.919040
vt 0.421965 0.912728
vt 0.426391 0.925352
vt 0.425295 0.931664
vt 0.418091 0.931664
vt 0.419499 0.925352
vt 0.430852 0.881169
vt 0.430617 0.887481
vt 0.425565 0.887481
vt 0.426230 0.881169
vt 0.394271 0.950599
vt 0.421069 0.950599
vt 0.428935 0.906417
vt 0.422904 0.906417
vt 0.430226 0.893793
vt 0.424821 0.893793
vt 0.424200 0.937976
vt 0.422830 0.944288
vt 0.412847 0.944288
vt 0.416212 0.937976
vt 0.247321 0.981550
vt 0.401511 0.969535
vt 0.413400 0.969535
vt 0.429600 0.900105
vt 0.423921 0.900105
vt 0.384992 0.850711
vt 0.384992 0.835399
vt 0.387852 0.835399
vt 0.387812 0.850711
vt 0.384992 0.820085
vt 0.388214 0.820085
vt 0.384992 0.881337
vt 0.384992 0.866024
vt 0.388495 0.866024
vt 0.389621 0.881337
vt 0.187766 0.956000
vt 0.190370 0.964517
vt 0.193668 0.973034
vt 0.199049 0.981550
vt 0.199049 0.990067
vt 0.148000 0.990067
vt 0.148000 0.981550
vt 0.153729 0.973034
vt 0.157085 0.964517
vt 0.159341 0.956000
vt 0.161945 0.947483
vt 0.163970 0.938966
vt 0.165590 0.930449
vt 0.167211 0.921932
vt 0.168541 0.913415
vt 0.169872 0.904898
vt 0.170972 0.896381
vt 0.171955 0.887865
vt 0.172881 0.879347
vt 0.173460 0.870831
vt 0.173807 0.862314
vt 0.173807 0.841884
vt 0.173807 0.821455
vt 0.173807 0.801026
vt 0.173807 0.780595
vt 0.174277 0.780595
vt 0.174631 0.780595
vt 0.174631 0.801026
vt 0.174631 0.821455
vt 0.174631 0.841884
vt 0.174631 0.862314
vt 0.174920 0.870831
vt 0.175383 0.879347
vt 0.175962 0.887865
vt 0.176945 0.896381
vt 0.177987 0.904898
vt 0.179144 0.913415
vt 0.180417 0.921932
vt 0.181979 0.930449
vt 0.183599 0.938966
vt 0.185625 0.947483
vt 0.427748 0.913255
vt 0.427024 0.919639
vt 0.420776 0.919639
vt 0.421861 0.913255
vt 0.426140 0.926023
vt 0.425014 0.932407
vt 0.417840 0.932407
vt 0.419489 0.926023
vt 0.430885 0.881336
vt 0.430322 0.887720
vt 0.425521 0.887720
vt 0.426003 0.881336
vt 0.428552 0.906872
vt 0.422987 0.906872
vt 0.429759 0.894104
vt 0.424837 0.894104
vt 0.423888 0.938791
vt 0.422561 0.945174
vt 0.412130 0.945174
vt 0.415749 0.938791
vt 0.394120 0.951558
vt 0.392632 0.945175
vt 0.402851 0.945175
vt 0.420993 0.951558
vt 0.395929 0.957942
vt 0.419183 0.957942
vt 0.398222 0.964326
vt 0.416811 0.964326
vt 0.429156 0.900488
vt 0.423912 0.900488
vt 0.389144 0.927415
vt 0.388305 0.920947
vt 0.394633 0.920947
vt 0.395873 0.927415
vt 0.384211 0.852153
vt 0.384211 0.837161
vt 0.388617 0.837161
vt 0.388617 0.852154
vt 0.385008 0.882139
vt 0.384452 0.867146
vt 0.389054 0.867146
vt 0.389784 0.882139
vt 0.387626 0.914479
vt 0.393576 0.914479
vt 0.385342 0.888607
vt 0.390331 0.888607
vt 0.391450 0.940351
vt 0.390161 0.933883
vt 0.397441 0.933883
vt 0.399447 0.940351
vt 0.180521 0.981608
vt 0.180328 0.990419
vt 0.392895 0.946819
vt 0.402182 0.946819
vt 0.385896 0.895075
vt 0.390987 0.895075
vt 0.386397 0.901543
vt 0.391826 0.901543
vt 0.387034 0.908011
vt 0.392628 0.908011
vt 0.396073 0.959754
vt 0.419142 0.959755
vt 0.416881 0.966223
vt 0.398006 0.966222
vt 0.431081 0.822168
vt 0.431190 0.837161
vt 0.426868 0.837161
vt 0.426248 0.822168
vt 0.413381 0.972690
vt 0.401798 0.972690
vt 0.386893 0.906293
vt 0.386358 0.899835
vt 0.391886 0.899835
vt 0.392732 0.906293
vt 0.391390 0.938586
vt 0.390188 0.932127
vt 0.397585 0.932127
vt 0.399856 0.938586
vt 0.388362 0.919210
vt 0.387516 0.912752
vt 0.393623 0.912752
vt 0.394691 0.919210
vt 0.384934 0.865488
vt 0.384934 0.850516
vt 0.388502 0.850516
vt 0.388903 0.865488
vt 0.385869 0.893376
vt 0.385379 0.886918
vt 0.390372 0.886918
vt 0.391085 0.893376
vt 0.385067 0.880459
vt 0.389883 0.880459
vt 0.384934 0.835545
vt 0.388502 0.835545
vt 0.389208 0.925669
vt 0.396027 0.925669
vt 0.392681 0.945044
vt 0.402706 0.945044
vt 0.227714 0.990419
vt 0.227714 0.999231
vt 0.138577 0.999231
vt 0.176826 0.817394
vt 0.176826 0.796968
vt 0.176826 0.776540
vt 0.178091 0.776540
vt 0.178091 0.796968
vt 0.178091 0.817394
vt 0.178091 0.837821
vt 0.178091 0.858247
vt 0.178207 0.867059
vt 0.178554 0.875870
vt 0.179364 0.884682
vt 0.180348 0.893493
vt 0.181331 0.902305
vt 0.182488 0.911116
vt 0.183761 0.919928
vt 0.185149 0.928739
vt 0.186711 0.937551
vt 0.188563 0.946362
vt 0.190993 0.955174
vt 0.193538 0.963985
vt 0.196663 0.972797
vt 0.201638 0.981608
vt 0.154726 0.981608
vt 0.158833 0.972797
vt 0.161726 0.963985
vt 0.164040 0.955174
vt 0.165834 0.946362
vt 0.167801 0.937551
vt 0.169421 0.928739
vt 0.170867 0.919927
vt 0.172024 0.911116
vt 0.173066 0.902305
vt 0.173933 0.893493
vt 0.174685 0.884682
vt 0.175495 0.875870
vt 0.176305 0.867059
vt 0.176826 0.858247
vt 0.176826 0.837821
vt 0.398603 0.964420
vt 0.417199 0.964420
vt 0.414037 0.970879
vt 0.401720 0.970878
vt 0.385619 0.893501
vt 0.385379 0.887049
vt 0.390130 0.887049
vt 0.390809 0.893501
vt 0.387536 0.912857
vt 0.386857 0.906405
vt 0.392407 0.906405
vt 0.393285 0.912857
vt 0.392529 0.945117
vt 0.391251 0.938665
vt 0.399277 0.938665
vt 0.402592 0.945117
vt 0.386178 0.899953
vt 0.391608 0.899953
vt 0.390173 0.932213
vt 0.397320 0.932213
vt 0.385300 0.880597
vt 0.385300 0.865640
vt 0.388732 0.865640
vt 0.389651 0.880597
vt 0.389214 0.925761
vt 0.388335 0.919309
vt 0.394484 0.919309
vt 0.395802 0.925761
vt 0.385300 0.835727
vt 0.385300 0.820769
vt 0.388732 0.820769
vt 0.388333 0.835727
vt 0.385300 0.850683
vt 0.388253 0.850683
vt 0.426697 0.793002
vt 0.439853 0.793002
vt 0.439853 0.817839
vt 0.434793 0.817839
vt 0.432965 0.817839
vt 0.426697 0.817839
vt 0.426305 0.794094
vt 0.439222 0.794094
vt 0.439222 0.823487
vt 0.434504 0.823485
vt 0.426305 0.823484
vt 0.394207 0.951569
vt 0.421077 0.951570
vt 0.419240 0.958021
vt 0.395964 0.958021
vt 0.427951 0.792343
vt 0.440334 0.792343
vt 0.440334 0.822190
vt 0.431926 0.822190
vt 0.427951 0.822190
vt 0.426548 0.792790
vt 0.439809 0.792790
vt 0.439810 0.820513
vt 0.434366 0.820513
vt 0.432980 0.820513
vt 0.426548 0.820513
vt 0.398121 0.964473
vt 0.416803 0.964473
vt 0.413887 0.970925
vt 0.401556 0.970925
vt 0.398329 0.934268
vt 0.400173 0.940728
vt 0.391773 0.940728
vt 0.390676 0.934268
vt 0.392097 0.901966
vt 0.392931 0.908426
vt 0.386703 0.908426
vt 0.386052 0.901966
vt 0.394160 0.914886
vt 0.395388 0.921347
vt 0.388554 0.921347
vt 0.387588 0.914886
vt 0.396705 0.927807
vt 0.389615 0.927807
vt 0.390517 0.889045
vt 0.385131 0.889045
vt 0.391263 0.895505
vt 0.385569 0.895505
vt 0.389156 0.820596
vt 0.384165 0.820596
vt 0.393053 0.947188
vt 0.403421 0.947188
vt 0.427766 0.867087
vt 0.430932 0.867087
vt 0.428425 0.851591
vt 0.430932 0.851591
vt 0.399794 0.937976
vt 0.403355 0.944288
vt 0.392784 0.944288
vt 0.391571 0.937976
vt 0.392829 0.906417
vt 0.393846 0.912728
vt 0.387737 0.912728
vt 0.387071 0.906417
vt 0.391107 0.893793
vt 0.391929 0.900105
vt 0.386445 0.900105
vt 0.385937 0.893793
vt 0.394903 0.919040
vt 0.396194 0.925352
vt 0.389576 0.925352
vt 0.388676 0.919040
vt 0.386091 0.835486
vt 0.386091 0.820328
vt 0.379031 0.820328
vt 0.379031 0.835486
vt 0.390324 0.887481
vt 0.385937 0.887481
vt 0.397837 0.931664
vt 0.390593 0.931664
vt 0.388602 0.820608
vt 0.385937 0.820608
vt 0.427795 0.850889
vt 0.430852 0.850889
vt 0.427169 0.866029
vt 0.430852 0.866029
vt 0.394607 0.919640
vt 0.395773 0.926023
vt 0.389013 0.926023
vt 0.388128 0.919640
vt 0.390626 0.894104
vt 0.391390 0.900488
vt 0.385917 0.900488
vt 0.385515 0.894104
vt 0.379028 0.820328
vt 0.379028 0.835486
vt 0.393361 0.913256
vt 0.387324 0.913256
vt 0.392315 0.906872
vt 0.386600 0.906872
vt 0.399352 0.938791
vt 0.391225 0.938791
vt 0.397422 0.932407
vt 0.390099 0.932407
vt 0.148001 0.998584
vt 0.246535 0.998584
vt 0.390063 0.887720
vt 0.385193 0.887720
vt 0.401961 0.970710
vt 0.413312 0.970710
vt 0.426888 0.866024
vt 0.427451 0.850712
vt 0.430885 0.850712
vt 0.430885 0.866024
vt 0.427411 0.835399
vt 0.426808 0.820085
vt 0.430885 0.820086
vt 0.430885 0.835399
vt 0.492184 1.125309
vt 0.492184 1.119714
vt 0.486936 1.119714
vt 0.486936 1.125309
vt 0.379014 0.835486
vt 0.379014 0.820328
vt 0.475353 0.835926
vt 0.475903 0.849363
vt 0.475940 0.862799
vt 0.475426 0.876235
vt 0.474619 0.889671
vt 0.474178 0.895272
vt 0.473554 0.900874
vt 0.472710 0.906475
vt 0.471866 0.912077
vt 0.470838 0.917678
vt 0.469847 0.923280
vt 0.468672 0.928882
vt 0.467167 0.934483
vt 0.465258 0.940084
vt 0.461954 0.945686
vt 0.453483 0.945686
vt 0.450290 0.940085
vt 0.448528 0.934483
vt 0.447023 0.928882
vt 0.445958 0.923280
vt 0.444820 0.917679
vt 0.443866 0.912077
vt 0.443022 0.906476
vt 0.442324 0.900874
vt 0.441810 0.895273
vt 0.441406 0.889671
vt 0.440379 0.876235
vt 0.439755 0.862799
vt 0.439791 0.849363
vt 0.440122 0.835926
vt 0.440122 0.813147
vt 0.440122 0.753595
vt 0.475353 0.753595
vt 0.475353 0.813146
vt 0.427893 0.791434
vt 0.439757 0.791434
vt 0.439757 0.825733
vt 0.433241 0.825733
vt 0.427893 0.825733
vt 0.428332 0.787809
vt 0.439227 0.787809
vt 0.439227 0.825618
vt 0.434166 0.825618
vt 0.433779 0.825618
vt 0.433267 0.825618
vt 0.428332 0.825618
vt 0.246535 0.745961
vt 0.234801 0.745961
vt 0.234801 0.051233
vt 0.246533 0.051233
vt 0.428412 0.790429
vt 0.438578 0.790428
vt 0.438578 0.827415
vt 0.434368 0.827415
vt 0.433495 0.827415
vt 0.432869 0.827415
vt 0.428412 0.827415
vt 0.427461 0.787127
vt 0.436033 0.787127
vt 0.194301 0.745999
vt 0.427461 0.787126
vt 0.486581 1.795974
vt 0.486581 1.382796
vt 0.486581 1.009518
vt 0.189355 0.999495
vt 0.189355 0.052027
vt 0.196419 0.052027
vt 0.196419 0.746843
vt 0.196419 0.781479
vt 0.196419 0.990978
vt 0.196419 0.999495
vt 0.416365 0.498174
vt 0.416365 0.513255
vt 0.415601 0.528335
vt 0.414249 0.543416
vt 0.411445 0.558496
vt 0.405837 0.573577
vt 0.402341 0.573577
vt 0.396586 0.558496
vt 0.394372 0.543416
vt 0.392836 0.528335
vt 0.391962 0.513255
vt 0.391962 0.498174
vt 0.391962 0.320184
vt 0.416365 0.320184
vt 0.381100 0.835751
vt 0.381100 0.820538
vt 0.388200 0.820538
vt 0.388200 0.835751
vt 0.389601 0.822168
vt 0.384207 0.822168
vt 0.394360 0.953287
vt 0.420893 0.953287
vt 0.418007 0.933883
vt 0.419648 0.927415
vt 0.425791 0.927416
vt 0.424813 0.933883
vt 0.425227 0.888608
vt 0.425701 0.882140
vt 0.430392 0.882141
vt 0.430029 0.888608
vt 0.412902 0.946819
vt 0.415928 0.940351
vt 0.423730 0.940351
vt 0.422430 0.946819
vt 0.423768 0.901544
vt 0.424571 0.895076
vt 0.429475 0.895076
vt 0.428782 0.901544
vt 0.422893 0.908012
vt 0.428171 0.908012
vt 0.420960 0.920948
vt 0.422054 0.914480
vt 0.427487 0.914480
vt 0.426706 0.920948
vt 0.426503 0.867147
vt 0.426941 0.852154
vt 0.431190 0.852154
vt 0.431058 0.867147
vt 0.381100 0.835752
vt 0.388188 0.835752
vt 0.388188 0.820538
vt 0.396288 0.957961
vt 0.419425 0.957961
vt 0.384934 0.820573
vt 0.388903 0.820573
vt 0.422473 0.912752
vt 0.423497 0.906294
vt 0.428820 0.906294
vt 0.428152 0.912753
vt 0.413880 0.945045
vt 0.416685 0.938586
vt 0.424100 0.938586
vt 0.422586 0.945045
vt 0.424477 0.899836
vt 0.425011 0.893377
vt 0.430022 0.893377
vt 0.429398 0.899836
vt 0.427059 0.865489
vt 0.427638 0.850517
vt 0.431046 0.850517
vt 0.431046 0.865489
vt 0.427371 0.835545
vt 0.431046 0.835545
vt 0.425635 0.886919
vt 0.426169 0.880460
vt 0.431046 0.880461
vt 0.430645 0.886919
vt 0.394373 0.951503
vt 0.421206 0.951503
vt 0.421583 0.919211
vt 0.427350 0.919211
vt 0.418466 0.932128
vt 0.420113 0.925669
vt 0.426460 0.925669
vt 0.425347 0.932128
vt 0.138720 0.981608
vt 0.426525 0.820573
vt 0.431046 0.820573
vt 0.388151 0.820538
vt 0.388151 0.835752
vt 0.424868 0.893502
vt 0.425467 0.887050
vt 0.430344 0.887050
vt 0.429904 0.893502
vt 0.419795 0.925762
vt 0.421074 0.919310
vt 0.427148 0.919310
vt 0.426190 0.925762
vt 0.418198 0.932214
vt 0.425151 0.932214
vt 0.423350 0.906406
vt 0.424149 0.899954
vt 0.429385 0.899954
vt 0.428826 0.906406
vt 0.412885 0.945117
vt 0.422595 0.945118
vt 0.426666 0.865641
vt 0.427025 0.850684
vt 0.431542 0.850684
vt 0.431382 0.865641
vt 0.416201 0.938665
vt 0.423993 0.938666
vt 0.425867 0.880598
vt 0.430743 0.880598
vt 0.422312 0.912858
vt 0.427987 0.912858
vt 0.427105 0.835727
vt 0.431542 0.835727
vt 0.426666 0.820769
vt 0.431542 0.820770
vt 0.388200 0.835752
vt 0.476500 0.832299
vt 0.477328 0.845581
vt 0.477589 0.858862
vt 0.477023 0.872142
vt 0.476152 0.885423
vt 0.475629 0.891152
vt 0.475019 0.896882
vt 0.474497 0.902611
vt 0.473539 0.908340
vt 0.472537 0.914069
vt 0.471666 0.919798
vt 0.470228 0.925527
vt 0.468617 0.931256
vt 0.466875 0.936985
vt 0.464131 0.942714
vt 0.453200 0.942714
vt 0.450412 0.936984
vt 0.448191 0.931255
vt 0.446666 0.925526
vt 0.445360 0.919797
vt 0.444314 0.914068
vt 0.443443 0.908339
vt 0.442616 0.902610
vt 0.441832 0.896881
vt 0.441135 0.891151
vt 0.440656 0.885422
vt 0.439697 0.872142
vt 0.439305 0.858861
vt 0.439305 0.845580
vt 0.439697 0.832299
vt 0.439697 0.815837
vt 0.439697 0.753997
vt 0.476500 0.753997
vt 0.476500 0.815837
vt 0.381100 0.835753
vt 0.388151 0.835753
vt 0.425716 0.830555
vt 0.426134 0.843988
vt 0.426058 0.857419
vt 0.425716 0.870850
vt 0.424955 0.884281
vt 0.424574 0.890075
vt 0.424004 0.895869
vt 0.423319 0.901662
vt 0.422558 0.907456
vt 0.421569 0.913250
vt 0.420390 0.919043
vt 0.419172 0.924837
vt 0.417651 0.930631
vt 0.415749 0.936424
vt 0.412591 0.942218
vt 0.402788 0.942218
vt 0.399631 0.936424
vt 0.397767 0.930630
vt 0.396321 0.924836
vt 0.395066 0.919043
vt 0.393925 0.913249
vt 0.393088 0.907455
vt 0.392327 0.901661
vt 0.391566 0.895868
vt 0.390920 0.890074
vt 0.390463 0.884280
vt 0.389588 0.870849
vt 0.389132 0.857418
vt 0.389208 0.843987
vt 0.389588 0.830555
vt 0.389588 0.813909
vt 0.389588 0.751370
vt 0.425715 0.751370
vt 0.425715 0.813907
vt 0.185149 0.972796
vt 0.188139 0.963984
vt 0.190453 0.955173
vt 0.192485 0.946361
vt 0.194204 0.937550
vt 0.195636 0.928738
vt 0.196930 0.919927
vt 0.198140 0.911115
vt 0.199172 0.902303
vt 0.200076 0.893492
vt 0.200883 0.884680
vt 0.201801 0.875868
vt 0.202533 0.867057
vt 0.203013 0.858245
vt 0.203893 0.837819
vt 0.204068 0.817393
vt 0.204068 0.796967
vt 0.203924 0.776540
vt 0.205787 0.776540
vt 0.205787 0.796967
vt 0.205787 0.817393
vt 0.205787 0.837819
vt 0.205960 0.858245
vt 0.206365 0.867057
vt 0.207002 0.875869
vt 0.207638 0.884680
vt 0.208332 0.893492
vt 0.209142 0.902303
vt 0.210241 0.911115
vt 0.211341 0.919927
vt 0.212613 0.928738
vt 0.214176 0.937550
vt 0.215853 0.946361
vt 0.218052 0.955173
vt 0.220540 0.963984
vt 0.223548 0.972796
vt 0.227598 0.981608
vt 0.187068 0.750407
vt 0.427299 0.790813
vt 0.427299 0.790811
vt 0.180090 0.750406
vt 0.177562 0.750406
vt 0.157657 0.748326
vt 0.164982 0.748326
vt 0.226100 0.884278
vt 0.227317 0.898686
vt 0.228940 0.913095
vt 0.231258 0.927505
vt 0.233866 0.941913
vt 0.237227 0.956323
vt 0.241631 0.970731
vt 0.251367 0.985140
vt 0.194114 0.985140
vt 0.201374 0.970731
vt 0.206381 0.956323
vt 0.209552 0.941913
vt 0.212139 0.927505
vt 0.214559 0.913095
vt 0.216645 0.898686
vt 0.218064 0.884278
vt 0.219399 0.869869
vt 0.220234 0.855460
vt 0.220734 0.841051
vt 0.221235 0.826642
vt 0.221235 0.812233
vt 0.221235 0.797824
vt 0.221235 0.783415
vt 0.221235 0.769006
vt 0.223493 0.769006
vt 0.223493 0.783415
vt 0.223493 0.797824
vt 0.223493 0.812233
vt 0.223493 0.826642
vt 0.223493 0.841051
vt 0.224188 0.855460
vt 0.224999 0.869869
vt 0.430331 0.870406
vt 0.429991 0.880665
vt 0.425740 0.880665
vt 0.426590 0.870406
vt 0.439718 0.831227
vt 0.439718 0.821403
vt 0.431899 0.821403
vt 0.431899 0.831227
vt 0.388847 0.870406
vt 0.389558 0.880665
vt 0.384593 0.880665
vt 0.384168 0.870406
vt 0.157657 0.748324
vt 0.422738 0.942215
vt 0.420584 0.952473
vt 0.410949 0.952473
vt 0.414632 0.942215
vt 0.235965 0.927504
vt 0.238259 0.913095
vt 0.240392 0.898686
vt 0.242042 0.884277
vt 0.243169 0.869868
vt 0.243974 0.855459
vt 0.243974 0.841051
vt 0.243974 0.826641
vt 0.243974 0.812232
vt 0.243974 0.797823
vt 0.243974 0.783414
vt 0.243974 0.769006
vt 0.214716 0.985140
vt 0.224375 0.970731
vt 0.229003 0.956322
vt 0.232906 0.941913
vt 0.179744 0.748333
vt 0.167419 0.748333
vt 0.167419 0.050758
vt 0.179744 0.050758
vt 0.425880 0.931899
vt 0.424104 0.941905
vt 0.415366 0.941905
vt 0.418873 0.931899
vt 0.430985 0.891875
vt 0.430319 0.901881
vt 0.424466 0.901881
vt 0.425798 0.891875
vt 0.430672 0.819115
vt 0.430672 0.829373
vt 0.427157 0.829373
vt 0.427157 0.819115
vt 0.431429 0.861857
vt 0.431428 0.871863
vt 0.427351 0.871863
vt 0.427662 0.861857
vt 0.427478 0.921893
vt 0.421359 0.921893
vt 0.431429 0.821833
vt 0.431428 0.831838
vt 0.427440 0.831838
vt 0.427440 0.821833
vt 0.391638 0.900823
vt 0.393105 0.910988
vt 0.387223 0.910988
vt 0.386343 0.900823
vt 0.388578 0.860163
vt 0.389039 0.870328
vt 0.384457 0.870328
vt 0.384457 0.860163
vt 0.394865 0.921153
vt 0.388397 0.921153
vt 0.400692 0.941483
vt 0.406225 0.951648
vt 0.394391 0.951648
vt 0.391960 0.941483
vt 0.431918 0.831227
vt 0.431918 0.821403
vt 0.431293 0.860163
vt 0.431293 0.870328
vt 0.426726 0.870328
vt 0.427313 0.860163
vt 0.152756 0.783415
vt 0.152756 0.797824
vt 0.152756 0.812233
vt 0.152756 0.826642
vt 0.152756 0.841051
vt 0.153382 0.855460
vt 0.154286 0.869869
vt 0.155746 0.884278
vt 0.157207 0.898687
vt 0.159084 0.913096
vt 0.161170 0.927505
vt 0.163743 0.941913
vt 0.167707 0.956323
vt 0.172436 0.970731
vt 0.181824 0.985140
vt 0.152756 0.769006
vt 0.425382 0.931318
vt 0.423706 0.941483
vt 0.415073 0.941483
vt 0.418469 0.931318
vt 0.430999 0.880493
vt 0.430328 0.890658
vt 0.425217 0.890658
vt 0.426055 0.880493
vt 0.388109 0.849890
vt 0.388246 0.860148
vt 0.384168 0.860148
vt 0.384168 0.849890
vt 0.418005 0.961813
vt 0.397577 0.961813
vt 0.410337 0.951648
vt 0.421191 0.951648
vt 0.424494 0.931957
vt 0.417863 0.931957
vt 0.431946 0.821403
vt 0.431946 0.831227
vt 0.429425 0.890923
vt 0.424720 0.890923
vt 0.391470 0.901881
vt 0.392891 0.911887
vt 0.386842 0.911887
vt 0.385776 0.901881
vt 0.421441 0.951911
vt 0.410350 0.951911
vt 0.394467 0.921698
vt 0.396923 0.931957
vt 0.389882 0.931957
vt 0.388465 0.921698
vt 0.388052 0.861857
vt 0.388585 0.871863
vt 0.384800 0.871863
vt 0.384800 0.861857
vt 0.388496 0.821833
vt 0.388496 0.831838
vt 0.384800 0.831838
vt 0.384800 0.821833
vt 0.230755 0.748333
vt 0.216059 0.748333
vt 0.216059 0.050758
vt 0.230755 0.050758
vt 0.430672 0.839631
vt 0.427157 0.839631
vt 0.397108 0.931899
vt 0.400437 0.941905
vt 0.391547 0.941905
vt 0.389771 0.931899
vt 0.429490 0.900823
vt 0.424127 0.900823
vt 0.431429 0.881869
vt 0.426641 0.881869
vt 0.428400 0.910988
vt 0.427017 0.921153
vt 0.420858 0.921153
vt 0.422492 0.910988
vt 0.430672 0.860148
vt 0.427157 0.860148
vt 0.406519 0.951911
vt 0.394166 0.951911
vt 0.431293 0.829668
vt 0.431293 0.839833
vt 0.427439 0.839833
vt 0.426055 0.829668
vt 0.431293 0.819503
vt 0.426055 0.819503
vt 0.388052 0.841845
vt 0.388007 0.851851
vt 0.384800 0.851851
vt 0.384800 0.841845
vt 0.397296 0.931318
vt 0.390073 0.931318
vt 0.431906 0.821403
vt 0.431906 0.831227
vt 0.389330 0.821654
vt 0.389330 0.831705
vt 0.385377 0.831705
vt 0.385377 0.821654
vt 0.390227 0.891875
vt 0.384977 0.891875
vt 0.389710 0.880493
vt 0.384960 0.880493
vt 0.388326 0.849998
vt 0.384457 0.849998
vt 0.423088 0.942268
vt 0.420647 0.952319
vt 0.410173 0.952319
vt 0.415150 0.942268
vt 0.388744 0.861858
vt 0.389150 0.871909
vt 0.385377 0.871909
vt 0.385377 0.861858
vt 0.418244 0.961917
vt 0.410350 0.971923
vt 0.404332 0.971923
vt 0.397185 0.961917
vt 0.390548 0.890658
vt 0.385547 0.890658
vt 0.426443 0.819894
vt 0.430633 0.819893
vt 0.430633 0.830043
vt 0.426443 0.830043
vt 0.412254 0.972990
vt 0.403908 0.972990
vt 0.397532 0.962732
vt 0.417184 0.962732
vt 0.427908 0.912114
vt 0.426625 0.922165
vt 0.420877 0.922165
vt 0.422567 0.912114
vt 0.397217 0.932217
vt 0.400507 0.942268
vt 0.391867 0.942268
vt 0.390155 0.932217
vt 0.394710 0.921893
vt 0.388129 0.921893
vt 0.412221 0.971978
vt 0.404619 0.971978
vt 0.391498 0.901181
vt 0.392909 0.911440
vt 0.387190 0.911440
vt 0.386198 0.901181
vt 0.251367 0.999549
vt 0.388847 0.829373
vt 0.388167 0.839631
vt 0.384168 0.839631
vt 0.384168 0.829373
vt 0.389250 0.881869
vt 0.384800 0.881869
vt 0.388502 0.839833
vt 0.384457 0.839833
vt 0.389710 0.819503
vt 0.389710 0.829668
vt 0.384457 0.829668
vt 0.384457 0.819503
vt 0.431428 0.841844
vt 0.431428 0.851851
vt 0.427973 0.851851
vt 0.427973 0.841844
vt 0.390350 0.890923
vt 0.385207 0.890923
vt 0.400323 0.942215
vt 0.391629 0.942215
vt 0.394321 0.952473
vt 0.404101 0.952473
vt 0.428943 0.911887
vt 0.423045 0.911887
vt 0.425060 0.932217
vt 0.418499 0.932217
vt 0.389736 0.881961
vt 0.390637 0.892012
vt 0.385693 0.892012
vt 0.385377 0.881961
vt 0.431293 0.849998
vt 0.427397 0.849998
vt 0.388847 0.819115
vt 0.384168 0.819114
vt 0.159647 0.748333
vt 0.403490 0.972421
vt 0.397411 0.962370
vt 0.417455 0.962370
vt 0.411602 0.972421
vt 0.406592 0.972421
vt 0.430944 0.821654
vt 0.430944 0.831705
vt 0.426198 0.831705
vt 0.426198 0.821654
vt 0.430725 0.881961
vt 0.430037 0.892012
vt 0.425228 0.892012
vt 0.426010 0.881961
vt 0.430944 0.841756
vt 0.427137 0.841756
vt 0.394784 0.922165
vt 0.388712 0.922165
vt 0.430672 0.849889
vt 0.427270 0.849889
vt 0.429098 0.902063
vt 0.424070 0.902063
vt 0.430944 0.861858
vt 0.430944 0.871909
vt 0.426636 0.871909
vt 0.427106 0.861858
vt 0.426138 0.921698
vt 0.420356 0.921698
vt 0.430944 0.851807
vt 0.427106 0.851807
vt 0.388474 0.851807
vt 0.385377 0.851807
vt 0.189336 0.985140
vt 0.197192 0.985140
vt 0.255455 0.985140
vt 0.255455 0.999549
vt 0.136262 0.999549
vt 0.136262 0.985140
vt 0.238012 0.976033
vt 0.232459 0.988598
vt 0.391764 0.902063
vt 0.386459 0.902063
vt 0.388609 0.841756
vt 0.385377 0.841756
vt 0.405736 0.952319
vt 0.394346 0.952319
vt 0.427555 0.911440
vt 0.422000 0.911440
vt 0.393116 0.912114
vt 0.387451 0.912114
vt 0.428518 0.901181
vt 0.423473 0.901181
vt 0.157657 0.748327
vt 0.227508 0.826642
vt 0.227508 0.841051
vt 0.227508 0.855460
vt 0.227995 0.869869
vt 0.229177 0.884278
vt 0.230708 0.898686
vt 0.232655 0.913095
vt 0.234880 0.927504
vt 0.237523 0.941913
vt 0.241347 0.956323
vt 0.246076 0.970731
vt 0.207498 0.970731
vt 0.211671 0.956323
vt 0.215148 0.941913
vt 0.217466 0.927504
vt 0.219552 0.913095
vt 0.221465 0.898686
vt 0.223261 0.884278
vt 0.224130 0.869869
vt 0.224710 0.855460
vt 0.224710 0.841051
vt 0.224710 0.826642
vt 0.224710 0.812232
vt 0.224710 0.797824
vt 0.224710 0.783415
vt 0.224710 0.769006
vt 0.227509 0.769006
vt 0.227509 0.783415
vt 0.227509 0.797824
vt 0.227509 0.812232
vt 0.188630 0.956323
vt 0.193846 0.970731
vt 0.203408 0.985140
vt 0.144898 0.985140
vt 0.153928 0.970731
vt 0.158854 0.956323
vt 0.162621 0.941913
vt 0.165663 0.927504
vt 0.168078 0.913095
vt 0.170058 0.898686
vt 0.177329 0.898686
vt 0.179261 0.913095
vt 0.181579 0.927504
vt 0.184622 0.941913
vt 0.175494 0.841051
vt 0.175494 0.855460
vt 0.175494 0.869868
vt 0.176267 0.884277
vt 0.171893 0.884277
vt 0.173342 0.869868
vt 0.174404 0.855460
vt 0.174742 0.841051
vt 0.174742 0.826641
vt 0.174742 0.812232
vt 0.174742 0.797823
vt 0.174742 0.783414
vt 0.174742 0.769006
vt 0.175494 0.769006
vt 0.175494 0.783414
vt 0.175494 0.797823
vt 0.175494 0.812232
vt 0.175494 0.826641
vt 0.438441 0.793567
vt 0.438441 0.793566
vt 0.388542 0.819894
vt 0.388542 0.830043
vt 0.385757 0.830043
vt 0.385757 0.819894
vt 0.391295 0.901093
vt 0.392782 0.911243
vt 0.386959 0.911243
vt 0.386263 0.901093
vt 0.388352 0.860493
vt 0.388668 0.870643
vt 0.385757 0.870643
vt 0.385757 0.860493
vt 0.388225 0.840193
vt 0.385757 0.840193
vt 0.396960 0.931543
vt 0.400536 0.941693
vt 0.391738 0.941693
vt 0.389744 0.931543
vt 0.394428 0.921393
vt 0.388225 0.921393
vt 0.406201 0.951843
vt 0.394365 0.951843
vt 0.388130 0.850343
vt 0.385757 0.850343
vt 0.389269 0.880793
vt 0.390251 0.890943
vt 0.385757 0.890943
vt 0.385757 0.880793
vt 0.427283 0.795366
vt 0.439116 0.795366
vt 0.439116 0.813796
vt 0.434815 0.813796
vt 0.433738 0.813796
vt 0.427283 0.813796
vt 0.404049 0.972143
vt 0.397783 0.961993
vt 0.417790 0.961993
vt 0.411460 0.972143
vt 0.431921 0.831227
vt 0.431921 0.821403
vt 0.233608 0.748333
vt 0.219503 0.748333
vt 0.219503 0.050758
vt 0.233608 0.050758
vt 0.237579 0.748333
vt 0.429367 0.901093
vt 0.428286 0.911243
vt 0.422750 0.911243
vt 0.424095 0.901093
vt 0.430633 0.860493
vt 0.430633 0.870643
vt 0.426654 0.870643
vt 0.427102 0.860493
vt 0.430633 0.840193
vt 0.427207 0.840193
vt 0.425385 0.931543
vt 0.423381 0.941693
vt 0.415208 0.941693
vt 0.418504 0.931543
vt 0.426888 0.921393
vt 0.420931 0.921393
vt 0.420822 0.951843
vt 0.409748 0.951843
vt 0.430633 0.850343
vt 0.427260 0.850343
vt 0.430633 0.880793
vt 0.430106 0.890943
vt 0.425256 0.890943
vt 0.426100 0.880793
vt 0.225746 0.528874
vt 0.225746 0.656939
vt 0.173304 0.528777
vt 0.173304 0.629845
vt 0.139138 0.629845
vt 0.139139 0.528777
vt 0.222525 0.528777
vt 0.222525 0.629845
vt 0.189518 0.629845
vt 0.189518 0.528777
vt 0.223883 0.528777
vt 0.223883 0.629845
vt 0.191454 0.629845
vt 0.191454 0.528777
vt 0.177328 0.528777
vt 0.177328 0.629845
vt 0.140267 0.629845
vt 0.140267 0.528777
vt 0.244501 0.528777
vt 0.244501 0.629845
vt 0.208019 0.629845
vt 0.208019 0.528777
vt 0.203616 0.528777
vt 0.203616 0.629845
vt 0.172346 0.629845
vt 0.172346 0.528777
vt 0.236428 0.629845
vt 0.203616 -0.474693
vt 0.203616 -0.608475
vt 0.230603 -0.608475
vt 0.230603 -0.577671
vt 0.236428 -0.546867
vt 0.172345 -0.474691
vt 0.172345 -0.608475
vt 0.139917 0.629845
vt 0.139917 0.528777
vt 0.139917 0.198530
vt 0.139917 -0.068110
vt 0.139917 -0.474689
vt 0.139917 -0.608475
vt 0.244501 -0.608475
vt 0.244501 -0.474689
vt 0.208019 -0.474688
vt 0.208019 -0.608475
vt 0.177328 -0.474686
vt 0.177328 -0.608475
vt 0.140267 -0.474684
vt 0.140267 -0.608475
vt 0.249362 -0.608475
vt 0.249362 -0.474684
vt 0.249362 -0.068109
vt 0.249362 0.198530
vt 0.249362 0.528777
vt 0.249362 0.629845
vt 0.223883 -0.474683
vt 0.223883 -0.608475
vt 0.191454 -0.474681
vt 0.191454 -0.608475
vt 0.098332 -0.900158
vt 0.098315 -0.741521
vt 0.098298 -0.577013
vt 0.098279 -0.391937
vt 0.098262 -0.236240
vt 0.098243 -0.048228
vt 0.098229 0.081029
vt 0.098212 0.245541
vt 0.098201 0.354235
vt 0.098183 0.521683
vt 0.098174 0.603938
vt 0.098156 0.777263
vt 0.098144 0.894770
vt 0.098119 1.138597
vt 0.092916 -1.037085
vt 0.098346 -1.037065
vt 0.213102 -0.474675
vt 0.213102 -0.608475
vt 0.236265 -0.608475
vt 0.236265 -0.474676
vt 0.236265 -0.068105
vt 0.236265 0.198530
vt 0.236265 0.528777
vt 0.236265 0.629845
vt 0.173304 -0.608475
vt 0.173304 -0.474678
vt 0.139139 -0.474676
vt 0.139139 -0.608475
vt 0.189518 -0.608475
vt 0.189518 -0.474679
vt 0.222525 -0.608475
vt 0.222525 -0.474680
vt 0.170028 0.629845
vt 0.170028 0.528777
vt 0.170028 0.198530
vt 0.170028 -0.068107
vt 0.170028 -0.474680
vt 0.170028 -0.608475
vt 0.426332 0.825549
vt 0.426332 0.834568
vt 0.426332 0.843587
vt 0.426442 0.852605
vt 0.426332 0.861624
vt 0.425786 0.870643
vt 0.424965 0.879661
vt 0.423981 0.888680
vt 0.422777 0.897699
vt 0.421355 0.906717
vt 0.419769 0.915736
vt 0.417363 0.924755
vt 0.414245 0.933773
vt 0.410690 0.942792
vt 0.404081 0.942792
vt 0.400435 0.933773
vt 0.397154 0.924755
vt 0.394784 0.915736
vt 0.393280 0.906717
vt 0.391918 0.897699
vt 0.390811 0.888680
vt 0.390046 0.879661
vt 0.389360 0.870643
vt 0.388780 0.861624
vt 0.388648 0.852605
vt 0.388704 0.843587
vt 0.389360 0.834568
vt 0.389360 0.825549
vt 0.389360 0.812609
vt 0.389360 0.754729
vt 0.426332 0.754729
vt 0.426332 0.812608
vt 0.476003 0.824028
vt 0.476003 0.833226
vt 0.476492 0.842425
vt 0.476492 0.851624
vt 0.476206 0.860822
vt 0.475921 0.870021
vt 0.475269 0.879219
vt 0.474494 0.888418
vt 0.473271 0.897617
vt 0.471966 0.906815
vt 0.470417 0.916014
vt 0.468133 0.925212
vt 0.464912 0.934411
vt 0.460305 0.943610
vt 0.456786 0.943610
vt 0.451200 0.934411
vt 0.448142 0.925213
vt 0.445940 0.916014
vt 0.444269 0.906815
vt 0.442964 0.897617
vt 0.441822 0.888418
vt 0.440925 0.879220
vt 0.440314 0.870021
vt 0.439824 0.860822
vt 0.439784 0.851624
vt 0.439824 0.842425
vt 0.440232 0.833226
vt 0.440232 0.824028
vt 0.440232 0.810829
vt 0.440232 0.751795
vt 0.476003 0.751795
vt 0.476003 0.810829
vt 0.389560 0.824809
vt 0.389560 0.811830
vt 0.389560 0.753780
vt 0.425271 0.753780
vt 0.425271 0.811830
vt 0.425271 0.824809
vt 0.425271 0.833854
vt 0.426180 0.842899
vt 0.426150 0.851945
vt 0.426150 0.860990
vt 0.425695 0.870035
vt 0.425088 0.879080
vt 0.424331 0.888126
vt 0.423209 0.897171
vt 0.421754 0.906216
vt 0.420117 0.915262
vt 0.417813 0.924307
vt 0.414569 0.933352
vt 0.409749 0.942397
vt 0.405451 0.942397
vt 0.400386 0.933352
vt 0.397200 0.924307
vt 0.394843 0.915262
vt 0.393227 0.906216
vt 0.391918 0.897171
vt 0.390826 0.888126
vt 0.389953 0.879080
vt 0.389386 0.870035
vt 0.388993 0.860990
vt 0.388731 0.851945
vt 0.388862 0.842900
vt 0.389560 0.833855
vt 0.137167 0.999549
vt 0.137167 0.985140
vt 0.235005 1.010535
vt 0.235370 1.019909
vt 0.425599 0.825508
vt 0.425599 0.834502
vt 0.426327 0.843497
vt 0.426377 0.852491
vt 0.426227 0.861486
vt 0.425799 0.870481
vt 0.425272 0.879475
vt 0.424468 0.888470
vt 0.423363 0.897465
vt 0.422081 0.906459
vt 0.420348 0.915454
vt 0.418037 0.924448
vt 0.414897 0.933443
vt 0.409696 0.942438
vt 0.406318 0.942438
vt 0.400922 0.933443
vt 0.397515 0.924448
vt 0.395103 0.915454
vt 0.393536 0.906459
vt 0.392119 0.897465
vt 0.391124 0.888470
vt 0.390189 0.879475
vt 0.389617 0.870481
vt 0.389315 0.861486
vt 0.389104 0.852492
vt 0.389195 0.843497
vt 0.389496 0.834502
vt 0.389496 0.825508
vt 0.389496 0.812604
vt 0.389496 0.754877
vt 0.425599 0.754876
vt 0.425599 0.812602
vt 0.180006 0.970731
vt 0.144259 0.970731
vt 0.148663 0.956323
vt 0.152140 0.941913
vt 0.154458 0.927505
vt 0.156718 0.913095
vt 0.158631 0.898686
vt 0.160138 0.884278
vt 0.161297 0.869869
vt 0.162224 0.855460
vt 0.162629 0.841051
vt 0.162629 0.826642
vt 0.162629 0.812233
vt 0.162629 0.797824
vt 0.162629 0.783415
vt 0.162629 0.769006
vt 0.163837 0.769006
vt 0.163837 0.783415
vt 0.163837 0.797824
vt 0.163837 0.812233
vt 0.163837 0.826642
vt 0.163837 0.841051
vt 0.163837 0.855460
vt 0.164069 0.869869
vt 0.165112 0.884278
vt 0.166503 0.898686
vt 0.168183 0.913095
vt 0.170328 0.927505
vt 0.172646 0.941913
vt 0.176065 0.956323
vt 0.217734 0.999549
vt 0.217734 0.985140
vt 0.222521 0.985140
vt 0.222520 0.999549
vt 0.172917 0.999549
vt 0.172917 0.985140
vt 0.183427 0.985140
vt 0.183427 0.999549
vt 0.026425 0.823950
vt 0.005693 0.711509
vt 0.027963 0.659469
vt 0.048263 0.533162
vt 0.055215 0.410650
vt 0.055098 0.055468
vt 0.089065 0.055468
vt 0.089065 0.736606
vt 0.089065 0.823950
vt 0.083940 0.798420
vt 0.090184 0.825142
vt 0.632696 0.993592
vt 0.608517 0.996015
vt 0.595608 0.962262
vt 0.585121 0.910737
vt 0.576952 0.794547
vt 0.576738 0.396161
vt 0.586099 0.396161
vt 0.589417 0.839468
vt 0.599934 0.915765
vt 0.608021 0.942018
vt 0.621897 0.957771
vt 0.635807 0.940625
vt 0.646082 0.903284
vt 0.654128 0.842934
vt 0.658001 0.396161
vt 0.666984 0.396161
vt 0.667533 0.790825
vt 0.657591 0.910315
vt 0.646140 0.966413
vt 0.585856 0.335360
vt 0.659297 0.335360
vt 0.656146 0.831945
vt 0.645744 0.907258
vt 0.634429 0.943037
vt 0.621338 0.958534
vt 0.608139 0.941404
vt 0.597035 0.902000
vt 0.589406 0.845533
vt 0.007827 0.825142
vt 0.001583 0.798420
vt 0.017535 0.748716
vt 0.028520 0.687611
vt 0.040281 0.546651
vt 0.040462 0.058480
vt 0.042179 0.058480
vt 0.042443 0.548088
vt 0.052482 0.690883
vt 0.065370 0.754206
vt 0.081236 0.795688
vt 0.082851 0.825142
vt 0.714585 0.342938
vt 0.765585 0.342939
vt 0.767938 0.356362
vt 0.707199 0.356362
vt 0.707047 0.342938
vt 0.432465 0.206117
vt 0.432463 0.205259
vt 0.538716 0.513460
vt 0.541069 0.526884
vt 0.541069 0.511436
vt 0.225755 -0.177789
vt 0.163405 -0.177789
vt 0.163405 -0.376538
vt 0.225755 -0.376538
vt 0.139978 -0.646027
vt 0.245557 -0.646027
vt 0.245557 -0.374214
vt 0.245557 -0.177789
vt 0.139978 -0.177789
vt 0.139978 -0.376538
vt 0.586084 0.645645
vt 0.586084 0.345073
vt 0.658201 0.345073
vt 0.658201 0.645645
vt 0.237411 -0.177789
vt 0.173214 -0.177789
vt 0.173214 -0.374214
vt 0.237411 -0.374214
vt 0.165257 -0.646027
vt 0.226321 -0.646027
vt 0.226321 -0.177789
vt 0.165257 -0.177789
vt 0.165257 -0.374214
vt 0.586469 0.646351
vt 0.586469 0.344989
vt 0.657644 0.344989
vt 0.657644 0.646351
vt 0.207117 -0.177789
vt 0.142169 -0.177789
vt 0.142169 -0.373929
vt 0.207117 -0.373929
vt 0.138625 -0.646027
vt 0.249969 -0.646027
vt 0.249969 -0.607555
vt 0.249969 -0.177789
vt 0.138625 -0.177789
vt 0.138625 -0.373929
vt 0.586347 0.645650
vt 0.586347 0.345766
vt 0.657927 0.345766
vt 0.657927 0.645650
vt 0.136097 -0.646027
vt 0.248235 -0.646027
vt 0.248235 -0.376538
vt 0.248235 -0.177789
vt 0.136097 -0.177789
vt 0.136097 -0.546054
vt 0.136097 -0.576804
vt 0.178669 1.001196
vt 0.178670 0.959213
vt 0.256235 0.658806
vt 0.256235 0.630772
vt 0.259449 0.630772
vt 0.259449 0.658806
vt 0.275532 0.979750
vt 0.275532 0.661073
vt 0.278550 0.661073
vt 0.278550 0.979750
vt 0.218842 0.959213
vt 0.218842 1.001196
vt 0.177320 0.656005
vt 0.177320 0.628803
vt 0.177320 0.548353
vt 0.177320 0.528027
vt 0.177319 0.198735
vt 0.177319 0.180180
vt 0.177318 0.050976
vt 0.177321 0.999657
vt 0.177321 0.974585
vt 0.258656 0.667413
vt 0.258657 0.968993
vt 0.255508 0.968993
vt 0.255508 0.667413
vt 0.290502 0.483911
vt 0.290503 0.456260
vt 0.326261 0.456260
vt 0.326260 0.483911
vt 0.178670 -0.473915
vt 0.178670 -0.546045
vt 0.278058 0.485160
vt 0.275286 0.485161
vt 0.275286 0.467091
vt 0.278058 0.467091
vt 0.325898 0.483973
vt 0.290778 0.483974
vt 0.290778 0.461559
vt 0.325898 0.461559
vt 0.258938 0.484248
vt 0.255601 0.484248
vt 0.255601 0.463848
vt 0.258938 0.463848
vt 0.277979 0.485158
vt 0.275379 0.485158
vt 0.275379 0.467091
vt 0.277979 0.467091
vt 0.326256 0.483970
vt 0.290508 0.483972
vt 0.290508 0.461559
vt 0.326256 0.461559
vt 0.207139 0.528027
vt 0.207139 0.656005
vt 0.207139 0.974585
vt 0.207139 0.999657
vt 0.189659 0.999657
vt 0.189659 0.974585
vt 0.189659 0.656005
vt 0.189658 0.528027
vt 0.189658 0.198735
vt 0.189658 0.180180
vt 0.189657 0.050976
vt 0.207137 0.050976
vt 0.207138 0.180180
vt 0.207138 0.198735
vt 0.258968 0.463848
vt 0.258968 0.484251
vt 0.255472 0.484251
vt 0.255472 0.463848
vt 0.258705 0.668632
vt 0.258705 0.968927
vt 0.255421 0.968927
vt 0.255421 0.668632
vt 0.256287 0.658806
vt 0.256287 0.630772
vt 0.259302 0.630772
vt 0.259302 0.658806
vt 0.275497 0.980178
vt 0.275496 0.660940
vt 0.278333 0.660940
vt 0.278333 0.980178
vt 0.549942 0.397516
vt 0.502559 0.397477
vt 0.502559 0.114751
vt 0.549942 0.114806
vt 0.487974 0.968835
vt 0.487934 0.856107
vt 0.487848 0.617235
vt 0.487809 0.509266
vt 0.487724 0.271750
vt 0.487672 0.126793
vt 0.487665 0.106699
vt 0.491019 0.106655
vt 0.491335 0.988812
vt 0.487981 0.988855
vt 0.256286 0.654382
vt 0.256286 0.635260
vt 0.259302 0.635260
vt 0.259302 0.654382
vt 0.186175 0.180180
vt 0.154323 0.180180
vt 0.151203 0.180180
vt 0.151204 0.050976
vt 0.242487 0.180180
vt 0.210065 0.180180
vt 0.245810 0.050976
vt 0.245811 0.180180
vt 0.255600 0.484230
vt 0.255601 0.459066
vt 0.258939 0.459066
vt 0.258940 0.484230
vt 0.218982 0.975738
vt 0.218983 1.000827
vt 0.225746 0.975738
vt 0.225746 1.000827
vt 0.225745 0.229012
vt 0.225746 0.253443
vt 0.487517 0.021498
vt 0.490683 0.040390
vt 0.491047 1.114133
vt 0.487908 1.114173
vt 0.487713 0.569851
vt 0.218982 0.229012
vt 0.218982 0.253443
vt 0.193209 0.229085
vt 0.193209 0.253491
vt 0.168805 0.253491
vt 0.168806 0.229085
vt 0.367821 -0.256146
vt 0.367810 -0.351046
vt 0.358078 -0.351007
vt 0.358089 -0.256107
vt 0.358233 1.036363
vt 0.367965 1.036324
vt 0.225620 0.051468
vt 0.225619 0.229135
vt 0.136706 0.229136
vt 0.136707 0.229135
vt 0.136707 0.051468
vt 0.182039 1.112646
vt 0.182039 1.024709
vt 0.241944 1.024708
vt 0.241944 1.112646
vt 0.145171 1.112646
vt 0.145171 1.024709
vt 0.237031 1.024709
vt 0.237031 1.112646
vt 0.140014 1.112646
vt 0.140014 1.024709
vt 0.231874 1.024709
vt 0.231874 1.112646
vt 0.154175 1.112646
vt 0.154175 1.024709
vt 0.246034 1.024709
vt 0.246034 1.112646
vt 0.175767 1.112646
vt 0.175767 1.024708
vt 0.244122 1.024708
vt 0.244122 1.112646
vt 0.137989 1.112646
vt 0.137989 1.024708
vt 0.206346 1.024708
vt 0.206346 1.112646
vt 0.136951 1.112646
vt 0.136951 1.024708
vt 0.196857 1.024708
vt 0.196857 1.112646
vt 0.767269 0.331245
vt 0.767269 0.353367
vt 0.679806 0.353367
vt 0.679806 0.331245
vt 0.737663 0.344489
vt 0.737815 0.357912
vt 0.678598 0.357912
vt 0.678598 0.332589
vt 0.680777 0.344488
vt 0.731401 0.344489
vt 0.935591 0.262313
vt 0.936053 0.122525
vt 0.974348 0.122870
vt 0.974618 0.262862
vt 0.935627 0.704144
vt 0.936661 0.551783
vt 0.975336 0.552483
vt 0.974251 0.704400
vt 0.959995 0.265007
vt 0.959686 0.124897
vt 0.978385 0.125058
vt 0.974430 0.706542
vt 0.957716 0.706397
vt 0.958165 0.554696
vt 0.988312 0.123541
vt 0.988672 0.263624
vt 0.963129 0.263996
vt 0.964015 0.123911
vt 0.998729 0.124211
vt 0.999078 0.264313
vt 0.916056 0.264622
vt 0.916628 0.124526
vt 0.912967 0.706010
vt 0.914709 0.554312
vt 0.960569 0.705396
vt 0.962568 0.553683
vt 0.998122 0.554000
vt 0.997732 0.705719
vt 0.988568 0.553305
vt 0.987713 0.705047
vt 0.491291 0.492104
vt 0.491268 0.576709
vt 0.487099 0.576709
vt 0.487099 0.548629
vt 0.487099 0.464898
vt 0.092767 0.634173
vt 0.092825 0.674624
vt 0.491030 1.741236
vt 0.491060 1.695940
vt 0.493003 1.707230
vt 0.492973 1.753774
vt 0.491022 1.753729
vt 0.499490 0.303441
vt 0.497619 0.303270
vt 0.497677 0.279139
vt 0.499581 0.267608
vt 0.490491 0.549146
vt 0.490491 0.576697
vt 0.486295 0.576697
vt 0.486252 0.492914
vt 0.490491 0.465415
vt 0.497992 0.220733
vt 0.497998 0.211026
vt 0.500001 0.211073
vt 0.497768 0.564440
vt 0.497899 0.362360
vt 0.173190 1.111748
vt 0.173190 1.024013
vt 0.271488 1.024013
vt 0.271488 1.111748
vt 0.237513 0.050132
vt 0.136097 0.050132
vt 0.136097 -0.142499
vt 0.237513 -0.142499
vt 0.184655 -0.177789
vt 0.184655 -0.646027
vt 0.247516 -0.646027
vt 0.247516 -0.373929
vt 0.247516 -0.177789
vt 0.183084 0.229085
vt 0.183083 0.253491
vt 0.158997 0.253491
vt 0.158997 0.229085
vt 0.188217 0.229085
vt 0.188216 0.253491
vt 0.188217 0.528634
vt 0.188044 0.527906
vt 0.188044 0.528634
vt 0.188044 0.629373
vt 0.182997 0.629373
vt 0.183083 0.528634
vt 0.158997 0.629373
vt 0.158997 0.528634
vt 0.223269 0.229085
vt 0.223269 0.253491
vt 0.422274 0.253634
vt 0.422274 0.253601
vt 0.422266 0.253632
vt 0.168804 0.629373
vt 0.168805 0.528634
vt 0.193209 0.528634
vt 0.193210 0.629373
vt 0.229915 0.629674
vt 0.206020 0.629114
vt 0.206020 0.656299
vt 0.179973 0.656299
vt 0.179973 0.629114
vt 0.138415 0.629373
vt 0.138415 0.528634
vt 0.909470 0.143600
vt 0.909470 0.432062
vt 0.164151 0.629373
vt 0.164150 0.528634
vt 0.204293 0.629373
vt 0.204293 0.656566
vt 0.204293 1.000094
vt 0.204294 1.390997
vt 0.193070 1.390997
vt 0.193070 1.000094
vt 0.193070 0.656566
vt 0.193070 0.629373
vt 0.138415 0.253491
vt 0.138415 0.229085
vt 0.206820 0.629114
vt 0.206821 0.656299
vt 0.177968 0.656299
vt 0.177968 0.629114
vt 0.206821 1.390540
vt 0.206821 0.999739
vt 0.244889 0.629114
vt 0.244890 0.656299
vt 0.244890 0.999739
vt 0.244889 1.390540
vt 0.164150 0.253491
vt 0.164151 0.229085
vt 0.144991 0.629373
vt 0.144991 0.528634
vt 0.144991 0.253491
vt 0.144991 0.229085
vt 0.148419 0.229085
vt 0.148418 0.253491
vt 0.148418 0.528634
vt 0.148419 0.629373
vt 0.219712 0.629373
vt 0.219712 0.528634
vt 0.240506 0.528634
vt 0.240506 0.629373
vt 0.216970 0.528634
vt 0.216970 0.629373
vt 0.360774 -0.018520
vt 0.360775 -0.033158
vt 0.414356 0.238861
vt 0.414356 0.238708
vt 0.414344 0.238704
vt 0.908843 0.468407
vt 0.955174 0.758797
vt 0.908842 0.758797
vt 0.240506 0.229085
vt 0.240506 0.253491
vt 0.219712 0.253491
vt 0.219712 0.229085
vt 0.216970 0.229085
vt 0.216970 0.253491
vt 0.137896 0.629373
vt 0.137895 0.229085
vt 0.987173 0.432066
vt 0.987173 0.631780
vt 0.967009 0.631780
vt 0.152588 0.629373
vt 0.152588 0.528634
vt 0.152588 0.253491
vt 0.152588 0.229085
vt 0.172118 0.629373
vt 0.172118 0.656566
vt 0.172118 1.000094
vt 0.172117 1.390997
vt 0.146865 1.390997
vt 0.146866 1.000094
vt 0.146866 0.656566
vt 0.146866 0.629373
vt 0.234756 1.390997
vt 0.234756 1.000094
vt 0.211800 0.629373
vt 0.211800 0.656566
vt 0.211800 1.000094
vt 0.211800 1.390997
vt 0.204184 1.390997
vt 0.204184 1.000094
vt 0.204184 0.656566
vt 0.204184 0.629373
vt 0.977886 0.346373
vt 0.999338 0.346374
vt 0.999338 0.738743
vt 0.367905 -0.016870
vt 0.358179 -0.016892
vt 0.358180 -0.034791
vt 0.367906 -0.034768
vt 0.166384 0.629373
vt 0.166386 0.656566
vt 0.166385 1.000094
vt 0.166384 1.390997
vt 0.147145 1.390997
vt 0.147146 1.000094
vt 0.147146 0.656566
vt 0.147145 0.629373
vt 0.242664 1.000094
vt 0.242664 1.390997
vt 0.157619 0.629114
vt 0.157620 0.656299
vt 0.157620 0.999739
vt 0.145560 0.999739
vt 0.141557 0.999739
vt 0.141557 0.629114
vt 0.215687 0.629373
vt 0.215687 0.656566
vt 0.215687 1.000093
vt 0.215687 1.390997
vt 0.186828 1.390997
vt 0.186828 1.000094
vt 0.186828 0.656566
vt 0.186827 0.629373
vt 0.358284 0.390974
vt 0.377441 0.391002
vt 0.377440 0.417504
vt 0.239337 1.000093
vt 0.239336 1.390997
vt 0.182571 0.629373
vt 0.182574 0.656566
vt 0.182575 1.000093
vt 0.182573 1.390997
vt 0.154516 1.390997
vt 0.154517 1.000093
vt 0.154517 0.656566
vt 0.154513 0.629373
vt 0.106639 0.353617
vt 0.106631 0.338046
vt 0.125561 0.337703
vt 0.125569 0.353278
vt 0.122243 0.353337
vt 0.208227 1.000093
vt 0.208227 0.656566
vt 0.208224 0.629373
vt 0.237592 0.629373
vt 0.237592 1.000093
vt 0.237592 1.023785
vt 0.237592 1.111442
vt 0.241704 1.161192
vt 0.237592 1.215682
vt 0.237592 1.360198
vt 0.237592 1.390997
vt 0.208226 1.390997
vt 0.160146 0.656299
vt 0.160145 0.629114
vt 0.145563 1.390540
vt 0.145562 1.215270
vt 0.145561 1.111058
vt 0.145560 1.023423
vt 0.157619 1.390540
vt 0.239333 0.629373
vt 0.239337 0.656566
vt 0.909512 0.123630
vt 0.182063 0.629114
vt 0.182064 0.656299
vt 0.242664 0.629373
vt 0.242664 0.656566
vt 0.212919 0.629114
vt 0.212920 0.656299
vt 0.191681 0.656299
vt 0.191681 0.629114
vt 0.171528 0.629114
vt 0.171528 0.656299
vt 0.149087 0.656299
vt 0.149086 0.629114
vt 0.234756 0.629373
vt 0.234757 0.656566
vt 0.202785 0.629114
vt 0.202784 0.656299
vt 0.179542 0.656299
vt 0.179543 0.629114
vt 0.161806 0.656566
vt 0.161805 0.629373
vt 0.170356 0.629114
vt 0.170356 0.656299
vt 0.147515 0.656299
vt 0.147515 0.629114
vt 0.154765 0.656566
vt 0.154766 0.629373
vt 0.161806 1.000094
vt 0.161806 1.390997
vt 0.955174 0.143601
vt 0.997216 0.143602
vt 0.997216 0.432065
vt 0.177968 1.390540
vt 0.177968 0.999739
vt 0.142304 1.390540
vt 0.142304 0.999739
vt 0.168351 0.999739
vt 0.168351 1.390540
vt 0.997216 0.631780
vt 0.976195 0.631780
vt 0.909470 0.631781
vt 0.206021 1.390540
vt 0.206020 0.999739
vt 0.240482 0.629114
vt 0.240483 0.656299
vt 0.240483 0.999739
vt 0.240483 1.390540
vt 0.987173 0.143602
vt 0.999276 0.768640
vt 0.179974 1.390540
vt 0.179973 0.999739
vt 0.147517 1.390540
vt 0.147515 0.999739
vt 0.170356 0.999739
vt 0.170356 1.390540
vt 0.908844 0.912571
vt 0.908843 0.520202
vt 0.955177 0.520204
vt 0.955179 0.912571
vt 0.976200 0.520204
vt 0.997222 0.520205
vt 0.997222 0.912571
vt 0.234843 0.629114
vt 0.234842 0.656299
vt 0.234842 0.999739
vt 0.234845 1.390540
vt 0.202784 1.390540
vt 0.202784 0.999739
vt 0.908842 0.143601
vt 0.907841 0.710143
vt 0.955220 1.000536
vt 0.907841 1.000535
vt 0.179542 1.390540
vt 0.179542 0.999739
vt 0.191681 0.999739
vt 0.191681 1.390540
vt 0.182064 1.390540
vt 0.182064 0.999739
vt 0.919688 0.504368
vt 0.919689 0.112004
vt 0.950986 0.112006
vt 0.950986 0.504368
vt 0.212920 0.999739
vt 0.212920 1.390540
vt 0.907841 0.355526
vt 0.247781 0.629114
vt 0.247783 0.656299
vt 0.247783 0.999739
vt 0.247783 1.390540
vt 0.149087 1.390540
vt 0.149087 0.999739
vt 0.171528 0.999739
vt 0.171528 1.390540
vt 0.987207 1.000536
vt 0.908844 0.113788
vt 0.997216 0.758797
vt 0.939907 0.353386
vt 0.939908 0.652738
vt 0.959849 0.353386
vt 0.959849 0.652738
vt 0.982176 0.353386
vt 0.982176 0.652738
vt 0.910867 0.652738
vt 0.910867 0.353386
vt 0.929614 0.353386
vt 0.929614 0.652738
vt 0.947510 0.353386
vt 0.947509 0.652738
vt 0.967243 0.353386
vt 0.967242 0.652738
vt 0.995284 0.348614
vt 0.995283 0.652738
vt 0.930433 0.652738
vt 0.930434 0.348614
vt 0.963696 0.342953
vt 0.963696 0.652738
vt 0.995276 0.222022
vt 0.995277 0.381890
vt 0.967238 0.381893
vt 0.967238 0.222022
vt 0.995279 0.932145
vt 0.967238 0.924587
vt 0.995284 0.219968
vt 0.967243 0.212410
vt 0.963696 0.423221
vt 0.930433 0.423221
vt 0.223269 0.528633
vt 0.223269 0.629373
vt 0.497132 0.575802
vt 0.493016 0.575808
vt 0.493001 0.214217
vt 0.492989 -0.081878
vt 0.492977 -0.376010
vt 0.492969 -0.579654
vt 0.492954 -0.941851
vt 0.492938 -1.341935
vt 0.497054 -1.341941
vt 0.425399 0.833238
vt 0.389834 0.833238
vt 0.389834 0.823904
vt 0.425399 0.823904
vt 0.389834 0.750602
vt 0.425399 0.750602
vt 0.425399 0.810509
vt 0.389834 0.810510
vt 0.426055 0.870576
vt 0.425399 0.879911
vt 0.424579 0.889246
vt 0.423512 0.898580
vt 0.421913 0.907915
vt 0.420313 0.917250
vt 0.417975 0.926584
vt 0.414653 0.935919
vt 0.410018 0.945253
vt 0.405995 0.945253
vt 0.400581 0.935919
vt 0.397258 0.926584
vt 0.394879 0.917250
vt 0.393157 0.907915
vt 0.391721 0.898580
vt 0.390655 0.889246
vt 0.389834 0.879911
vt 0.389178 0.870576
vt 0.388727 0.861242
vt 0.388481 0.851907
vt 0.388653 0.842573
vt 0.426753 0.842572
vt 0.426712 0.851907
vt 0.426630 0.861242
vt 0.391591 0.895632
vt 0.390951 0.889806
vt 0.390418 0.883981
vt 0.389707 0.870477
vt 0.389280 0.856973
vt 0.389280 0.843469
vt 0.426564 0.843469
vt 0.426635 0.856973
vt 0.426209 0.870477
vt 0.425427 0.883982
vt 0.424965 0.889807
vt 0.424325 0.895633
vt 0.423543 0.901458
vt 0.422690 0.907284
vt 0.421873 0.913109
vt 0.420806 0.918935
vt 0.419527 0.924760
vt 0.417927 0.930586
vt 0.415901 0.936411
vt 0.412951 0.942237
vt 0.402502 0.942236
vt 0.399836 0.936411
vt 0.397882 0.930585
vt 0.396353 0.924760
vt 0.395145 0.918934
vt 0.394114 0.913109
vt 0.393190 0.907283
vt 0.392408 0.901457
vt 0.561742 0.921962
vt 0.556252 0.944420
vt 0.554218 0.910593
vt 0.557674 0.893017
vt 0.555916 0.945269
vt 0.548808 0.963722
vt 0.546963 0.928429
vt 0.554071 0.909976
vt 0.529824 0.944245
vt 0.538737 0.951280
vt 0.547650 0.944245
vt 0.553931 0.922555
vt 0.559147 0.896987
vt 0.562899 0.860025
vt 0.564940 0.825881
vt 0.564940 0.511833
vt 0.569081 0.511833
vt 0.569081 0.839917
vt 0.566929 0.876329
vt 0.562105 0.916476
vt 0.554013 0.957556
vt 0.543899 0.975296
vt 0.533940 0.975296
vt 0.524915 0.955689
vt 0.514956 0.917410
vt 0.508655 0.845519
vt 0.508655 0.511833
vt 0.512544 0.511833
vt 0.512544 0.825881
vt 0.514569 0.860025
vt 0.518380 0.896987
vt 0.523505 0.922555
vt 0.538801 0.970106
vt 0.528714 0.964565
vt 0.530253 0.929272
vt 0.538801 0.934813
vt 0.567841 0.859464
vt 0.565692 0.890713
vt 0.561054 0.868116
vt 0.563202 0.845656
vt 0.517446 0.921942
vt 0.513434 0.890690
vt 0.517015 0.871023
vt 0.520539 0.895439
vt 0.521621 0.944406
vt 0.522842 0.909113
vt 0.528636 0.963713
vt 0.521485 0.943409
vt 0.523024 0.908116
vt 0.530174 0.928421
vt 0.562563 0.847624
vt 0.560135 0.864713
vt 0.557531 0.831788
vt 0.559959 0.814699
vt 0.527046 0.921652
vt 0.521650 0.895197
vt 0.524419 0.862272
vt 0.529814 0.888728
vt 0.560935 0.403090
vt 0.560935 0.817469
vt 0.566166 0.817469
vt 0.566166 0.403090
vt 0.512544 0.511834
vt 0.512544 0.404063
vt 0.564940 0.404063
vt 0.521968 0.893504
vt 0.517955 0.864694
vt 0.521130 0.840558
vt 0.524328 0.863021
vt 0.538794 0.932968
vt 0.527119 0.921889
vt 0.529785 0.888964
vt 0.538795 0.900043
vt 0.511303 0.859439
vt 0.514722 0.843678
vt 0.508008 0.827436
vt 0.508008 0.511349
vt 0.513632 0.511350
vt 0.513632 0.827436
vt 0.556255 0.893520
vt 0.553570 0.860595
vt 0.550461 0.921899
vt 0.547180 0.888975
vt 0.555937 0.895212
vt 0.550388 0.921663
vt 0.547107 0.888738
vt 0.552657 0.862287
vt 0.515825 0.847603
vt 0.519080 0.824444
vt 0.491990 0.098240
vt 0.487586 0.098240
vt 0.487586 0.576548
vt 0.491990 0.578201
vt 0.491744 0.718859
vt 0.491745 0.771276
vt 0.487831 0.771284
vt 0.487830 0.718867
vt 0.491990 0.575711
vt 0.487586 0.574058
vt 0.491741 0.473225
vt 0.491742 0.576936
vt 0.487829 0.576945
vt 0.487828 0.473234
vt 0.491739 0.276496
vt 0.491740 0.375541
vt 0.487827 0.375550
vt 0.487826 0.276505
vt 0.491737 0.083561
vt 0.491738 0.129176
vt 0.487824 0.129184
vt 0.487824 0.083569
vt 0.491738 0.180659
vt 0.487825 0.180668
vt 0.491743 0.664865
vt 0.487830 0.664873
vt 0.487929 0.134473
vt 0.490777 0.134433
vt 0.493146 0.134400
vt 0.493151 0.145857
vt 0.485562 0.145925
vt 0.485557 0.134506
vt 0.493223 0.332685
vt 0.493227 0.344057
vt 0.490858 0.344090
vt 0.488010 0.344130
vt 0.485638 0.344163
vt 0.485634 0.332801
vt 0.485570 0.168034
vt 0.493159 0.167930
vt 0.493172 0.200061
vt 0.485583 0.200201
vt 0.485572 0.173816
vt 0.485561 0.142963
vt 0.493150 0.142895
vt 0.493161 0.173724
vt 0.485613 0.279054
vt 0.485597 0.238248
vt 0.493186 0.238148
vt 0.493202 0.278941
vt 0.487929 0.133198
vt 0.490777 0.133159
vt 0.493146 0.133126
vt 0.485557 0.133231
vt 0.485640 0.347795
vt 0.485636 0.339088
vt 0.493225 0.338968
vt 0.493228 0.347690
vt 0.490859 0.347723
vt 0.488011 0.347763
vt 0.485612 0.276233
vt 0.493201 0.276131
vt 0.493214 0.308872
vt 0.489419 0.308899
vt 0.485625 0.308927
vt 0.492184 0.164221
vt 0.492184 0.193843
vt 0.486946 0.193843
vt 0.486946 0.164221
vt 0.548887 0.964573
vt 0.547042 0.929281
vt 0.513632 0.511349
vt 0.508008 0.511350
vt 0.508008 0.827435
vt 0.513632 0.827435
vt 0.492071 0.142933
vt 0.492071 0.146225
vt 0.487608 0.146225
vt 0.487608 0.142933
vt 0.492071 0.753156
vt 0.492071 0.761056
vt 0.487585 0.761056
vt 0.487585 0.753156
vt 0.492184 0.740486
vt 0.492184 0.748056
vt 0.486949 0.748056
vt 0.486949 0.740486
vt 0.493194 0.557355
vt 0.493194 0.570376
vt 0.485991 0.570376
vt 0.485991 0.557355
vt 0.493194 0.195821
vt 0.493194 0.205334
vt 0.485991 0.205334
vt 0.485991 0.195821
vt 0.493194 0.597392
vt 0.493194 0.651423
vt 0.485991 0.651423
vt 0.485991 0.597392
vt 0.493194 0.241276
vt 0.493194 0.296176
vt 0.485991 0.296176
vt 0.485991 0.241276
vt 0.493194 0.685107
vt 0.493194 0.740561
vt 0.485991 0.740561
vt 0.485991 0.685107
vt 0.493194 0.407187
vt 0.493194 0.416192
vt 0.485991 0.416192
vt 0.485991 0.407187
vt 0.493194 0.215603
vt 0.485991 0.215603
vt 0.493194 0.761889
vt 0.493194 0.776693
vt 0.485991 0.776693
vt 0.485991 0.761889
vt 0.493194 0.335896
vt 0.493194 0.387281
vt 0.485991 0.387281
vt 0.485991 0.335896
vt 0.493194 0.423882
vt 0.485991 0.423882
vt 0.493194 0.549996
vt 0.485991 0.549996
vt 0.493194 0.785113
vt 0.485991 0.785113
vt 0.492071 0.532973
vt 0.492071 0.540214
vt 0.487585 0.540214
vt 0.487585 0.532973
vt 0.492184 0.712180
vt 0.492184 0.723042
vt 0.486949 0.723042
vt 0.486949 0.712180
vt 0.492184 0.446372
vt 0.492184 0.451638
vt 0.486949 0.451638
vt 0.486949 0.446372
vt 0.492184 0.754968
vt 0.486949 0.754968
vt 0.492184 0.698356
vt 0.486949 0.698356
vt 0.492184 0.731928
vt 0.486949 0.731928
vt 0.492184 0.505616
vt 0.492184 0.516149
vt 0.486949 0.516149
vt 0.486949 0.505616
vt 0.492184 0.471386
vt 0.492184 0.478956
vt 0.486949 0.478956
vt 0.486949 0.471386
vt 0.492184 0.776033
vt 0.492184 0.779653
vt 0.486949 0.779653
vt 0.486949 0.776033
vt 0.492184 0.527998
vt 0.486949 0.527998
vt 0.492184 0.651948
vt 0.492184 0.681899
vt 0.486949 0.681899
vt 0.486949 0.651948
vt 0.492184 0.487514
vt 0.492184 0.495413
vt 0.486949 0.495413
vt 0.486949 0.487514
vt 0.492184 0.363601
vt 0.492184 0.369855
vt 0.486946 0.369855
vt 0.486946 0.363601
vt 0.492184 0.133611
vt 0.492184 0.147106
vt 0.486946 0.147106
vt 0.486946 0.133611
vt 0.492184 0.327725
vt 0.492184 0.337270
vt 0.486946 0.337270
vt 0.486946 0.327725
vt 0.492184 0.392895
vt 0.492184 0.392565
vt 0.486946 0.392565
vt 0.486946 0.392895
vt 0.492184 0.068771
vt 0.492184 0.068442
vt 0.486946 0.068442
vt 0.486946 0.068771
vt 0.492184 0.269797
vt 0.486946 0.269797
vt 0.492184 0.356031
vt 0.486946 0.356031
vt 0.492184 0.073050
vt 0.492184 0.080291
vt 0.486946 0.080291
vt 0.486946 0.073050
vt 0.492184 0.097406
vt 0.492184 0.104976
vt 0.486946 0.104976
vt 0.486946 0.097406
vt 0.492184 0.298432
vt 0.492184 0.314231
vt 0.486946 0.314231
vt 0.486946 0.298432
vt 0.492184 0.825241
vt 0.486936 0.825241
vt 0.492184 0.898200
vt 0.492184 0.914108
vt 0.486936 0.914108
vt 0.486936 0.898200
vt 0.492184 0.830178
vt 0.486936 0.830178
vt 0.492184 1.103916
vt 0.492184 1.109511
vt 0.486936 1.109511
vt 0.486936 1.103916
vt 0.492184 0.852669
vt 0.492184 0.859800
vt 0.486936 0.859800
vt 0.486936 0.852669
vt 0.492184 0.867206
vt 0.486936 0.867206
vt 0.492184 1.063102
vt 0.492184 1.072977
vt 0.486936 1.072977
vt 0.486936 1.063102
vt 0.492184 0.837583
vt 0.486936 0.837583
vt 0.492184 0.938519
vt 0.486936 0.938519
vt 0.492184 1.097662
vt 0.486936 1.097662
vt 0.492184 0.876257
vt 0.486936 0.876257
vt 0.492184 0.886131
vt 0.486936 0.886131
vt 0.492184 1.037101
vt 0.492184 1.050924
vt 0.486936 1.050924
vt 0.486936 1.037101
vt 0.492184 1.126955
vt 0.486936 1.126955
vt 0.492184 0.841698
vt 0.486936 0.841698
vt 0.492184 1.091408
vt 0.486936 1.091408
vt 0.492184 1.082192
vt 0.486936 1.082192
vt 0.492184 0.846909
vt 0.486936 0.846909
vt 0.492184 1.122676
vt 0.486936 1.122676
vt 0.492184 1.012744
vt 0.486936 1.012744
vt 0.492184 1.115435
vt 0.486936 1.115435
vt 0.492184 0.459537
vt 0.492184 0.465133
vt 0.486949 0.465133
vt 0.486949 0.459537
vt 0.492184 0.767146
vt 0.486949 0.767146
vt 0.492184 0.761551
vt 0.486949 0.761551
vt 0.492184 0.543797
vt 0.486949 0.543797
vt 0.492184 0.572102
vt 0.486949 0.572102
vt 0.492184 0.123079
vt 0.486946 0.123079
vt 0.492184 0.084240
vt 0.486946 0.084240
vt 0.492184 0.378083
vt 0.492184 0.387299
vt 0.486946 0.387299
vt 0.486946 0.378083
vt 0.492184 0.089836
vt 0.486946 0.089836
vt 0.492184 0.374463
vt 0.486946 0.374463
vt 0.492184 0.114192
vt 0.486946 0.114192
vt 0.492184 0.347473
vt 0.486946 0.347473
vt 0.492071 0.884856
vt 0.492071 0.890891
vt 0.487578 0.890891
vt 0.487578 0.884856
vt 0.492071 1.073833
vt 0.492071 1.088918
vt 0.487578 1.088918
vt 0.487578 1.073833
vt 0.492071 1.100712
vt 0.487578 1.100712
vt 0.492071 1.137466
vt 0.492071 1.142403
vt 0.487578 1.142403
vt 0.487578 1.137466
vt 0.492071 0.867577
vt 0.492071 0.867028
vt 0.487578 0.867028
vt 0.487578 0.867577
vt 0.492071 0.949861
vt 0.492071 0.972626
vt 0.487578 0.972626
vt 0.487578 0.949861
vt 0.492071 0.912010
vt 0.492071 0.921884
vt 0.487578 0.921884
vt 0.487578 0.912010
vt 0.492071 1.146517
vt 0.492071 1.152003
vt 0.487578 1.152003
vt 0.487578 1.146517
vt 0.492071 0.876354
vt 0.492071 0.879919
vt 0.487578 0.879919
vt 0.487578 0.876354
vt 0.492071 1.155294
vt 0.487578 1.155294
vt 0.492071 0.897473
vt 0.492071 0.903782
vt 0.487578 0.903782
vt 0.487578 0.897473
vt 0.492071 0.934227
vt 0.487578 0.934227
vt 0.492071 0.693912
vt 0.492071 0.714976
vt 0.487585 0.714976
vt 0.487585 0.693912
vt 0.492071 0.554367
vt 0.492071 0.565229
vt 0.487585 0.565229
vt 0.487585 0.554367
vt 0.492071 0.731762
vt 0.487585 0.731762
vt 0.492071 0.529024
vt 0.487585 0.529024
vt 0.492071 0.743282
vt 0.487585 0.743282
vt 0.492071 0.590572
vt 0.492071 0.611308
vt 0.487585 0.611308
vt 0.487585 0.590572
vt 0.492071 0.767638
vt 0.487585 0.767638
vt 0.492071 0.513883
vt 0.492071 0.520466
vt 0.487585 0.520466
vt 0.487585 0.513883
vt 0.492071 0.547784
vt 0.487585 0.547784
vt 0.492071 0.577407
vt 0.487585 0.577407
vt 0.492071 0.779816
vt 0.492071 0.785083
vt 0.487585 0.785083
vt 0.487585 0.779816
vt 0.492071 0.132730
vt 0.492071 0.133388
vt 0.487608 0.133388
vt 0.487608 0.132730
vt 0.492071 0.172227
vt 0.492071 0.182430
vt 0.487608 0.182430
vt 0.487608 0.172227
vt 0.492071 0.437413
vt 0.492071 0.441363
vt 0.487608 0.441363
vt 0.487608 0.437413
vt 0.492071 0.136350
vt 0.487608 0.136350
vt 0.492071 0.448933
vt 0.492071 0.452882
vt 0.487608 0.452882
vt 0.487608 0.448933
vt 0.492071 0.222585
vt 0.492071 0.249903
vt 0.487608 0.249903
vt 0.487608 0.222585
vt 0.492071 0.452224
vt 0.487608 0.452224
vt 0.492071 0.378168
vt 0.492071 0.390675
vt 0.487608 0.390675
vt 0.487608 0.378168
vt 0.492071 0.362040
vt 0.487608 0.362040
vt 0.492071 0.151162
vt 0.492071 0.157086
vt 0.487608 0.157086
vt 0.487608 0.151162
vt 0.492071 0.401537
vt 0.492071 0.411411
vt 0.487608 0.411411
vt 0.487608 0.401537
vt 0.492071 0.334722
vt 0.487608 0.334722
vt 0.492071 1.053261
vt 0.487578 1.053261
vt 0.492071 1.131157
vt 0.487578 1.131157
vt 0.492071 1.117992
vt 0.492071 1.125123
vt 0.487578 1.125123
vt 0.487578 1.117992
vt 0.492071 0.870320
vt 0.487578 0.870320
vt 0.492071 1.110038
vt 0.487578 1.110038
vt 0.492071 0.795944
vt 0.492071 0.798906
vt 0.487585 0.798906
vt 0.487585 0.795944
vt 0.492071 0.509605
vt 0.487585 0.509605
vt 0.492071 0.788703
vt 0.487585 0.788703
vt 0.492071 0.524416
vt 0.487585 0.524416
vt 0.492071 0.773892
vt 0.487585 0.773892
vt 0.492071 0.511579
vt 0.487585 0.511579
vt 0.492071 0.431817
vt 0.487608 0.431817
vt 0.492071 0.163669
vt 0.487608 0.163669
vt 0.492071 0.206128
vt 0.487608 0.206128
vt 0.492071 0.418652
vt 0.492071 0.425235
vt 0.487608 0.425235
vt 0.487608 0.418652
vt 0.492071 0.192962
vt 0.487608 0.192962
vt 0.491933 0.668363
vt 0.491930 0.678657
vt 0.487312 0.678726
vt 0.487315 0.668432
vt 0.491838 1.003738
vt 0.491836 1.010071
vt 0.487218 1.010141
vt 0.487220 1.003807
vt 0.492316 -0.684414
vt 0.492309 -0.659119
vt 0.487693 -0.659049
vt 0.487700 -0.684344
vt 0.492016 0.374856
vt 0.492006 0.409026
vt 0.487377 0.409096
vt 0.487387 0.374926
vt 0.491983 0.492957
vt 0.491976 0.514336
vt 0.487347 0.514406
vt 0.487353 0.493027
vt 0.492038 0.298842
vt 0.492029 0.330119
vt 0.487400 0.330189
vt 0.487408 0.298911
vt 0.491968 0.543238
vt 0.491965 0.554324
vt 0.487336 0.554393
vt 0.487339 0.543308
vt 0.491972 0.530570
vt 0.487343 0.530639
vt 0.492057 0.229557
vt 0.492055 0.237081
vt 0.487426 0.237151
vt 0.487428 0.229627
vt 0.492059 0.222431
vt 0.492060 0.217679
vt 0.487431 0.217749
vt 0.487430 0.222501
vt 0.491960 0.573723
vt 0.491960 0.574118
vt 0.487330 0.574187
vt 0.487330 0.573793
vt 0.491698 1.496370
vt 0.491700 1.489529
vt 0.487075 1.489598
vt 0.487073 1.496440
vt 0.491835 1.014429
vt 0.491834 1.016801
vt 0.487216 1.016871
vt 0.487217 1.014498
vt 0.491893 0.808912
vt 0.491882 0.847750
vt 0.487264 0.847820
vt 0.487275 0.808982
vt 0.491810 1.104134
vt 0.491810 1.102994
vt 0.487185 1.103064
vt 0.487184 1.104204
vt 0.491867 0.900009
vt 0.487249 0.900079
vt 0.491915 0.732106
vt 0.491906 0.764175
vt 0.487288 0.764244
vt 0.487297 0.732175
vt 0.491698 1.496955
vt 0.487073 1.497024
vt 0.491808 1.109838
vt 0.487183 1.109907
vt 0.491774 1.230130
vt 0.491763 1.267185
vt 0.487138 1.267255
vt 0.487149 1.230199
vt 0.491835 1.015139
vt 0.487217 1.015209
vt 0.491938 0.648567
vt 0.491937 0.654109
vt 0.487319 0.654179
vt 0.487321 0.648637
vt 0.491935 0.660445
vt 0.487317 0.660515
vt 0.491699 1.495578
vt 0.487074 1.495648
vt 0.491840 0.995821
vt 0.487222 0.995891
vt 0.491783 1.197634
vt 0.487158 1.197704
vt 0.491806 1.118388
vt 0.491803 1.128650
vt 0.487177 1.128720
vt 0.487180 1.118457
vt 0.491716 1.432996
vt 0.491712 1.448671
vt 0.487087 1.448741
vt 0.487091 1.433065
vt 0.491799 1.141194
vt 0.487174 1.141263
vt 0.492059 0.223223
vt 0.487430 0.223293
vt 0.492174 -0.181400
vt 0.492163 -0.146097
vt 0.487562 -0.146028
vt 0.487572 -0.181331
vt 0.492052 0.248957
vt 0.492048 0.261626
vt 0.487419 0.261696
vt 0.487422 0.249026
vt 0.492103 0.068586
vt 0.492098 0.086164
vt 0.487496 0.086233
vt 0.487501 0.068655
vt 0.491991 0.463265
vt 0.487362 0.463335
vt 0.492085 0.132250
vt 0.492084 0.135098
vt 0.487482 0.135168
vt 0.487483 0.132319
vt 0.492094 0.100419
vt 0.492090 0.112295
vt 0.487489 0.112364
vt 0.487492 0.100488
vt 0.492186 -0.224291
vt 0.492181 -0.206473
vt 0.487579 -0.206404
vt 0.487584 -0.224221
vt 0.492135 -0.046860
vt 0.492120 0.008249
vt 0.487518 0.008318
vt 0.487534 -0.046791
vt 0.492088 0.121798
vt 0.492086 0.127972
vt 0.487484 0.128042
vt 0.487486 0.121868
vt 0.492149 -0.093639
vt 0.487547 -0.093570
vt 0.491702 1.482381
vt 0.491700 1.489530
vt 0.487075 1.489600
vt 0.487077 1.482451
vt 0.492199 -0.272128
vt 0.487597 -0.272059
vt 0.492190 -0.240126
vt 0.487588 -0.240057
vt 0.491744 1.336075
vt 0.487119 1.336145
vt 0.492219 -0.342475
vt 0.492219 -0.343464
vt 0.487603 -0.343394
vt 0.487603 -0.342405
vt 0.492222 -0.354350
vt 0.492221 -0.348084
vt 0.487605 -0.348015
vt 0.487607 -0.354281
vt 0.492334 -0.749847
vt 0.492335 -0.750398
vt 0.487719 -0.750328
vt 0.487719 -0.749777
vt 0.492272 -0.530861
vt 0.492256 -0.471805
vt 0.487640 -0.471735
vt 0.487656 -0.530792
vt 0.492333 -0.744074
vt 0.492331 -0.738301
vt 0.487715 -0.738232
vt 0.487717 -0.744005
vt 0.492220 -0.344783
vt 0.487604 -0.344714
vt 0.492299 -0.624752
vt 0.492283 -0.567841
vt 0.487667 -0.567771
vt 0.487683 -0.624682
vt 0.492238 -0.408130
vt 0.492233 -0.390973
vt 0.487617 -0.390903
vt 0.487622 -0.408060
vt 0.492334 -0.748748
vt 0.487718 -0.748678
vt 0.492245 -0.434524
vt 0.487629 -0.434455
vt 0.492321 -0.703384
vt 0.487705 -0.703314
vt 0.491733 1.374084
vt 0.487108 1.374154
vt 0.491708 1.462861
vt 0.487083 1.462930
vt 0.491723 1.408290
vt 0.487098 1.408360
vt 0.491705 1.474410
vt 0.487080 1.474480
vt 0.491795 1.156013
vt 0.491790 1.172549
vt 0.487165 1.172618
vt 0.487170 1.156083
vt 0.491858 0.932079
vt 0.491852 0.955042
vt 0.487234 0.955112
vt 0.487240 0.932148
vt 0.491921 0.709538
vt 0.487303 0.709608
vt 0.491847 0.971670
vt 0.487229 0.971740
vt 0.491939 0.647777
vt 0.487321 0.647847
vt 0.491939 0.647380
vt 0.487321 0.647449
vt 0.491926 0.694098
vt 0.487308 0.694168
vt 0.491843 0.985527
vt 0.487225 0.985597
vt 0.492060 0.220451
vt 0.487430 0.220521
vt 0.491963 0.563033
vt 0.487333 0.563103
vt 0.492044 0.276670
vt 0.487415 0.276740
vt 0.491961 0.569763
vt 0.487332 0.569833
vt 0.491961 0.568972
vt 0.487332 0.569041
vt 0.492110 0.042932
vt 0.487508 0.043001
vt 0.492193 -0.252333
vt 0.487592 -0.252263
vt 0.492196 -0.260581
vt 0.487594 -0.260512
vt 0.492197 -0.262561
vt 0.492199 -0.272458
vt 0.487598 -0.272389
vt 0.487595 -0.262492
vt 0.492198 -0.267179
vt 0.487596 -0.267110
vt 0.492084 0.133674
vt 0.487483 0.133744
vt 0.492329 -0.729505
vt 0.487713 -0.729435
vt 0.492325 -0.717405
vt 0.487709 -0.717335
vt 0.492225 -0.364579
vt 0.487609 -0.364509
vt 0.492228 -0.375468
vt 0.487612 -0.375398
vt 0.492220 -0.346763
vt 0.487604 -0.346694
vt 0.733176 0.993671
vt 0.710497 0.992710
vt 0.751504 0.950841
vt 0.768211 0.846889
vt 0.773933 0.746059
vt 0.690933 0.935470
vt 0.676347 0.827962
vt 0.671601 0.746347
vt 0.671116 0.453739
vt 0.671116 0.418375
vt 0.671116 0.356813
vt 0.773837 0.418375
vt 0.773837 0.453739
vt 0.773837 0.356813
vt 0.493171 0.197444
vt 0.485582 0.197541
vt 0.493186 0.238253
vt 0.485597 0.238504
vt 0.493214 0.309070
vt 0.485625 0.309196
s 1
usemtl Material.001
f 3747/1/1 3746/2/1 3735/3/1 3733/4/1
f 143/5/2 10/6/2 15/7/2 69/8/2
f 1033/9/3 1030/10/3 1029/11/3 1027/12/3
f 559/13/4 558/14/4 1360/15/4 1345/16/4
f 159/17/3 160/18/3 152/19/3 149/20/3
f 1143/21/5 1129/22/5 1147/23/5 1145/24/5
f 1308/25/6 1307/26/6 1572/27/6 1571/28/6
f 726/29/2 719/30/2 662/31/2 723/32/2
f 1486/33/4 1489/34/4 3632/35/4 3630/36/4
f 3603/37/4 34/38/4 33/39/4 3596/40/4 3604/41/4 426/42/4 427/43/4 3615/44/4
f 3546/45/3 3547/46/3 3549/47/3 3548/48/3
f 1520/49/5 1519/50/5 1656/51/5 1657/52/5
f 52/53/2 53/54/2 418/55/2 428/56/2 674/57/2 2136/58/2 423/59/2
f 910/60/4 923/61/4 957/62/4 943/63/4
f 144/64/3 147/65/3 164/66/3 168/67/3
f 580/68/1 3768/69/1 3766/70/1 584/71/1
f 1025/72/3 967/73/3 985/74/3 999/75/3
f 22/76/1 18/77/1 570/78/1 575/79/1
f 21/80/1 574/81/1 573/82/1 20/83/1
f 157/84/3 154/85/3 3/86/3 63/87/3
f 934/88/5 938/89/5 419/90/5 430/91/5
f 2122/92/4 2118/93/4 2117/94/4 2120/95/4
f 1125/96/2 1119/97/2 48/98/2 1155/99/2
f 45/100/3 46/101/3 80/102/3 78/103/3
f 41/104/6 42/105/6 74/106/6 77/107/6
f 371/108/7 377/109/7 376/110/7 372/111/7 366/112/7 370/113/7 367/114/7
f 1188/115/1 1192/116/1 1220/117/1 1218/118/1
f 1147/119/3 1148/120/3 1141/121/3 1145/122/3
f 47/123/2 52/124/2 423/125/2 2137/126/2 667/127/2 425/128/2 424/129/2
f 1121/130/2 935/131/2 492/132/2 61/133/2
f 53/134/1 349/135/1 363/136/1 359/137/1
f 909/138/3 167/139/3 1215/140/3 1212/141/3 1149/142/3
f 919/143/2 917/144/2 955/145/2 948/146/2
f 621/147/2 622/148/2 499/149/2 49/150/2
f 445/151/4 454/152/4 1375/153/4 1377/154/4
f 64/155/8 141/156/8 140/157/8 86/158/8 77/159/8
f 1128/131/4 1166/160/4 1140/161/4 1150/132/4
f 92/162/4 2121/163/4 2113/164/4 1315/165/4
f 209/18/3 203/17/3 204/85/3 210/84/3
f 64/166/6 67/167/6 30/168/6 16/169/6
f 68/167/3 69/170/3 15/171/3 29/168/3
f 30/172/2 67/155/2 66/173/2 4/174/2 28/175/2
f 166/176/9 164/66/9 147/65/9 148/177/9 1067/178/9 1061/179/9 1057/180/9 1053/181/9 1048/182/9 1045/183/9
f 1367/184/2 1374/185/2 1372/186/2 1343/187/2
f 71/167/10 182/188/10 183/189/10 75/190/10
f 66/173/8 67/155/8 74/159/8 837/191/8 836/192/8 834/193/8 832/194/8 829/195/8 828/196/8 72/197/8
f 83/198/4 2123/199/4 2124/200/4 89/201/4
f 1127/202/3 1131/203/3 1126/204/3 1122/205/3
f 1050/206/3 1047/207/3 1049/208/3 1048/209/3 1053/210/3 1054/211/3 1051/212/3 1052/213/3
f 2118/214/4 2126/215/4 2125/216/4 2117/217/4
f 75/218/8 849/219/8 847/220/8 846/221/8 843/222/8 842/223/8 839/224/8 78/225/8 68/8/8 71/226/8
f 77/227/11 74/190/11 67/167/11 64/166/11
f 78/190/12 80/227/12 69/170/12 68/167/12
f 80/228/2 46/229/2 90/230/2 2152/231/2 93/232/2
f 85/233/2 680/234/2 666/235/2 721/236/2
f 3599/237/4 1330/238/4 1329/239/4 3592/240/4 3593/241/4 1328/242/4 1327/243/4 3600/244/4
f 2114/245/4 2116/246/4 2122/247/4 2120/248/4
f 754/249/1 663/250/1 639/251/1 757/252/1 652/253/1 634/254/1
f 730/255/2 729/256/2 2131/257/2 706/258/2
f 1310/259/5 1313/260/5 1569/261/5 1570/262/5
f 69/8/8 80/225/8 93/263/8 142/264/8 143/5/8
f 10/265/6 143/266/6 142/267/6 2162/268/6 105/269/6
f 136/270/2 137/271/2 129/272/2 130/273/2 131/274/2 135/275/2 134/276/2 139/277/2 132/278/2 133/279/2 138/280/2
f 58/281/2 141/156/2 64/155/2 16/172/2
f 161/282/2 162/283/2 211/284/2 207/285/2
f 153/286/9 152/19/9 160/18/9 162/287/9
f 179/288/2 184/289/2 188/290/2 182/226/2
f 1028/291/3 1026/292/3 1027/293/3 1029/294/3 186/295/3 189/296/3
f 158/297/9 157/84/9 63/87/9 76/298/9
f 383/299/3 1234/300/3 1233/301/3 1216/302/3
f 1072/303/3 1069/304/3 1070/305/3 1071/306/3 207/307/3 211/308/3
f 168/309/4 164/310/4 213/311/4 217/312/4
f 166/313/4 165/314/4 214/285/4 215/284/4
f 181/315/3 37/316/3 75/317/3 183/318/3
f 157/310/4 210/319/4 204/320/4 154/309/4
f 147/310/2 144/309/2 195/312/2 190/311/2
f 161/321/5 207/322/5 399/323/5 397/324/5
f 491/325/1 527/326/1 546/327/1 543/328/1 489/329/1 2151/330/1
f 183/218/13 182/226/13 188/290/13 189/331/13
f 164/310/14 166/332/14 215/333/14 213/311/14
f 149/309/4 152/310/4 200/319/4 197/320/4
f 1226/334/3 1200/335/3 1196/336/3 1194/337/3
f 146/314/2 169/338/2 194/339/2 192/285/2
f 160/310/2 159/309/2 203/320/2 209/319/2
f 148/332/15 147/310/15 190/311/15 191/333/15
f 152/310/14 153/332/14 201/333/14 200/319/14
f 179/340/3 182/188/3 71/167/3 5/168/3
f 170/341/4 151/282/4 199/285/4 202/339/4
f 157/310/14 158/332/14 212/333/14 210/319/14
f 158/283/4 156/282/4 208/285/4 212/284/4
f 220/342/3 226/343/3 228/344/3 223/345/3
f 162/332/15 160/310/15 209/319/15 211/333/15
f 1138/346/3 1132/347/3 2228/348/3 2230/349/3
f 1119/350/5 1113/351/5 65/352/5 48/353/5
f 935/354/3 1124/355/3 1116/356/3 1135/357/3
f 1044/358/3 1043/359/3 1046/360/3 165/361/3 166/362/3 1045/363/3
f 228/364/3 226/365/3 196/366/3 197/367/3 200/368/3 227/369/3
f 200/19/9 201/286/9 225/370/9 227/371/9
f 217/67/3 213/66/3 188/188/3 184/340/3 185/372/3
f 211/287/9 209/18/9 210/84/9 212/297/9 1083/373/9 1080/374/9 1076/375/9 1072/376/9
f 3/309/4 262/377/4 268/378/4 63/310/4
f 221/379/9 218/380/9 191/177/9 190/65/9
f 228/381/16 175/382/16 178/383/16 223/384/16
f 175/385/3 176/386/3 177/387/3 178/388/3
f 176/389/1 243/390/1 241/391/1 177/392/1
f 174/393/3 172/394/3 233/395/3 235/396/3 237/397/3 234/398/3 171/399/3 173/400/3 231/401/3 242/402/3 243/403/3 2185/404/3 2189/405/3 2188/406/3 2187/407/3 3447/408/3 2186/409/3 2184/410/3 2183/411/3 2182/412/3 2181/413/3 241/414/3 57/415/3 232/416/3
f 242/417/3 57/418/3 241/419/3 243/420/3
f 246/421/3 247/422/3 252/423/3 250/424/3 251/425/3 249/426/3 248/427/3 253/428/3 245/429/3 244/430/3 255/415/3 254/402/3
f 192/431/3 194/432/3 191/433/3 218/434/3 239/435/3 236/436/3 224/437/3 222/438/3 2134/439/3
f 57/440/1 242/441/1 254/442/1 255/443/1
f 274/444/3 268/87/3 262/86/3 263/445/3 291/446/3
f 62/447/6 3577/448/6 60/449/6 36/450/6 2/451/6
f 3578/452/6 3577/453/6 62/454/6 1311/455/6
f 3577/456/6 3578/457/6 1314/458/6 1315/459/6 2113/460/6 2115/461/6 60/462/6
f 76/332/14 63/310/14 268/378/14 269/463/14
f 259/464/4 258/465/4 1322/466/4 1320/467/4
f 257/468/4 259/469/4 1320/470/4 2119/471/4 2112/472/4 1319/473/4 2127/474/4 1317/475/4 1316/476/4 260/477/4
f 76/283/4 269/478/4 265/479/4 39/282/4
f 294/480/3 277/481/3 272/482/3 293/483/3 3556/484/3
f 275/485/9 2164/486/9 269/298/9 268/87/9 274/444/9
f 270/487/3 292/488/3 276/489/3 256/490/3 258/491/3
f 257/492/3 2175/493/3 3453/494/3 3467/495/3 2176/496/3 2177/497/3 2174/498/3 259/499/3
f 260/500/3 1316/501/3 266/502/3 422/503/3
f 259/504/9 2174/505/9 271/506/9 270/487/9 258/491/9
f 278/507/9 2171/508/9 2168/509/9 273/510/9 272/482/9 277/481/9
f 1356/511/6 1362/512/6 4/168/6 66/167/6
f 289/513/3 3454/514/3 287/515/3 283/516/3 3459/517/3 282/518/3 273/519/3 2168/520/3 2170/521/3 2169/522/3 3449/523/3 3451/524/3 3450/525/3 3448/526/3 2166/527/3 2165/528/3 2164/529/3 275/530/3 280/531/3 286/532/3 3455/533/3
f 297/534/3 302/535/3 306/536/3 304/537/3
f 307/538/4 317/539/4 301/540/4 302/541/4 318/542/4
f 295/543/1 299/544/1 315/545/1 310/546/1
f 279/547/2 298/548/2 297/549/2 304/550/2 292/551/2 270/552/2 271/553/2
f 295/554/3 303/555/3 305/556/3 299/557/3
f 291/558/1 293/559/1 305/560/1 303/561/1
f 294/562/1 292/563/1 304/564/1 306/565/1
f 309/566/1 314/567/1 334/568/1 323/569/1
f 307/570/1 308/571/1 320/572/1 319/573/1
f 321/574/17 311/575/18 309/538/19 323/576/17
f 314/577/3 309/578/3 310/579/3 315/580/3
f 308/581/3 307/582/3 318/583/3 312/584/3
f 302/585/1 297/586/1 312/587/1 318/588/1
f 265/589/3 269/590/3 2164/591/3 2165/592/3 2166/593/3 3448/594/3 3450/595/3 2163/596/3
f 322/597/3 3462/598/3 326/599/3 3466/600/3 331/601/3 3464/602/3 332/603/3 328/604/3 325/605/3 2180/606/3 2179/607/3
f 339/608/3 3554/609/3 3555/610/3 340/611/3
f 336/612/4 335/613/4 339/614/4 340/615/4
f 276/616/20 292/617/20 335/613/20 336/612/20
f 345/618/2 357/619/2 358/620/2 346/621/2 350/622/2 364/623/2 363/624/2 349/625/2
f 56/626/1 619/627/1 629/628/1 632/629/1 630/630/1 626/631/1 625/632/1 627/633/1 617/634/1 54/635/1 352/636/1 341/637/1
f 45/638/5 840/639/5 841/640/5 844/641/5 845/642/5 848/643/5 850/644/5 37/645/5 342/646/5 351/647/5
f 90/648/5 46/649/5 350/650/5 346/651/5 41/652/5 84/653/5
f 345/654/1 47/655/1 353/656/1 357/657/1
f 1030/658/5 1038/659/5 1042/660/5 214/661/5 374/662/5 377/663/5 371/664/5 186/665/5 1029/666/5
f 53/667/1 52/668/1 47/669/1 345/670/1 349/671/1
f 38/672/5 827/673/5 830/674/5 831/675/5 833/676/5 835/677/5 838/678/5 42/679/5 348/680/5 344/681/5
f 350/650/5 46/649/5 360/682/5 364/683/5
f 41/652/5 346/651/5 358/684/5 354/685/5
f 42/686/5 41/687/5 354/688/5 356/689/5
f 47/655/1 51/690/1 355/691/1 353/656/1
f 365/692/21 368/693/21 369/694/21 367/695/21 366/696/21
f 359/697/3 363/698/3 364/699/3 360/700/3 361/701/3 362/702/3
f 46/703/5 45/704/5 361/705/5 360/706/5
f 54/707/1 53/134/1 359/137/1 362/708/1
f 341/709/2 352/625/2 351/622/2 342/710/2 369/711/2 368/712/2
f 56/713/1 341/714/1 368/715/1 365/716/1
f 180/717/1 56/713/1 365/716/1 366/718/1
f 187/719/1 180/720/1 366/721/1 372/722/1
f 187/723/1 372/724/1 376/725/1 373/726/1
f 374/662/5 214/661/5 380/727/5 381/728/5
f 938/131/4 1156/160/4 1151/161/4 419/132/4
f 379/729/22 378/730/22 385/731/22 384/732/22
f 214/733/5 165/734/5 378/735/5 380/736/5
f 379/737/23 382/738/23 381/739/23 380/740/23 378/741/23
f 1182/742/1 150/743/1 392/744/1 398/745/1 163/746/1
f 388/732/3 390/747/3 389/748/3 387/731/3 395/749/3 396/750/3
f 386/751/5 192/752/5 387/753/5 389/754/5
f 146/755/5 192/756/5 386/757/5 385/758/5
f 386/740/24 389/759/24 390/760/24 384/737/24 385/741/24
f 396/761/1 394/762/1 198/763/1 193/764/1 388/765/1
f 199/766/5 151/767/5 391/768/5 393/769/5
f 150/770/1 198/771/1 394/772/1 392/773/1
f 394/774/25 396/775/25 395/776/25 393/740/25 391/777/25 392/737/25
f 392/778/26 391/779/26 397/780/26 398/781/26
f 1223/782/3 1242/783/3 1241/784/3 1224/785/3
f 151/786/5 161/787/5 397/788/5 391/789/5
f 155/790/1 206/791/1 405/792/1 404/793/1
f 205/794/1 163/795/1 398/796/1 400/797/1
f 399/740/27 401/798/27 402/799/27 400/774/27 398/737/27 397/777/27
f 1195/800/1 150/743/1 1182/742/1 1190/801/1 1209/802/1
f 407/803/3 402/804/3 401/805/3 408/806/3
f 403/807/28 415/808/28 414/809/28 409/810/28 404/811/28
f 405/774/29 407/799/29 408/798/29 406/740/29 403/777/29 404/737/29
f 208/812/5 156/813/5 403/814/5 406/815/5
f 410/737/30 414/816/30 415/817/30 411/777/30 413/818/30 412/819/30
f 50/820/1 155/821/1 404/822/1 409/823/1
f 264/824/1 50/825/1 410/826/1 412/827/1
f 39/828/5 411/829/5 415/830/5 403/831/5 156/832/5
f 39/833/5 265/834/5 413/835/5 411/836/5
f 50/837/1 409/838/1 414/839/1 410/840/1
f 416/841/31 417/842/31 412/810/31 413/843/31
f 354/700/6 358/844/6 357/698/6 353/697/6 355/702/6 356/701/6
f 257/845/4 260/846/4 417/847/4 416/848/4
f 2172/849/5 2175/850/5 257/851/5 416/852/5 413/853/5 265/854/5 2163/855/5 2167/856/5
f 2172/857/3 3452/858/3 3453/494/3 2175/493/3
f 1117/859/1 1125/860/1 1155/861/1 79/862/1
f 420/863/2 85/864/2 721/865/2 722/866/2
f 619/867/6 620/868/6 734/869/6 2246/870/6 2332/871/6 2251/872/6 738/873/6
f 911/874/5 907/875/5 941/876/5 944/877/5
f 424/878/6 497/879/6 825/880/6 453/881/6 450/882/6 460/883/6 479/884/6 487/885/6 498/886/6 51/887/6 47/888/6
f 502/879/3 418/878/3 53/888/3 54/887/3 495/886/3 486/885/3 478/884/3 464/883/3 457/882/3 458/881/3 826/880/3
f 731/889/2 717/890/2 2129/891/2 2132/892/2
f 469/893/32 461/894/32 1365/895/32 1349/896/32
f 715/897/2 420/898/2 722/899/2 720/900/2
f 722/866/2 721/865/2 731/901/2 729/902/2
f 1519/903/6 1518/904/6 1655/905/6 1656/906/6
f 1376/907/5 1366/908/5 1351/909/5 1387/910/5
f 3625/911/4 82/912/4 35/913/4 3626/914/4 3621/915/4 1305/916/4 1303/917/4 3610/918/4
f 717/890/2 716/919/2 2130/920/2 2129/891/2
f 933/921/4 930/922/4 963/923/4 966/924/4
f 3733/925/1 3735/926/1 3705/927/1 490/928/1
f 35/26/3 82/25/3 1561/28/3 1559/27/3
f 3601/929/4 1325/930/4 1326/931/4 3594/932/4 3595/933/4 31/934/4 32/935/4 3602/936/4
f 728/937/2 726/938/2 723/939/2 724/940/2
f 1298/941/5 1291/942/5 1596/943/5 1600/944/5
f 740/945/2 739/946/2 2753/947/2 2756/948/2
f 1113/949/4 1117/96/4 79/99/4 65/950/4
f 1222/951/2 1219/952/2 1264/953/2 1261/954/2
f 914/955/1 913/956/1 953/957/1 954/958/1
f 3702/959/6 1555/960/6 1557/961/6 3700/962/6
f 423/963/2 2130/964/2 716/965/2 2137/966/2
f 1172/96/2 1174/97/2 1122/98/2 1126/99/2
f 987/967/1 970/968/1 974/969/1 1012/970/1
f 1286/971/4 1283/972/4 1287/973/4 1290/974/4
f 511/975/3 512/976/3 917/977/3 919/978/3
f 576/979/1 573/980/1 517/981/1 519/982/1 513/983/1
f 574/984/33 445/985/33 515/986/33 516/987/33
f 2153/988/2 2154/989/2 2155/990/2 2156/991/2 2157/992/2 2158/993/2 2159/994/2 2160/995/2 2152/996/2 90/997/2 84/998/2
f 456/999/4 452/1000/4 443/1001/4 447/1002/4
f 1356/1003/34 1380/1004/34 1397/1005/34 1390/1006/34
f 457/1007/2 449/921/2 448/922/2 446/1008/2
f 451/1009/2 450/1010/2 441/1011/2 442/1012/2
f 444/1013/4 3630/1014/4 3632/1015/4 3635/1016/4 3638/1017/4 3640/1018/4 3642/1019/4 3644/1020/4 3646/1021/4 3648/1022/4 3649/1023/4 3652/1024/4 3654/1025/4 3656/1026/4 3658/1027/4 3660/1028/4 3661/1029/4 3664/1030/4 3666/1031/4 445/1032/4 574/1033/4 575/1034/4
f 465/1035/4 462/1036/4 452/1037/4 456/1038/4
f 464/1039/2 467/1035/2 449/1038/2 457/1040/2
f 461/1041/2 460/1042/2 450/1043/2 451/1044/2
f 1815/1045/35 3565/1046/35 3566/1047/35 1817/1048/35 1818/1049/36 3569/1050/37 3570/1051/38 1816/1052/39
f 473/1053/40 470/1054/40 462/1055/40 465/1056/40
f 3641/1057/6 3636/1058/6 3637/1059/6 3643/1060/6 3647/1061/6 3645/1062/6
f 488/1063/1 1369/1064/1 1353/1065/1 538/1066/1
f 471/1067/41 476/1068/41 467/1069/41 464/1070/41
f 469/1071/42 468/1072/42 460/1073/42 461/1074/42
f 606/1075/43 482/1076/43 1830/1077/43 1829/1078/43
f 3574/1079/44 1808/1080/39 455/1081/45 3561/1082/45 3562/1083/45 1809/1084/45 1810/1085/36 3573/1086/37
f 510/1087/2 512/144/2 511/143/2 507/1088/2 508/1089/2 509/1090/2
f 470/1091/1 473/1092/1 565/1093/1 566/1094/1
f 548/1095/1 476/1096/1 551/1097/1 553/1098/1
f 555/1099/1 469/1100/1 560/1101/1 562/1102/1
f 467/1103/3 920/1104/3 921/1105/3 449/1106/3
f 489/1107/6 3665/1108/6 3659/1109/6 481/1110/6
f 2144/1111/2 2142/1112/2 2138/1113/2 2140/1114/2
f 1381/1115/5 1386/1116/5 1396/1117/5 1342/1118/5
f 465/1119/46 1013/1120/46 1022/1121/46 473/1122/46
f 496/325/5 3533/1123/5 3534/1124/5 3535/1125/5 3536/1126/5 500/329/5 545/328/5 542/1127/5
f 545/1128/5 500/1129/5 3641/1130/5 3645/1131/5
f 555/1132/2 562/185/2 563/184/2 557/1133/2 556/1134/2
f 493/1135/47 505/1136/47 536/1137/47 537/1138/47
f 1821/1139/4 606/1140/4 1829/1141/4 1834/1142/4
f 544/1143/5 1001/1144/5 1018/1145/5 496/1146/5 542/1147/5
f 617/1148/2 618/1149/2 495/1150/2 54/1151/2
f 531/1152/2 533/60/2 532/61/2 530/1153/2 529/1154/2 528/1155/2
f 922/1156/5 918/1157/5 554/1158/5 552/1159/5 485/1160/5
f 552/1161/2 554/1162/2 553/1163/2 551/1164/2 550/1165/2 549/1166/2
f 446/1167/5 448/1168/5 510/1169/5 509/1170/5
f 514/1171/5 520/1172/5 518/1173/5 442/1174/5 441/1175/5
f 534/1176/2 540/1177/2 541/1178/2 535/1179/2
f 574/1180/1 516/1181/1 1398/1182/1 517/1183/1 573/1184/1
f 443/1185/6 3663/1186/6 440/1187/6 3724/1188/6 3725/1189/6 3728/1190/6 3729/1191/6 3731/1192/6 3722/1193/6 3720/1194/6 3716/1195/6 3717/1196/6 3714/1197/6 3712/1198/6 3708/1199/6 3710/1200/6 3706/1201/6 3704/1202/6 3702/1203/6 3700/1204/6 444/1205/6 575/1206/6 570/1207/6 523/1208/6 524/1209/6
f 570/1210/1 571/1211/1 522/1212/1 523/1213/1
f 447/1214/5 443/1215/5 524/1216/5 521/1217/5
f 525/1218/5 1008/1219/5 992/1220/5 447/1221/5 521/1222/5
f 543/1223/4 546/1224/4 544/1225/4 542/1152/4 545/1226/4
f 495/1227/5 618/1228/5 620/1229/5 506/1230/5 531/1231/5 528/1232/5
f 494/1233/1 2144/1234/1 2140/1235/1 2148/1236/1 486/1237/1 529/1238/1 530/1239/1
f 513/1240/2 519/1241/2 520/1242/2 514/1243/2
f 535/1244/5 541/1245/5 539/1246/5 499/1247/5 622/1248/5 624/1249/5 498/1250/5
f 487/1251/1 2145/1252/1 2141/1253/1 2149/1254/1 488/1255/1 538/1256/1 540/1257/1 534/1258/1
f 3657/1259/1 462/1129/1 3655/1130/1 3631/1260/1
f 567/1261/5 1019/1262/5 1003/1263/5 483/1264/5 564/1265/5
f 3665/1266/1 489/1129/1 3643/1130/1 3637/1267/1
f 478/1268/5 2146/1269/5 2138/1270/5 2142/1271/5 485/1272/5 552/1273/5 549/1274/5
f 476/1275/1 471/1276/1 550/1277/1 551/1278/1
f 557/1279/5 563/1280/5 561/1281/5 480/1282/5 2147/1283/5 2139/1284/5 2143/1285/5 479/1286/5
f 468/1287/1 469/1288/1 555/1289/1 556/1290/1
f 469/1291/1 1349/1292/1 1374/1293/1 560/1294/1
f 474/1295/48 477/1296/48 558/14/48 559/13/48
f 522/1297/4 526/1298/4 525/1299/4 521/1300/4 524/1301/4 523/1302/4
f 483/1303/5 2150/1304/5 481/1305/5 568/1306/5 564/1307/5
f 473/1308/1 547/1309/1 569/1310/1 565/1311/1
f 18/1312/1 19/1313/1 571/1314/1 570/1315/1
f 22/1316/1 575/1317/1 574/1318/1 21/1319/1
f 20/1320/4 23/1321/4 593/1322/4 579/1323/4 3770/1324/4 590/1325/4
f 23/1326/1 20/1327/1 573/1328/1 576/1329/1
f 584/71/1 3766/70/1 3764/1330/1 585/1331/1
f 22/1332/2 21/1320/2 591/1325/2 3772/1333/2 580/1323/2 584/1334/2 585/1335/2 578/1336/2 586/1337/2 583/1338/2 582/1339/2
f 17/1340/4 589/1341/4 581/1342/4 592/1343/4 25/1344/4
f 19/1345/2 18/1346/2 587/1347/2 588/1341/2
f 12/1348/1 600/1349/1 3622/1350/1 3582/1351/1 3586/1352/1 3623/1353/1 3624/1354/1 3625/1355/1 3610/1356/1 3611/1357/1 3609/1358/1 3608/1359/1 3607/1360/1 3606/1361/1 3605/1362/1 3604/1363/1 3596/1364/1 3595/1365/1 3594/1366/1 3593/1367/1 3592/1368/1 3591/1369/1 3590/1370/1 3588/1371/1 3543/1372/1 3585/1373/1 595/1374/1 1/1375/1
f 1811/1376/35 3563/1377/35 3564/1378/35 1813/1379/35 1814/1380/36 3571/1381/49 3572/1382/44 1812/1383/39
f 14/1384/1 601/1385/1 3698/1386/1 3697/1387/1 3696/1388/1 3695/1389/1 3694/1390/1 3693/1391/1 3692/1392/1 3691/1393/1 3690/1394/1 3689/1395/1 3688/1396/1 3687/1397/1 3686/1398/1 3685/1399/1 3684/1400/1 3683/1401/1 3682/1402/1 432/1403/1 600/1404/1 12/1405/1
f 1775/1406/1 1780/1407/1 435/1408/1 615/1409/1
f 1816/1410/2 1814/1411/2 1836/1412/2 1838/1413/2
f 1012/1414/1 974/1415/1 1005/1416/1 983/1417/1 3553/1418/1
f 999/1419/1 984/1420/1 1017/1421/1 1025/1422/1
f 14/1423/4 616/1424/4 1774/1425/4 1777/1426/4 3705/1427/4 3735/1428/4 3746/1429/4 613/1430/4 8/1431/4
f 620/1432/2 619/1433/2 56/1434/2 506/1435/2
f 627/633/1 625/632/1 744/1436/1 704/1437/1 693/1438/1 736/1439/1
f 746/1440/1 700/1441/1 699/1442/1 743/1443/1 626/631/1 630/630/1
f 624/1444/2 623/1445/2 51/1446/2 498/1447/2
f 649/1448/1 638/1449/1 621/1450/1 49/1451/1 343/1452/1 347/1453/1 51/1454/1 623/1455/1 634/254/1 652/253/1 644/1456/1 658/1457/1
f 691/1458/1 690/1459/1 805/1460/1 794/1461/1
f 688/1459/5 689/1462/5 795/1463/5 803/1460/5
f 641/1464/6 2760/1465/6 2761/1466/6 782/1467/6
f 656/1468/3 655/1469/3 787/1470/3 785/1471/3
f 682/1472/6 681/1473/6 798/1474/6 799/1475/6
f 695/1476/3 696/1477/3 802/1475/3 801/1474/3
f 687/1478/1 686/1479/1 804/1480/1 796/1481/1
f 679/1482/6 2955/1483/6 2956/1484/6 797/1485/6
f 2755/1486/3 2768/1487/3 2769/1488/3 770/1489/3 763/1490/3
f 653/1491/2 636/1492/2 643/1493/2 651/1494/2
f 650/1495/2 635/1496/2 645/1497/2 648/1498/2
f 636/1499/2 647/1500/2 646/1501/2 643/1502/2
f 673/1491/2 637/1492/2 664/1503/2 672/1504/2
f 637/1499/2 670/1505/2 669/1506/2 664/1507/2
f 668/1508/2 639/1509/2 663/1510/2 665/1511/2
f 657/1512/2 656/1513/2 640/1514/2 659/1515/2
f 655/1516/2 660/1517/2 661/1518/2 642/1519/2
f 654/1520/2 657/1521/2 659/1522/2 641/1523/2
f 670/1468/3 668/1469/3 780/1470/3 779/1471/3
f 691/1524/2 676/1525/2 685/1526/2 690/1527/2
f 700/1528/2 682/1529/2 696/1530/2 699/1531/2
f 681/1532/2 702/1533/2 701/1534/2 695/1535/2
f 653/1536/1 651/1537/1 788/1538/1 776/1539/1
f 688/1540/2 685/1541/2 676/1542/2 689/1535/2
f 689/1473/3 687/1472/3 796/1475/3 795/1474/3
f 684/1543/2 686/1544/2 687/1530/2 677/1531/2
f 712/1545/2 694/1546/2 703/1547/2 711/1548/2
f 697/1549/2 701/1550/2 702/1547/2 679/1551/2
f 709/1532/2 703/1533/2 694/1552/2 710/1553/2
f 692/1554/3 733/1555/3 2247/1556/3 2947/1557/3
f 704/1558/2 707/1519/2 708/1530/2 693/1531/2
f 721/1559/2 666/1560/2 717/1561/2 731/1562/2
f 624/868/6 741/869/6 2244/1563/6 2330/1564/6 2758/1565/6 742/873/6 623/867/6
f 630/630/1 632/629/1 751/1566/1 746/1440/1
f 662/1567/2 713/1568/2 674/1569/2 428/1570/2 671/1571/2
f 729/1572/6 730/1573/6 824/1574/6 817/1575/6
f 749/1576/1 684/1577/1 677/1578/1 751/1566/1 632/629/1 629/628/1
f 644/1456/1 652/253/1 757/252/1 758/1579/1
f 634/254/1 623/1455/1 742/1580/1 754/249/1
f 658/1457/1 644/1456/1 758/1579/1 645/1581/1 635/1582/1 760/1583/1
f 617/1584/3 737/1585/3 2242/1586/3 2333/1587/3 2241/1588/3 748/1589/3 618/1590/3
f 629/628/1 619/627/1 738/1591/1 749/1576/1
f 638/1449/1 649/1448/1 755/1592/1 661/1593/1 660/1594/1 739/1595/1
f 617/634/1 627/633/1 736/1439/1 737/1596/1
f 722/1597/1 729/1598/1 817/1599/1 818/1600/1
f 621/1450/1 638/1449/1 739/1595/1 740/1601/1
f 625/632/1 626/631/1 743/1443/1 744/1436/1
f 649/1448/1 658/1457/1 760/1583/1 755/1592/1
f 714/1602/1 716/1603/1 814/1604/1 813/1605/1
f 620/1229/5 618/1228/5 748/1606/5 2828/1607/5 734/1608/5
f 729/902/2 731/901/2 2132/1609/2 2131/1610/2
f 91/1611/2 436/1612/2 438/1613/2 671/1614/2 428/56/2 418/55/2 502/1615/2 81/1616/2 2258/1617/2 2254/1618/2 2263/1619/2 2252/1620/2 2259/1621/2 2256/1622/2 2267/1623/2
f 724/940/2 723/939/2 438/1624/2 436/1625/2
f 725/1626/2 724/1627/2 436/1628/2 91/1629/2
f 723/1630/2 662/1567/2 671/1571/2 438/1631/2
f 680/234/2 425/1632/2 667/1633/2 714/1634/2 666/235/2
f 728/1635/1 724/1636/1 822/1637/1 823/1638/1
f 738/1639/2 2251/1640/2 2243/1641/2 749/1642/2
f 776/1643/2 788/1644/2 2762/1645/2 771/1646/2 2692/1646/2 2720/1647/2 2721/1648/2 2717/1649/2 2715/1650/2 2714/1651/2 2713/1652/2 2708/1653/2 2710/1654/2 2719/1655/2 2712/1656/2 2711/1657/2 2709/1658/2 2716/1659/2 2718/1660/2 2706/1661/2 2696/1662/2 2699/1663/2 2694/1664/2 2704/1665/2 2697/1666/2 2703/1667/2 2698/1668/2 2700/1669/2 2695/1670/2 2701/1671/2 2702/1672/2 2707/1673/2 2705/1674/2 2693/1675/2 770/1675/2 2769/1676/2
f 751/1677/2 2248/1678/2 2250/1679/2 746/1680/2
f 736/1681/2 2247/1682/2 2242/1683/2 737/1684/2
f 758/1685/2 757/1686/2 2754/1687/2 2757/1688/2
f 757/1689/3 639/1690/3 668/1469/3 670/1468/3 637/1691/3 673/1464/3 2767/1465/3 2754/1692/3
f 2243/1556/6 750/1555/6 683/1554/6 2958/1693/6
f 751/1694/3 677/1695/3 687/1472/3 689/1473/3 676/1696/3 691/1482/3 2951/1697/3 2248/1698/3
f 744/1694/6 2340/1698/6 2954/1483/6 711/1699/6 703/1700/6 709/1476/6 707/1477/6 704/1701/6
f 755/1702/2 760/1703/2 2755/1704/2 2752/1705/2
f 743/1706/2 2249/1707/2 2340/1708/2 744/1709/2
f 651/1464/50 2763/1465/51 2762/1710/51 788/1467/51
f 683/1554/6 769/1711/6 2957/1712/6 2958/1693/6
f 2770/1713/3 2771/1488/3 772/1489/3 732/1490/3 2753/1714/3
f 755/1689/6 2752/1715/6 2760/1465/6 641/1464/6 659/1716/6 640/1468/6 642/1469/6 661/1690/6
f 752/1555/6 678/1554/6 2955/1693/6 2250/1556/6
f 777/1717/2 778/1718/2 790/1719/2 789/1720/2
f 779/1721/2 780/1722/2 793/1723/2 792/1724/2
f 785/1725/2 787/1726/2 784/1727/2 783/1728/2
f 799/1729/2 798/1730/2 801/1731/2 802/1732/2
f 804/1733/2 803/1734/2 795/1735/2 796/1736/2
f 810/1737/2 809/1738/2 806/1739/2 807/1740/2
f 697/1741/1 679/1742/1 797/1743/1 800/1744/1
f 642/1469/6 640/1468/6 783/1471/6 784/1470/6
f 2249/1556/3 2949/1693/3 698/1554/3 747/1555/3
f 710/1476/3 708/1477/3 807/1475/3 806/1474/3
f 681/1742/5 695/1741/5 801/1744/5 798/1743/5
f 640/1745/5 656/1746/5 785/1747/5 783/1748/5
f 696/1749/1 682/1750/1 799/1751/1 802/1752/1
f 654/1746/1 641/1753/1 782/1754/1 786/1747/1
f 672/1464/6 664/1691/6 669/1468/6 665/1469/6 663/1690/6 754/1689/6 2759/1692/6 2764/1755/6
f 707/1477/6 709/1476/6 809/1474/6 810/1475/6
f 655/1746/1 642/1756/1 784/1757/1 787/1747/1
f 665/1469/6 669/1468/6 792/1471/6 793/1470/6
f 668/1758/1 665/1759/1 793/1760/1 780/1761/1
f 2764/1713/6 2759/1486/6 735/1490/6 775/1489/6 2765/1762/6
f 647/1468/3 650/1469/3 778/1470/3 777/1471/3
f 669/1759/5 670/1763/5 779/1764/5 792/1760/5
f 711/1699/6 2954/1483/6 2953/1484/6 811/1485/6
f 686/1472/6 688/1473/6 803/1474/6 804/1475/6
f 673/1765/1 672/1759/1 791/1760/1 781/1766/1
f 648/1469/50 646/1468/50 789/1471/51 790/1470/51
f 708/1767/1 707/1768/1 810/1769/1 807/1770/1
f 697/1699/3 800/1485/3 2950/1771/3 2949/1483/3
f 709/1772/5 710/1773/5 806/1774/5 809/1775/5
f 646/1776/5 647/1777/5 777/1778/5 789/1779/5
f 712/1773/1 711/1780/1 811/1781/1 808/1774/1
f 675/1554/3 2951/1557/3 2952/1782/3 768/1711/3
f 650/1783/1 648/1784/1 790/1785/1 778/1786/1
f 816/1787/2 815/1788/2 628/1789/2 631/1790/2
f 814/1791/2 633/1792/2 812/1793/2 813/1794/2
f 716/1795/6 717/1796/6 633/1797/6 814/1798/6
f 720/1573/3 722/1572/3 818/1575/3 819/1574/3
f 717/1603/5 666/1602/5 812/1605/5 633/1604/5
f 718/1799/1 713/1800/1 628/1801/1 815/1802/1
f 724/1572/6 725/1573/6 821/1574/6 822/1575/6
f 662/1800/5 719/1799/5 816/1802/5 631/1801/5
f 713/1795/6 662/1796/6 631/1797/6 628/1798/6
f 727/1573/3 728/1572/3 823/1575/3 820/1574/3
f 719/1796/3 718/1795/3 815/1798/3 816/1797/3
f 666/1796/3 714/1795/3 813/1798/3 812/1797/3
f 502/1615/2 826/1803/2 458/1804/2 2135/1805/2 503/1806/2 81/1616/2
f 827/1807/2 855/1808/2 861/1809/2 830/1810/2
f 861/1811/2 873/1812/2 829/1813/2 832/1814/2 862/1815/2 854/1816/2 831/1817/2 830/1818/2
f 831/1819/2 854/1820/2 860/1821/2 833/1822/2
f 860/1823/2 871/1824/2 834/1825/2 836/1826/2 872/1827/2 879/1828/2 877/1829/2 874/1830/2 835/1831/2 833/1832/2
f 835/1833/2 874/1834/2 875/1835/2 838/1836/2
f 838/1837/2 875/1838/2 876/1839/2 878/1840/2 867/1841/2 837/1842/2 74/1843/2 42/1844/2
f 839/1845/2 868/1846/2 853/1847/2 840/1848/2 45/1849/2 78/1850/2
f 842/1851/2 863/1852/2 868/1853/2 839/1854/2
f 846/1855/2 870/1856/2 866/1857/2 843/1858/2
f 849/1859/2 869/1860/2 865/1861/2 847/1862/2
f 891/1863/2 883/1864/2 882/1865/2 890/1866/2
f 866/1867/2 852/1868/2 844/1869/2 841/1870/2 858/1871/2 863/1872/2 842/1873/2 843/1874/2
f 865/1875/2 851/1876/2 848/1877/2 845/1878/2 857/1879/2 870/1880/2 846/1881/2 847/1882/2
f 864/1883/2 855/1884/2 827/1885/2 38/1886/2 72/1887/2 828/1888/2
f 853/1889/2 858/1890/2 841/1891/2 840/1892/2
f 852/1893/2 857/1894/2 845/1895/2 844/1896/2
f 86/1897/2 2153/1898/2 84/1899/2 41/1900/2 77/1901/2
f 851/1902/2 856/1903/2 850/1904/2 848/1905/2
f 852/1906/3 866/1907/3 899/1908/3 895/1909/3
f 871/1910/2 862/1911/2 832/1912/2 834/1913/2
f 862/1914/52 871/1915/52 890/1916/52 882/1917/52
f 867/1907/6 878/1918/6 905/1919/6 902/1908/6
f 867/1920/2 872/1921/2 836/1922/2 837/1923/2
f 851/1906/3 865/1907/3 898/1908/3 897/1909/3
f 873/1924/2 864/1925/2 828/1926/2 829/1927/2
f 853/1906/3 868/1907/3 859/1928/3 880/1909/3
f 893/1929/2 885/1930/2 884/1931/2 892/1932/2
f 876/1933/2 877/1934/2 879/1935/2 878/1936/2
f 873/1907/6 861/1937/6 893/1938/6 892/1928/6
f 859/1939/2 886/1940/2 887/1941/2 880/1942/2
f 898/1943/2 900/1944/2 896/1945/2 897/1946/2
f 899/1947/2 901/1948/2 894/1949/2 895/1950/2
f 881/1951/2 888/1952/2 889/1953/2 904/1954/2
f 905/1955/2 906/1956/2 903/1957/2 902/1958/2
f 879/1918/3 872/1907/3 903/1908/3 906/1919/3
f 868/1959/52 863/1960/52 886/1961/52 859/1962/52
f 854/1937/53 862/1907/53 882/1928/53 883/1938/53
f 878/1963/5 879/1964/5 906/1965/5 905/1966/5
f 865/1967/52 869/1968/52 900/1969/52 898/1970/52
f 855/1937/3 864/1907/3 884/1908/3 885/1938/3
f 872/1971/52 867/1972/52 902/1973/52 903/1974/52
f 866/1975/52 870/1976/52 901/1977/52 899/1978/52
f 869/1907/6 856/1906/6 896/1909/6 900/1908/6
f 858/1979/5 853/1980/5 880/1981/5 887/1982/5
f 870/1907/6 857/1906/6 894/1909/6 901/1908/6
f 857/1983/5 852/1984/5 895/1985/5 894/1986/5
f 864/1987/52 873/1988/52 892/1989/52 884/1990/52
f 856/1991/5 851/1992/5 897/1993/5 896/1994/5
f 861/1995/5 855/1996/5 885/1997/5 893/1998/5
f 863/1907/6 858/1906/6 887/1909/6 886/1928/6
f 860/1999/5 854/2000/5 883/2001/5 891/2002/5
f 875/2003/5 874/2004/5 904/2005/5 889/2006/5
f 876/2007/6 875/2008/6 889/2009/6 888/2010/6
f 871/1907/6 860/1937/6 891/1938/6 890/1928/6
f 877/2011/52 876/2012/52 888/2013/52 881/2014/52
f 929/2015/1 919/2016/1 948/2017/1 947/2018/1
f 932/2019/5 927/2020/5 961/2021/5 965/2022/5
f 913/1163/2 918/1162/2 951/2023/2 953/2024/2
f 908/2025/5 910/2026/5 943/2027/5 942/2028/5
f 912/61/54 911/60/54 944/63/54 952/62/54
f 907/2029/5 911/2030/5 533/2031/5 531/2032/5 506/2033/5
f 527/2034/3 994/2035/3 1001/2036/3 544/2037/3 546/2038/3
f 928/2039/1 923/2040/1 970/2041/1 987/2042/1 3549/2043/1 3547/2044/1 3551/2045/1
f 6/2046/3 1150/2047/3 1140/2048/3 7/2049/3
f 473/2050/1 1022/2051/1 1007/2052/1 547/2053/1
f 554/2054/3 918/2055/3 913/2056/3 548/2057/3 553/2058/3
f 449/2059/3 921/2060/3 916/2061/3 448/2062/3
f 1491/2063/4 1493/2064/4 3638/2065/4 3635/2066/4
f 911/2067/3 912/2068/3 532/2069/3 533/2070/3
f 918/2071/5 922/2072/5 946/2073/5 951/2074/5
f 578/2075/1 3767/2076/1 3769/2077/1 586/2078/1
f 913/2079/1 914/2080/1 476/2081/1 548/2082/1
f 572/2083/1 507/2084/1 511/2085/1 919/2086/1 929/2087/1 980/2088/1 1015/2089/1 526/2090/1 522/2091/1 571/2092/1
f 560/2093/6 1374/2094/6 1367/2095/6 561/2096/6 563/2097/6 562/2098/6
f 590/2099/3 3765/2100/3 591/2101/3 21/2102/3 20/2103/3
f 916/2104/5 917/2105/5 512/2106/5 510/2107/5 448/2108/5
f 538/2109/6 1353/2110/6 1386/2111/6 539/2112/6 541/2113/6 540/2114/6
f 914/2115/46 920/2116/46 467/2117/46 476/2118/46
f 17/2103/6 19/2119/6 588/2120/6 3749/2121/6 3750/2122/6 3753/2123/6 3754/2124/6 3756/2125/6 3758/2126/6 3760/2127/6 3762/2128/6 589/2129/6
f 912/2130/1 915/2029/1 494/2033/1 530/2032/1 532/2031/1
f 915/2131/3 922/2132/3 485/2133/3 494/2134/3
f 1386/2135/2 1353/2136/2 1370/2137/2 1396/2138/2
f 916/922/2 921/921/2 949/924/2 950/923/2
f 588/2139/1 587/2140/1 3748/2141/1 3749/2142/1
f 930/2143/3 933/2144/3 972/2145/3 969/2146/3
f 926/2147/4 929/2148/4 947/2149/4 960/2150/4
f 73/2151/55 70/2152/55 1393/2153/55 1391/2154/55
f 925/2155/3 927/2156/3 982/2157/3 976/2158/3
f 475/2159/3 484/2160/3 466/2161/3 1142/2162/3
f 933/2163/3 931/2164/3 979/2165/3 972/2166/3
f 923/2026/1 928/2167/1 962/2168/1 957/2027/1
f 929/2169/3 926/2170/3 978/2171/3 980/2172/3
f 590/2173/1 3770/2174/1 3771/2175/1 3765/2176/1
f 430/2177/3 419/2178/3 1151/2179/3 437/2180/3
f 1128/2181/3 3515/2182/3 3520/2183/3 1166/2184/3
f 956/2185/3 964/2186/3 966/2187/3 949/2188/3
f 936/2189/3 2199/2190/3 2214/2191/3 2200/2192/3 2198/2193/3 2239/2194/3 2203/2195/3 2201/2196/3 2204/2197/3 2202/2198/3 941/2199/3
f 961/2156/3 959/2155/3 953/2056/3 951/2055/3
f 949/2060/3 966/2144/3 963/2143/3 950/2061/3
f 948/978/3 955/977/3 1395/2200/3 960/2170/3 947/2169/3
f 956/2201/46 954/2202/46 958/2203/46 964/2204/46
f 213/66/9 215/176/9 1041/2205/9 1037/2206/9 1031/2207/9 1028/2208/9 189/189/9 188/188/9
f 961/2209/5 951/2210/5 946/2211/5 3545/2212/5 965/2213/5
f 945/2214/1 952/2215/1 957/2216/1 962/2217/1 3544/2218/1
f 375/729/3 373/696/3 376/2219/3 377/2220/3 374/730/3 381/2221/3 382/2222/3
f 917/2105/5 1346/2223/5 1395/2224/5 955/2225/5
f 925/2226/1 924/2227/1 958/2228/1 959/2229/1
f 921/2230/2 920/2231/2 956/2232/2 949/2233/2
f 920/2234/56 914/2235/56 954/2236/56 956/2237/56
f 928/2238/4 932/2239/4 965/2240/4 962/2241/4
f 915/875/1 912/2242/1 952/2243/1 945/876/1
f 927/1162/4 925/1163/4 959/2024/4 961/2023/4
f 922/2239/2 915/2238/2 945/2241/2 946/2240/2
f 931/2244/4 933/2245/4 966/2246/4 964/2247/4
f 924/2248/57 931/2249/57 964/2250/57 958/2251/57
f 909/2252/4 908/2253/4 942/2254/4 937/2255/4 167/2256/4
f 916/2257/5 1364/2258/5 1346/2259/5 917/2260/5
f 977/2261/3 970/2262/3 923/2263/3 910/2264/3
f 978/2265/5 969/2266/5 1020/2267/5 1021/2268/5
f 1010/2269/3 1207/2270/3 3529/2271/3 3491/2272/3 3494/2273/3 3502/2274/3 3492/2275/3 3489/2276/3 3490/2277/3 3493/2278/3 1014/2279/3
f 1018/2253/4 989/2254/4 995/2255/4 155/2256/4
f 18/2119/3 22/2102/3 582/2101/3 3759/2280/3 3757/2125/3 3755/2281/3 3752/2282/3 3751/2283/3 3748/2284/3 587/2120/3
f 969/2285/5 978/2286/5 926/2287/5 930/2288/5
f 969/1002/2 972/999/2 1011/924/2 1020/923/2
f 986/2289/46 979/2290/46 931/2291/46 924/2203/46
f 980/1298/2 978/1299/2 1021/2150/2 988/2149/2
f 979/2292/58 986/2293/58 1017/2294/58 1016/2295/58
f 1011/2296/3 1016/2297/3 993/2298/3 1004/2299/3
f 998/999/4 992/1002/4 1006/923/4 1004/924/4
f 1019/2300/4 1007/2301/4 999/2024/4 985/2023/4
f 2237/2302/3 2234/2303/3 2238/2304/3 2223/2305/3 1123/2306/3 1118/2307/3 2203/2195/3 2239/2194/3
f 972/2308/2 979/2309/2 1016/2310/2 1011/2311/2
f 975/2312/2 987/2238/2 1012/2241/2 1009/2313/2
f 2201/2314/3 2203/2315/3 1118/2316/3 1114/2317/3
f 1003/2318/5 1019/2319/5 985/2320/5 1000/2321/5
f 1008/1299/4 1015/1298/4 990/2149/4 997/2150/4
f 992/2322/5 1008/2323/5 997/2324/5 1006/2325/5
f 1020/2146/3 1011/2145/3 1004/2326/3 1006/2327/3
f 1297/2328/4 1296/2329/4 1295/2330/4 3537/2331/4 3540/2332/4 600/2333/4 500/2334/4 3536/2335/4 1298/2336/4
f 1000/2337/5 985/2338/5 967/2339/5 1009/2340/5 3552/2341/5
f 975/2342/5 982/2343/5 927/2344/5 932/2345/5 3550/2346/5 3546/2347/5 3548/2348/5
f 958/2349/1 954/2350/1 953/2351/1 959/2352/1
f 982/2353/5 975/2354/5 1009/2355/5 967/2356/5
f 1132/22/1 1146/21/1 1142/24/1 466/23/1
f 1018/2357/5 1001/2358/5 971/2359/5 989/2360/5
f 973/2361/2 163/2256/2 1010/2255/2 1014/2254/2 981/2253/2
f 984/2362/46 993/2363/46 1016/2364/46 1017/2365/46
f 1006/2366/5 997/2367/5 1021/2368/5 1020/2369/5
f 1023/2238/4 1003/2312/4 1000/2313/4 983/2241/4
f 971/2036/3 1005/2035/3 974/2262/3 968/2261/3
f 976/2370/1 986/2371/1 924/2372/1 925/2373/1
f 988/2172/3 1021/2171/3 997/2374/3 990/2375/3
f 1001/1225/4 994/1224/4 1005/62/4 971/63/4
f 1018/2376/3 155/2377/3 50/2378/3 26/2379/3 496/2380/3
f 17/2381/1 572/2382/1 571/2383/1 19/2384/1
f 976/2301/2 982/2300/2 967/2023/2 1025/2024/2
f 994/2358/1 1023/2357/1 983/2360/1 1005/2359/1
f 977/968/5 981/967/5 1014/970/5 968/969/5
f 1023/1145/1 994/1144/1 527/2385/1 491/1146/1
f 1003/2386/3 1023/2387/3 491/2388/3 483/2389/3
f 50/2390/4 264/2391/4 267/2392/4 26/2393/4
f 998/2299/3 1013/2298/3 465/2394/3 456/2395/3
f 1015/2375/3 1008/2374/3 525/1209/3 526/1208/3
f 992/2327/3 998/2326/3 456/2396/3 447/2397/3
f 970/1224/2 977/1225/2 968/63/2 974/62/2
f 1007/75/3 1019/74/3 567/2398/3 569/2399/3 547/2400/3
f 1015/2401/1 980/2402/1 988/2403/1 990/2404/1
f 2200/2405/3 2214/2406/3 2213/2407/3 1117/2408/3
f 986/2409/1 976/2410/1 1025/2411/1 1017/2412/1
f 1240/951/2 1238/952/2 1280/953/2 1282/954/2
f 1013/2413/4 998/2414/4 1004/2415/4 993/2416/4
f 1022/2417/59 1013/2418/59 993/2419/59 984/2420/59
f 1007/2421/1 1022/2422/1 984/2423/1 999/2424/1
f 169/338/2 148/313/2 191/284/2 194/339/2
f 856/2425/2 869/2426/2 849/2427/2 75/2428/2 37/2429/2 850/2430/2
f 181/2431/2 183/2432/2 189/2433/2 186/2434/2
f 1084/2435/3 1081/2436/3 1083/2437/3 212/2438/3 208/2439/3 1082/2440/3
f 170/341/4 202/339/4 201/284/4 153/283/4
f 296/2441/60 295/541/61 310/542/62 309/538/19 311/575/18
f 1042/2442/3 1039/2443/3 1040/2444/3 1041/2445/3 215/2446/3 214/2447/3
f 170/2448/3 153/2449/3 162/2450/3 161/2451/3 151/2452/3
f 313/2453/2 322/2454/2 2179/2455/2 320/576/2 308/538/2
f 298/2456/2 313/2453/2 308/538/2 312/542/2 297/541/2
f 307/538/4 319/576/4 2180/2455/4 325/2457/4 317/539/4
f 316/2458/63 324/2459/64 334/576/64 314/538/65
f 296/2460/60 280/2461/66 275/553/66 274/552/66 291/551/66 303/550/66 295/549/61
f 300/2462/67 316/2458/63 314/538/65 315/542/68 299/541/69
f 282/2463/70 300/2464/67 299/549/69 305/550/70 293/551/70 272/552/70 273/553/70
f 301/2465/4 281/2466/4 278/553/4 277/552/4 294/551/4 306/550/4 302/549/4
f 187/723/1 373/726/1 375/2467/1 216/2468/1
f 1081/2469/2 1084/2470/2 1109/2471/2 1111/2472/2
f 938/2473/3 3490/2474/3 3489/2475/3 1156/2476/3
f 190/2477/3 195/2478/3 219/2479/3 220/2480/3 223/2481/3 221/2482/3
f 1037/2483/3 1036/2484/3 1034/2485/3 1038/2486/3 1030/2487/3 1033/2488/3 1032/2489/3 1031/2490/3
f 1026/2491/3 1028/2492/3 1031/2493/3 1032/2494/3
f 1038/2495/3 1034/2496/3 1039/2497/3 1042/2498/3
f 1059/2499/71 1066/2500/71 1101/2501/71 1102/2502/71
f 1167/2503/1 1172/2504/1 1126/2505/1 1131/2506/1
f 1041/2507/3 1040/2508/3 1036/2509/3 1037/2510/3
f 1046/2511/3 1043/2512/3 1047/2513/3 1050/2514/3
f 1048/2515/3 1049/2516/3 1044/2517/3 1045/2518/3
f 1036/2519/71 1040/2520/71 1091/2521/71 1092/2522/71
f 1136/2523/3 1137/2524/3 1134/2525/3 1133/2526/3
f 3442/2527/2 3441/2528/2 3243/2529/2 1180/2530/2 1256/2531/2
f 1054/2532/3 1053/2533/3 1057/2534/3 1055/2535/3
f 1079/2536/71 1081/2537/71 1111/2538/71 1112/2539/71
f 1052/2540/3 1051/2541/3 1058/2542/3 1056/2543/3
f 1055/2544/3 1057/2545/3 1061/2546/3 1059/2547/3 1063/2548/3 1060/2549/3 1056/2550/3 1058/2551/3
f 1204/2552/2 3059/2553/2 3435/2554/2 1216/2555/2 1233/2556/2 1228/952/2 1230/951/2 1232/2557/2
f 1054/2558/71 1055/2559/71 1099/2560/71 1100/2561/71
f 1059/2562/3 1061/2563/3 1067/2564/3 1066/2565/3
f 1060/2566/3 1063/2567/3 1064/2568/3 1065/2569/3
f 1046/2570/5 1050/2571/5 1052/2572/5 1056/2573/5 1060/2574/5 1065/2575/5 146/2576/5 385/2577/5 378/2578/5 165/2579/5
f 1064/2580/3 1066/2581/3 1067/2582/3 148/2583/3 169/2584/3 146/2585/3 1065/2586/3
f 1206/2587/1 1203/2588/1 1271/2589/1 1257/2590/1
f 1071/2591/3 1070/2592/3 1073/2593/3 1075/2594/3
f 156/2595/3 158/2596/3 76/2597/3 39/2598/3
f 1040/2469/2 1039/2470/2 1089/2471/2 1091/2472/2
f 1079/2599/3 1077/2600/3 1078/2601/3 1075/2602/3 1073/2603/3 1074/2604/3 1076/2605/3 1080/2606/3
f 1076/2607/3 1074/2608/3 1069/2609/3 1072/2610/3
f 1078/2611/3 1077/2612/3 1084/2613/3 1082/2614/3
f 408/2615/5 401/2616/5 399/2617/5 207/2618/5 1071/2619/5 1075/2620/5 1078/2621/5 1082/2622/5 208/2623/5 406/2624/5
f 180/2625/3 907/2626/3 506/868/3 56/867/3
f 1070/2470/4 1069/2469/4 1106/2472/4 1108/2471/4
f 1083/2627/3 1081/2628/3 1079/2629/3 1080/2630/3
f 1116/2631/5 1124/2632/5 2224/2633/5 2227/2634/5 1130/2635/5 1144/2636/5 2205/2637/5 942/2638/5 943/2639/5 944/2640/5 941/2214/5 2202/2641/5
f 1091/2642/3 1089/2643/3 1090/2644/3 1092/2645/3
f 1095/2646/3 1093/2647/3 1094/2648/3 1096/2649/3
f 1098/2650/3 1100/2651/3 1099/2652/3 1097/2653/3
f 1104/2654/3 1102/2655/3 1101/2656/3 1103/2657/3
f 1105/2658/3 1107/2659/3 1108/2660/3 1106/2661/3
f 1111/2662/3 1109/2663/3 1110/2664/3 1112/2665/3
f 1077/2470/4 1079/2469/4 1112/2472/4 1110/2471/4
f 1047/2666/5 1043/2667/5 1094/2668/5 1093/2669/5
f 1051/2670/4 1054/2671/4 1100/2672/4 1098/2673/4
f 1066/2671/2 1064/2670/2 1103/2673/2 1101/2672/2
f 1034/2470/4 1036/2469/4 1092/2472/4 1090/2471/4
f 1044/2674/71 1049/2675/71 1095/2676/71 1096/2677/71
f 1064/2678/5 1063/2679/5 1104/2680/5 1103/2681/5
f 1087/2682/3 1088/2683/3 1086/2684/3 1085/2685/3
f 1069/2686/71 1074/2687/71 1105/2688/71 1106/2689/71
f 1063/2670/4 1059/2671/4 1102/2672/4 1104/2673/4
f 1073/2690/5 1070/2691/5 1108/2692/5 1107/2693/5
f 1074/2469/2 1073/2470/2 1107/2471/2 1105/2472/2
f 952/2694/3 944/2695/3 943/2264/3 957/2263/3
f 1032/2469/2 1033/2470/2 1087/2471/2 1085/2472/2
f 1049/2671/2 1047/2670/2 1093/2673/2 1095/2672/2
f 1058/2696/5 1051/2697/5 1098/2698/5 1097/2699/5
f 1084/2700/5 1077/2701/5 1110/2702/5 1109/2703/5
f 1055/2671/2 1058/2670/2 1097/2673/2 1099/2672/2
f 1027/2470/4 1026/2469/4 1086/2472/4 1088/2471/4
f 1043/2670/4 1044/2671/4 1096/2672/4 1094/2673/4
f 1039/2704/5 1034/2705/5 1090/2706/5 1089/2707/5
f 1026/2708/71 1032/2709/71 1085/2710/71 1086/2711/71
f 1174/2712/5 1168/2503/5 1127/2506/5 1122/2713/5
f 1166/2503/1 1171/2712/1 7/2713/1 1140/2506/1
f 504/2714/3 44/2715/3 61/2716/3 492/2717/3
f 1161/160/2 934/131/2 430/132/2 437/161/2
f 1162/96/2 1163/97/2 1133/98/2 1134/99/2
f 1035/131/4 1132/130/4 466/133/4 484/132/4
f 1139/2718/1 1154/2719/1 1141/2720/1 1148/2721/1
f 1123/2722/3 1121/2723/3 1114/2724/3 1118/2725/3
f 1129/2726/3 2233/2727/3 2232/2728/3 2229/2729/3
f 1132/2730/3 1035/2731/3 2225/2732/3 2228/2733/3
f 1139/2734/3 1129/2735/3 2229/2736/3 2226/2737/3
f 1129/97/4 1139/96/4 1148/99/4 1147/98/4
f 1159/97/4 1158/96/4 1137/99/4 1136/98/4
f 1139/2738/3 2216/2739/3 2217/2740/3 1154/2741/3
f 2232/2742/3 2233/2743/3 2235/2744/3 2236/2745/3 2210/2746/3 1152/2747/3 1138/2748/3 2230/2749/3
f 1146/130/2 1153/131/2 475/132/2 1142/133/2
f 1135/2750/3 2204/2751/3 2201/2752/3 1114/2753/3
f 935/2754/3 2218/2755/3 2224/2756/3 1124/2757/3
f 1168/97/4 1167/96/4 1131/99/4 1127/98/4
f 1135/131/4 1114/130/4 44/133/4 504/132/4
f 1119/2758/3 2234/2759/3 2237/2760/3 1113/2761/3
f 1132/2762/3 1138/2763/3 1152/2764/3 1146/2765/3
f 1114/351/1 1121/350/1 61/353/1 44/352/1
f 1130/2766/3 1035/2767/3 1153/2768/3 1144/2769/3
f 1146/2770/3 1152/2771/3 2210/2772/3 2211/2773/3
f 1144/2774/3 1153/2775/3 2207/2776/3 2205/2777/3
f 1153/21/5 1035/22/5 484/23/5 475/24/5
f 1163/88/5 1159/89/5 1136/90/5 1133/91/5
f 1154/2778/3 2217/2779/3 2212/2780/3 2209/2781/3
f 1115/2712/5 1128/2503/5 1150/2506/5 6/2713/5
f 935/350/5 1135/351/5 504/352/5 492/353/5
f 1033/2782/5 1027/2783/5 1088/2784/5 1087/2785/5
f 1143/2786/3 1154/2787/3 2209/2788/3 2208/2789/3
f 1156/89/1 1161/88/1 437/91/1 1151/90/1
f 1171/160/2 1115/131/2 6/132/2 7/161/2
f 1154/96/2 1143/97/2 1145/98/2 1141/99/2
f 1156/2790/3 1157/2791/3 1160/2792/3 1161/2793/3
f 3493/2794/3 3490/2795/3 938/2796/3 939/2797/3
f 1217/2798/1 1222/2799/1 1261/2800/1 1260/2801/1
f 1155/2802/3 48/2803/3 65/2804/3 79/2805/3
f 1158/2806/3 3527/2807/3 3524/2808/3 1162/2809/3
f 3492/2810/3 3502/2811/3 3504/2812/3 3501/2813/3 3512/2814/3 3507/2815/3 1160/2816/3 1157/2817/3
f 1196/2588/5 1200/2587/5 1269/2590/5 1270/2589/5
f 1163/2818/3 1162/2819/3 3510/2820/3 3509/2821/3
f 1162/2822/3 3524/2823/3 3528/2824/3 3510/2825/3
f 1120/2826/6 1422/2827/6 1406/2828/6 1169/2829/6
f 1161/2830/3 1160/2831/3 3507/2832/3 3513/2833/3
f 1167/2834/3 3530/2835/3 3525/2836/3 1172/2837/3
f 3518/2838/3 3515/2839/3 1128/2840/3 1405/2841/3
f 1166/2842/3 1165/2843/3 1173/2844/3 1171/2845/3
f 1158/89/1 1162/88/1 1134/91/1 1137/90/1
f 1198/2846/3 1225/2847/3 1176/2848/3 1197/2849/3
f 3516/2850/3 3519/2851/3 3506/2852/3 3503/2853/3 3505/2854/3 3498/2855/3 1173/2856/3 1165/2857/3
f 1172/2858/3 3525/2859/3 3526/2860/3 3497/2861/3
f 383/2862/1 1216/2863/1 1275/2864/1 1274/2865/1
f 1206/2866/3 1226/2867/3 1194/2868/3 1203/2869/3
f 1213/2870/3 1214/2871/3 1211/2872/3 1210/2873/3
f 1171/2874/3 1173/2875/3 3498/2876/3 3499/2877/3
f 1174/2878/3 1172/2879/3 3497/2880/3 3500/2881/3
f 1187/2882/3 3026/2883/3 3065/2884/3 1178/2885/3 3136/2886/3 3126/2887/3
f 968/1415/5 1014/1414/5 3493/2888/5 939/2889/5 421/2890/5 3511/2891/5 3518/2892/5 1405/2893/5 1404/2894/5 3496/2895/5 989/1417/5 971/1416/5
f 1062/2896/3 43/2897/3 1219/2898/3 1068/2899/3
f 1204/2900/3 1199/2901/3 3033/2902/3 3059/2903/3
f 1179/2904/3 1182/2905/3 163/2906/3 973/2907/3 2194/2908/3
f 1199/2909/1 145/2910/1 1211/2911/1 1214/2912/1
f 1212/2913/4 1215/2552/4 1235/2557/4 1239/951/4 1237/952/4 1242/2556/4 1223/2555/4 2977/2554/4 3056/2553/4
f 1225/2914/3 1189/2915/3 1177/2916/3 1176/2917/3
f 3703/2918/1 501/2919/1 1789/2920/1 1785/2921/1
f 1242/2922/3 1237/2923/3 1238/2924/3 1241/2925/3
f 145/2552/2 3068/2553/2 3437/2554/2 1203/2555/2 1194/2556/2 1196/952/2 1210/951/2 1211/2557/2
f 1170/2926/3 1062/2927/3 1068/2928/3 1221/2929/3
f 1149/142/3 3229/2930/3 2240/2931/3 3022/2932/3 2190/2933/3 908/2934/3 909/138/3
f 1217/2935/3 1218/2936/3 1220/2937/3 1222/2938/3
f 1221/2555/2 3440/2554/2 3439/2939/2 1258/2940/2
f 1192/116/1 1188/115/1 145/2910/1 193/2941/1 198/2942/1 150/743/1 1195/800/1
f 1170/2943/1 1221/2799/1 1258/2800/1 1251/2944/1
f 1215/2945/1 1208/2946/1 1236/2947/1 1235/2948/1
f 1239/2949/3 1235/2950/3 1236/2951/3 1240/2952/3
f 608/2953/72 1821/2954/72 1822/2955/72 607/2956/72
f 604/2957/73 605/2958/73 1797/2959/73 1790/2960/73
f 613/2961/1 3746/2/1 3747/1/1 3721/2962/1
f 1779/2963/74 611/2964/74 1787/2965/74 1786/2966/74
f 616/2967/6 14/2968/6 12/2969/6 615/2970/6 435/2971/6 3711/2972/6 3713/2973/6 3715/2974/6 3718/2975/6 3719/2976/6
f 1234/2977/3 1227/2978/3 1228/2979/3 1233/2980/3
f 1793/2981/2 1794/2982/2 610/2983/2 609/2984/2
f 1186/2985/3 2987/2986/3 3036/2987/3 1181/2988/3 3156/2989/3 3092/2990/3
f 8/2991/3 613/2992/3 3721/2993/3 3727/2994/3 3730/2974/3 3732/2995/3 1383/2996/3 3723/2997/3 614/2970/3 1/2998/3
f 1193/2999/1 1191/3000/1 1265/3001/1 1249/3002/1
f 607/2956/72 1822/2955/72 482/3003/75 3559/3004/76 1324/3005/72
f 594/3006/1 3667/3007/1 3668/3008/1 3669/3009/1 3670/3010/1 3671/3011/1 3672/3012/1 3673/3013/1 3675/3014/1 3674/3015/1 3676/3016/1 3677/3017/1 3678/3018/1 3679/3019/1 3680/3020/1 3681/3021/1 3634/3022/1 3633/3023/1 1301/3024/1 601/3025/1 14/3026/1 8/3027/1
f 1437/3028/6 1394/3029/6 595/3030/6 3773/3031/6 3774/3032/6 1311/3033/6 62/3034/6 3281/3035/6 1436/3036/6 1434/3037/6 1435/3038/6
f 1228/2863/5 1227/2862/5 1268/2865/5 1254/2864/5
f 1193/3039/3 1209/3040/3 1190/3041/3 1191/3042/3
f 439/3043/1 3737/3044/1 3699/3045/1 3709/3046/1
f 594/3047/1 8/3048/1 1/3049/1 595/3050/1 1394/3051/1 1389/3052/1 940/3053/1 55/3054/1 40/3055/1 3264/3056/1 3265/3057/1 3266/3058/1 3267/3059/1 3268/3060/1 3269/3061/1 3270/3062/1 3271/3063/1 3272/3064/1
f 977/2041/5 910/3065/5 908/3066/5 2190/3067/5 3444/3068/5 3343/3069/5 3443/3070/5 3400/3071/5 2195/3072/5 981/2042/5
f 1202/3073/3 3068/3074/3 3227/3075/3 1201/3076/3 3148/3077/3 3076/3078/3
f 1239/3079/1 1240/3080/1 1282/3081/1 1281/3082/1
f 1199/2909/1 1204/3083/1 1205/3084/1 1208/2946/1 1215/2945/1 167/3085/1 379/3086/1 384/3087/1 145/2910/1
f 1238/3080/5 1237/3079/5 1279/3082/5 1280/3081/5
f 1199/2552/4 1214/2557/4 1213/951/4 1200/952/4 1226/2556/4 1206/2555/4 2192/2554/4 3033/2553/4
f 49/887/6 499/886/6 1381/3088/6 1359/3089/6
f 1229/3090/3 1231/3091/3 1232/3092/3 1230/3093/3
f 1205/3084/1 1204/3083/1 1232/3094/1 1231/3095/1
f 3491/3096/3 3529/3097/3 3527/3098/3 1158/3099/3
f 3438/2527/2 3437/2528/2 3068/2529/2 1202/2530/2 1246/2531/2
f 1182/2552/2 1179/2913/2 3243/2553/2 3441/2554/2 1197/2555/2 1176/2556/2 1177/952/2 1191/951/2 1190/2557/2
f 1268/3100/3 1243/3101/3 1244/3102/3 1254/3103/3
f 1269/3104/3 1272/3105/3 1273/3106/3 1270/3107/3
f 1279/3108/3 1281/3109/3 1282/3110/3 1280/3111/3
f 1263/3112/3 1260/3113/3 1261/3114/3 1264/3115/3
f 1250/3116/3 1249/3117/3 1265/3118/3 1253/3119/3
f 1177/3000/5 1189/2999/5 1250/3002/5 1253/3001/5
f 1191/951/2 1177/952/2 1253/953/2 1265/954/2
f 1189/952/4 1193/951/4 1249/954/4 1250/953/4
f 1224/2555/2 3433/2554/2 3434/2939/2 1278/2940/2
f 1237/952/4 1239/951/4 1281/954/4 1279/953/4
f 1229/2862/1 1230/2863/1 1244/2864/1 1243/2865/1
f 43/952/4 1217/951/4 1260/954/4 1263/953/4
f 1210/951/2 1196/952/2 1270/953/2 1273/954/2
f 1197/2555/2 3441/2554/2 3442/3120/2 1276/2940/2
f 1198/2999/1 1197/3000/1 1276/3001/1 1277/3002/1
f 1230/951/2 1228/952/2 1254/953/2 1244/954/2
f 3033/2529/4 2192/3121/4 2960/3122/4 1245/2531/4 1184/2530/4
f 1203/2555/2 3437/2554/2 3438/3120/2 1271/2940/2
f 3435/3121/2 3059/2529/2 1183/2530/2 1266/2531/2 3436/3122/2
f 1213/2587/1 1210/2588/1 1273/2589/1 1272/2590/1
f 1200/952/4 1213/951/4 1272/954/4 1269/953/4
f 1219/2799/5 43/2943/5 1263/2944/5 1264/2800/5
f 1227/952/4 1229/951/4 1243/954/4 1268/953/4
f 1223/3079/1 1224/3080/1 1278/3081/1 1247/3082/1
f 1201/2530/4 3227/2529/4 3429/3121/4 3430/3122/4 1252/2531/4
f 3439/3122/2 3440/3121/2 2987/2529/2 1186/2530/2 1259/2531/2
f 1216/2555/2 3435/2554/2 3436/2939/2 1275/2940/2
f 1284/3123/4 3533/3124/4 496/3125/4 26/2393/4 1318/3126/4 3532/3127/4 1285/3128/4 1283/972/4 1286/971/4
f 1518/50/1 1521/3129/1 1654/3130/1 1655/51/1
f 1294/942/1 1297/941/1 1599/944/1 1597/943/1
f 1291/3131/4 3535/3132/4 3534/3133/4 1288/3134/4 1290/3135/4 1287/3136/4 1289/3137/4 3539/3138/4 3538/3139/4 1292/3140/4 1293/3141/4 1294/3142/4
f 602/26/3 599/25/3 1564/28/3 1573/27/3
f 1516/904/3 1517/903/3 1653/906/3 1650/905/3
f 599/3143/5 603/3144/5 1562/3145/5 1564/3146/5
f 3627/3147/4 88/3148/4 1306/3149/4 3624/3150/4 3623/3151/4 433/3152/4 1304/3153/4 3628/3154/4
f 1517/3155/5 1515/3156/5 1652/3157/5 1653/3158/5
f 601/3159/6 444/3160/6 3700/962/6 1557/961/6 1556/3161/6 3698/3162/6
f 3742/3163/1 3741/3164/1 3734/3165/1 3739/3166/1
f 3606/3167/4 434/3168/4 596/3169/4 3616/3170/4 3612/3171/4 3613/3172/4 3614/3173/4 431/3174/4 429/3175/4 3605/3176/4
f 1292/942/1 1295/941/1 1598/944/1 1595/943/1
f 1515/903/6 1514/904/6 1651/905/6 1652/906/6
f 3591/3177/4 1332/3178/4 1331/3179/4 3598/3180/4 3597/3181/4 1333/3182/4 1334/3183/4 3590/3184/4
f 3588/3185/4 1336/3186/4 1335/3187/4 3589/3188/4 3542/3189/4 1337/3190/4 1338/3191/4 3543/3192/4
f 261/3193/1 1324/3194/1 3559/3195/1 3560/3196/1 3574/3197/1 3573/3198/1 3572/3199/1 3571/3200/1 3570/3201/1 3569/3202/1 3568/3203/1 27/3204/1 1311/3205/1 3583/3206/1 3542/3207/1 3589/3208/1 3597/3209/1 3598/3210/1 3599/3211/1 3600/3212/1 3601/3213/1 3602/3214/1 3603/3215/1 3615/3216/1 3612/3217/1 3616/3218/1 3617/3219/1 3618/3220/1 3619/3221/1 3620/3222/1 3621/3223/1 3626/3224/1 3627/3225/1 3628/3226/1 3629/3227/1 3581/3228/1 3541/3229/1 3540/3230/1 3537/3231/1 3538/3232/1 3539/3233/1 3532/3234/1 1318/3235/1
f 1399/3236/6 1390/3237/6 1393/3238/6 1348/3239/6
f 1313/25/6 1312/26/6 1567/27/6 1569/28/6
f 27/3240/77 1314/3241/77 3578/3242/77 1311/3243/77
f 1514/3156/1 1516/3244/1 1650/3245/1 1651/3157/1
f 1317/3246/1 261/3247/1 1318/3248/1 266/3249/1 1316/3250/1
f 1323/3251/78 3557/3252/78 606/3253/78 1821/2954/78 608/2953/78
f 1317/3254/6 2127/3255/6 261/3256/6
f 477/3257/4 493/3258/4 1368/3259/4 1363/3260/4
f 1365/3261/2 1392/3262/2 1384/3263/2 1361/3264/2
f 1359/3265/2 1381/3266/2 1342/3267/2 1347/3268/2
f 1482/3269/6 1389/3270/6 1394/3029/6 1437/3028/6
f 536/3271/5 505/3272/5 1354/3273/5 1355/3274/5
f 1386/1065/5 1381/1064/5 499/1063/5 539/1066/5
f 537/1177/4 536/1178/4 1355/3275/4 1350/3276/4
f 1392/3277/6 1365/3278/6 461/3279/6 451/3280/6
f 1357/3281/6 1369/3282/6 488/2134/6 480/2133/6
f 454/3283/4 459/3284/4 1373/3285/4 1375/3286/4
f 1357/3287/5 1367/3288/5 1343/3289/5 1341/3290/5
f 1393/3238/6 1390/3237/6 1397/3291/6 1164/3292/6 1024/3293/6 1120/3294/6 1169/3295/6 1391/3296/6
f 459/3297/4 474/3298/4 1371/3299/4 1373/3300/4
f 1372/3301/1 1344/3302/1 1371/3303/1 1345/3304/1
f 1374/3305/1 1349/3306/1 1344/3307/1 1372/3308/1
f 1002/3309/6 1415/3310/6 1414/3311/6 1412/3312/6 1413/3313/6 1417/3314/6 1416/3315/6 1164/3316/6 1397/3317/6 1382/3318/6 1347/3319/6 1342/3320/6
f 1385/3321/6 1380/3322/6 72/3323/6 38/3324/6
f 1344/3325/79 1361/3326/79 1373/3327/79 1371/3328/79
f 1370/3329/1 1358/3330/1 3576/3331/1 1368/3332/1 1350/3333/1
f 1353/1116/1 1369/1115/1 1358/1118/1 1370/1117/1
f 516/987/4 515/986/4 1378/3334/4 1352/3335/4
f 1380/3336/2 1385/3337/2 1382/3338/2 1397/3339/2
f 1343/2095/6 1372/2094/6 1345/3340/6 1360/3341/6
f 1380/3342/80 1356/511/80 66/167/80 72/3343/80
f 3734/3344/1 3736/3345/1 3703/3346/1 3707/3347/1
f 1356/1003/2 1390/1006/2 1399/3348/2 1362/3349/2
f 1396/2111/6 1370/2110/6 1350/3350/6 1355/3351/6
f 1368/3352/6 3576/3353/6 3575/3354/6 1363/3355/6
f 515/3356/5 445/3357/5 1377/3358/5 1378/3359/5
f 1395/3360/5 1346/3361/5 926/3362/5 960/3363/5
f 1375/3364/6 1373/3365/6 1361/3366/6 1384/3367/6
f 59/3368/4 9/3369/4 1348/3370/4 1393/2153/4 70/2152/4
f 474/3371/1 559/3372/1 1345/3373/1 1371/3374/1
f 1363/3375/5 3575/3376/5 1341/3377/5 1343/3378/5 1360/3379/5
f 1486/33/4 3630/36/4 444/3380/4 601/3381/4 1301/3382/4 1487/3383/4
f 1366/908/5 1376/907/5 442/3384/5 518/3385/5
f 1352/3386/6 1378/3387/6 1351/3388/6 1379/3389/6
f 1375/3390/6 1384/3391/6 1387/3392/6 1377/3393/6
f 1392/1009/2 1376/1012/2 1387/3394/2 1384/3395/2
f 1377/3358/5 1387/910/5 1351/909/5 1378/3359/5
f 1376/3392/6 1392/3391/6 451/3396/6 442/3397/6
f 1346/3398/5 1364/3399/5 930/2288/5 926/2287/5
f 558/3400/5 477/3401/5 1363/3375/5 1360/3379/5
f 1354/3332/5 1175/3402/5 991/3403/5 996/3404/5 1002/3405/5 1342/3330/5 1396/3329/5 1355/3333/5
f 1367/3406/5 1357/3407/5 480/3408/5 561/3409/5
f 1366/1242/81 1398/1241/81 1379/3410/81 1351/3411/81
f 1398/3412/1 516/3413/1 1352/3414/1 1379/3415/1
f 1398/3389/6 1366/3388/6 518/3416/6 520/3417/6 519/3418/6 517/3419/6
f 1369/3420/2 1357/3421/2 1341/3422/2 1358/3423/2
f 493/3272/1 537/3271/1 1350/3274/1 1368/3273/1
f 1349/3424/82 1365/3425/82 1361/3426/82 1344/3427/82
f 343/3428/2 1400/3429/2 1401/3430/2 344/3431/2 348/621/2 347/618/2
f 1402/3432/6 1403/3433/6 1401/3434/6 1400/3435/6
f 49/3436/1 1359/3437/1 1402/3438/1 1400/3439/1 343/3440/1
f 38/3441/5 344/3442/5 1401/3443/5 1403/3444/5 1385/3445/5
f 421/3446/3 934/3447/3 3508/3448/3 3511/3449/3
f 1408/3450/6 1423/3451/6 1419/3452/6 1410/3453/6
f 1391/3454/6 1169/2829/6 1406/2828/6 1408/3450/6 1410/3453/6 1407/3455/6 1409/3456/6 1411/3457/6 1175/3458/6 1354/3459/6
f 1417/3314/6 1413/3313/6 1427/3460/6 1425/3461/6
f 1414/3462/4 1415/3463/4 1672/3464/4 1673/3465/4
f 1423/3466/6 1422/3467/6 1120/3468/6 1024/3469/6 1426/3470/6 1425/3471/6 1427/3472/6 1429/3473/6 1424/3474/6 1428/3475/6 996/3476/6 991/3477/6 1421/3478/6 1420/3479/6 1418/3480/6 1419/3481/6
f 1430/3482/4 1432/3483/4 1685/3484/4 1683/3485/4
f 1557/3486/5 1555/3487/5 1773/3488/5 1772/3489/5
f 1451/3490/4 1450/3491/4 1708/3492/4 1709/3493/4
f 1554/3487/1 1556/3486/1 1770/3489/1 1771/3488/1
f 1453/3494/5 1455/3495/5 1706/3496/5 1707/3497/5
f 1412/3312/6 1414/3311/6 1424/3498/6 1429/3499/6
f 1553/3500/4 1552/3501/4 1768/3502/4 1766/3503/4
f 1441/3504/6 1440/3505/6 1432/3506/6 1431/3507/6
f 1435/3038/6 1434/3037/6 1483/3508/6 1485/3509/6
f 1456/3495/1 1452/3494/1 1705/3497/1 1704/3496/1
f 1466/3510/5 1470/3511/5 1726/3512/5 1725/3513/5
f 1467/3514/4 1468/3515/4 1723/3516/4 1721/3517/4
f 1449/3518/6 1447/3519/6 1443/3520/6 1445/3521/6
f 1431/3490/4 1433/3491/4 1686/3492/4 1687/3493/4
f 1416/3522/4 1417/3523/4 1670/3524/4 1671/3525/4
f 1457/3526/6 1455/3527/6 1453/3528/6 1451/3529/6
f 1551/3501/2 1550/3500/2 1767/3503/2 1769/3502/2
f 1465/3530/6 1463/3531/6 1458/3532/6 1461/3533/6
f 1432/3534/5 1440/3535/5 1684/3536/5 1685/3537/5
f 1552/3538/5 1551/3539/5 1769/3540/5 1768/3541/5
f 1469/3490/4 1466/3491/4 1725/3492/4 1724/3493/4
f 1471/3542/6 1468/3543/6 1469/3544/6 1473/3545/6
f 1550/3539/1 1553/3538/1 1766/3541/1 1767/3540/1
f 1447/3546/2 1448/3547/2 1698/3548/2 1696/3549/2
f 1478/3550/6 1476/3551/6 1477/3552/6 1481/3553/6
f 1549/3500/4 1548/3501/4 1764/3502/4 1762/3503/4
f 1418/3554/6 1420/3555/6 1409/3456/6 1407/3455/6
f 1446/3491/2 1449/3490/2 1703/3493/2 1702/3492/2
f 1291/3556/6 1294/3557/6 1597/3558/6 1596/3559/6
f 3634/3560/4 1490/3561/4 1491/3562/4 3635/3563/4 3632/35/4 1489/34/4 1488/3564/4 3633/3565/4
f 1312/260/1 1309/259/1 1568/262/1 1567/261/1
f 3680/3566/4 1494/3567/4 1495/3568/4 3640/3569/4 3638/2065/4 1493/2064/4 1492/3570/4 3681/3571/4
f 1512/904/3 1513/3572/3 1649/3573/3 1646/905/3
f 470/3574/1 566/3575/1 3651/3576/1 3653/3577/1
f 1293/25/6 1292/3578/6 1595/3579/6 1594/28/6
f 462/3580/40 470/3581/40 3653/3582/40 3655/3583/40
f 434/3584/5 597/3585/5 1581/3586/5 1584/3587/5
f 500/1129/5 3662/1266/5 3636/3588/5 3641/1130/5
f 1513/3589/5 1511/3590/5 1648/3591/5 1649/3592/5
f 481/1129/5 3659/3593/5 1388/3594/5 3650/1130/5
f 603/25/6 1299/26/6 1563/27/6 1562/28/6
f 3650/3595/6 3653/3596/6 3651/3597/6 3639/3598/6
f 1296/941/5 1293/942/5 1594/943/5 1593/3599/5
f 543/3600/4 545/3601/4 3645/3602/4 3647/3603/4
f 1511/3572/6 1510/904/6 1647/905/6 1648/3573/6
f 3694/3604/6 1549/3605/6 1546/3606/6 3693/3607/6
f 1439/3608/1 1430/3534/1 1683/3537/1 1682/3609/1
f 3721/3610/1 3747/3611/1 3744/3612/1 3727/3613/1
f 1468/3510/5 1471/3511/5 1722/3512/5 1723/3513/5
f 1569/3614/4 1567/3615/4 1568/3616/4 1570/3617/4
f 3730/3618/1 3740/3619/1 3745/3620/1 3732/3621/1
f 1547/3501/2 1546/3500/2 1763/3503/2 1765/3502/2
f 1383/3622/1 3743/3623/1 3741/3164/1 3723/3624/1
f 1484/3625/4 1483/3626/4 1736/3627/4 1737/3628/4
f 3718/3629/1 1799/3630/1 1795/3631/1 1806/3632/1 3719/3633/1
f 1548/3634/5 1547/3635/5 1765/3636/5 1764/3637/5
f 3715/3638/1 1794/3639/1 1799/3630/1 3718/3629/1
f 1449/3640/1 1445/3641/1 1701/3642/1 1703/3643/1
f 3707/3347/1 3703/3346/1 1785/3644/1 1805/3645/1 1782/3646/1
f 1472/3511/1 1467/3510/1 1721/3513/1 1720/3512/1
f 3709/3046/1 3699/3045/1 3726/3647/1 1801/3648/1 1793/3649/1
f 1546/3635/1 1549/3634/1 1762/3637/1 1763/3636/1
f 490/928/1 3705/927/1 1777/3650/1 1804/3651/1
f 1545/3500/4 1544/3501/4 1760/3502/4 1758/3503/4
f 1613/3652/4 1605/3653/4 1606/3654/4 1608/3655/4
f 1571/3656/4 1572/3657/4 1602/3658/4 1580/3659/4
f 1578/3660/4 1577/3661/4 1601/3662/4 1579/3663/4
f 1583/3664/4 1584/3665/4 1581/3666/4 1582/3667/4
f 1607/3668/4 1576/3669/4 1574/3670/4 1575/3671/4
f 1586/3672/4 1589/3673/4 1591/3674/4 1585/3675/4
f 1592/3676/4 1590/3677/4 1587/3678/4 1588/3679/4
f 1594/3680/4 1595/3681/4 1598/3682/4 1593/3683/4
f 1599/3684/4 1600/3685/4 1596/3686/4 1597/3687/4
f 1566/3688/4 1565/3689/4 1604/3690/4 1603/3691/4
f 1573/3692/4 1564/3693/4 1562/3694/4 1563/3695/4
f 1560/3696/4 1558/3697/4 1559/3698/4 1561/3699/4
f 1617/3700/4 1614/3701/4 1615/3702/4 1616/3703/4
f 1610/3704/4 1612/3705/4 1611/3706/4 1609/3707/4
f 1621/3708/4 1618/3709/4 1619/3710/4 1620/3711/4
f 1624/3712/4 1623/3713/4 1622/3714/4 1625/3715/4
f 1628/3716/4 1627/3717/4 1626/3718/4 1629/3719/4
f 1632/3720/4 1631/3721/4 1630/3722/4 1633/3723/4
f 1636/3724/4 1635/3725/4 1634/3726/4 1637/3727/4
f 1640/3728/4 1639/3729/4 1638/3730/4 1641/3731/4
f 1644/3732/4 1643/3733/4 1642/3734/4 1645/3735/4
f 1648/3736/4 1647/3737/4 1646/3738/4 1649/3739/4
f 1652/3740/4 1651/3741/4 1650/3742/4 1653/3743/4
f 1656/3744/4 1655/3745/4 1654/3746/4 1657/3747/4
f 1295/3578/3 1296/25/3 1593/28/3 1598/3579/3
f 1487/3748/1 1488/3749/1 1622/3750/1 1623/3751/1
f 1331/26/3 1332/25/3 1612/28/3 1610/27/3
f 1521/904/3 1520/903/3 1657/906/3 1654/905/3
f 1297/3752/3 1298/3556/3 1600/3559/3 1599/3753/3
f 1486/3754/6 1487/3755/6 1623/905/6 1624/906/6
f 429/25/6 431/26/6 1579/27/6 1601/28/6
f 1336/3756/5 1334/3757/5 1615/3758/5 1614/3759/5
f 426/3760/5 429/3761/5 1601/3762/5 1577/3763/5
f 1489/3749/5 1486/3748/5 1624/3751/5 1625/3750/5
f 1334/25/6 1333/26/6 1616/27/6 1615/28/6
f 1302/26/3 1300/25/3 1565/28/3 1566/27/3
f 1488/3755/3 1489/3754/3 1625/906/3 1622/905/3
f 1333/3764/1 1335/3765/1 1617/3766/1 1616/3758/1
f 1490/3767/1 1492/3768/1 1626/3769/1 1627/3770/1
f 1299/3771/1 602/3143/1 1573/3146/1 1563/3772/1
f 596/26/3 434/25/3 1584/28/3 1583/27/3
f 1335/26/3 1336/25/3 1614/28/3 1617/27/3
f 1304/26/3 433/25/3 1580/28/3 1602/27/3
f 1491/3754/6 1490/3755/6 1627/905/6 1628/906/6
f 1340/3773/5 1338/3774/5 1619/3775/5 1618/3776/5
f 1305/3777/1 1302/3778/1 1566/3779/1 1603/3780/1
f 1493/3768/5 1491/3781/5 1628/3782/5 1629/3769/5
f 1338/25/6 1337/26/6 1620/3783/6 1619/3784/6
f 1492/3755/3 1493/3754/3 1629/906/3 1626/905/3
f 1337/3785/1 1339/3773/1 1621/3776/1 1620/3786/1
f 1300/3778/5 1303/3777/5 1604/3780/5 1565/3779/5
f 1494/3787/1 1496/3788/1 1630/3789/1 1631/3790/1
f 33/25/6 34/26/6 1575/27/6 1574/28/6
f 1339/26/3 1340/25/3 1618/3784/3 1621/3783/3
f 31/3791/5 33/3792/5 1574/3793/5 1576/3794/5
f 1495/3754/6 1494/3755/6 1631/905/6 1632/906/6
f 1307/3795/1 1304/3796/1 1602/3797/1 1572/3798/1
f 1303/25/6 1305/26/6 1603/27/6 1604/28/6
f 88/3799/1 35/3800/1 1559/3801/1 1558/3802/1
f 1497/3803/5 1495/3804/5 1632/3805/5 1633/3806/5
f 1328/3807/5 1326/3808/5 1606/3809/5 1605/3810/5
f 1496/3755/3 1497/3754/3 1633/906/3 1630/905/3
f 427/26/3 426/25/3 1577/28/3 1578/27/3
f 82/3811/5 1306/3812/5 1560/3813/5 1561/3814/5
f 1287/3815/5 1283/3816/5 1586/3817/5 1585/3818/5
f 1498/3819/1 1500/3820/1 1634/3821/1 1635/3822/1
f 32/26/3 31/25/3 1576/28/3 1607/27/3
f 1499/3754/6 1498/3755/6 1635/905/6 1636/906/6
f 1326/25/6 1325/26/6 1608/27/6 1606/28/6
f 1501/3820/5 1499/3819/5 1636/3822/5 1637/3821/5
f 34/3823/1 32/3791/1 1607/3794/1 1575/3824/1
f 1500/3755/3 1501/3754/3 1637/906/3 1634/905/3
f 1306/25/6 88/26/6 1558/27/6 1560/28/6
f 1284/3556/6 1286/3557/6 1588/3558/6 1587/3559/6
f 1330/3825/1 1331/3826/1 1610/3827/1 1609/3828/1
f 1503/3829/1 1504/3830/1 1638/3831/1 1639/3832/1
f 1329/25/6 1330/26/6 1609/27/6 1611/28/6
f 1309/26/3 1310/25/3 1570/28/3 1568/27/3
f 1283/25/6 1285/3578/6 1589/3579/6 1586/28/6
f 1502/3833/6 1503/3755/6 1639/905/6 1640/3573/6
f 431/3761/1 427/3760/1 1578/3763/1 1579/3762/1
f 1332/3826/5 1329/3825/5 1611/3828/5 1612/3827/5
f 1505/3834/5 1502/3835/5 1640/3836/5 1641/3837/5
f 1327/26/3 1328/25/3 1605/28/3 1613/27/3
f 1288/3815/5 1284/3816/5 1587/3817/5 1590/3818/5
f 1504/904/3 1505/3572/3 1641/3573/3 1638/905/3
f 1506/3838/1 1508/3839/1 1642/3840/1 1643/3841/1
f 1285/3816/1 1289/3815/1 1591/3818/1 1589/3817/1
f 1286/3816/1 1290/3815/1 1592/3818/1 1588/3817/1
f 1325/3842/1 1327/3843/1 1613/3844/1 1608/3845/1
f 1507/3572/6 1506/904/6 1643/905/6 1644/3573/6
f 433/3796/5 1308/3795/5 1571/3798/5 1580/3797/5
f 1290/3557/3 1288/3556/3 1590/3559/3 1592/3558/3
f 597/25/6 598/26/6 1582/27/6 1581/28/6
f 1509/3839/5 1507/3838/5 1644/3841/5 1645/3840/5
f 1508/904/3 1509/3572/3 1645/3573/3 1642/905/3
f 1289/3578/3 1287/25/3 1585/28/3 1591/3579/3
f 1510/3846/1 1512/3847/1 1646/3848/1 1647/3849/1
f 598/3585/1 596/3584/1 1583/3587/1 1582/3586/1
f 1671/3850/6 1670/3851/6 1677/3852/6 1678/3853/6
f 1673/3854/6 1672/3855/6 1680/3856/6 1676/3857/6
f 1675/3858/6 1674/3859/6 1681/3860/6 1679/3861/6
f 1664/3862/6 1668/3863/6 1669/3864/6 1665/3865/6
f 1658/3866/6 1662/3867/6 1663/3868/6 1659/3869/6
f 1666/3870/6 1660/3871/6 1661/3872/6 1667/3873/6
f 1687/3874/6 1686/3875/6 1694/3876/6 1695/3877/6
f 1692/3878/6 1693/3879/6 1737/3880/6 1736/3881/6
f 1684/3882/6 1682/3883/6 1683/3884/6 1685/3885/6
f 1701/3886/6 1700/3887/6 1702/3888/6 1703/3889/6
f 1696/3890/6 1698/3891/6 1699/3892/6 1697/3893/6
f 1709/3894/6 1708/3895/6 1710/3896/6 1711/3897/6
f 1706/3898/6 1704/3899/6 1705/3900/6 1707/3901/6
f 1717/3902/6 1716/3903/6 1718/3904/6 1719/3905/6
f 1712/3906/6 1714/3907/6 1715/3908/6 1713/3909/6
f 1724/3910/6 1725/3911/6 1726/3912/6 1727/3913/6
f 1722/3914/6 1720/3915/6 1721/3916/6 1723/3917/6
f 1733/3918/6 1732/3919/6 1734/3920/6 1735/3921/6
f 1730/3922/6 1728/3923/6 1729/3924/6 1731/3925/6
f 1688/3926/6 1690/3927/6 1691/3928/6 1689/3929/6
f 1738/3930/6 1740/3931/6 1741/3932/6 1739/3933/6
f 1744/3934/6 1742/3935/6 1743/3936/6 1745/3937/6
f 1748/3938/6 1746/3939/6 1747/3940/6 1749/3941/6
f 1752/3942/6 1750/3943/6 1751/3944/6 1753/3945/6
f 1754/3946/6 1756/3947/6 1757/3948/6 1755/3949/6
f 1758/3950/6 1760/3951/6 1761/3952/6 1759/3953/6
f 1762/3954/6 1764/3955/6 1765/3956/6 1763/3957/6
f 1766/3958/6 1768/3959/6 1769/3960/6 1767/3961/6
f 1770/3962/6 1772/3963/6 1773/3964/6 1771/3965/6
f 1555/3501/2 1554/3500/2 1771/3503/2 1773/3502/2
f 1473/3511/1 1469/3510/1 1724/3513/1 1727/3512/1
f 1413/3966/4 1412/3967/4 1674/3968/4 1675/3969/4
f 1522/3970/1 1524/3971/1 1738/3972/1 1739/3973/1
f 1435/3974/1 1485/3975/1 1688/3976/1 1689/3977/1
f 1525/3971/5 1523/3970/5 1741/3973/5 1740/3972/5
f 1452/3978/4 1453/3979/4 1707/3980/4 1705/3981/4
f 1556/3500/4 1557/3501/4 1772/3502/4 1770/3503/4
f 1523/3501/2 1522/3500/2 1739/3503/2 1741/3502/2
f 1450/3494/5 1454/3495/5 1710/3496/5 1708/3497/5
f 1482/3975/5 1437/3974/5 1691/3977/5 1690/3976/5
f 1471/3982/2 1472/3983/2 1720/3984/2 1722/3985/2
f 1437/3491/2 1435/3490/2 1689/3493/2 1691/3492/2
f 1470/3491/2 1473/3490/2 1727/3493/2 1726/3492/2
f 1524/3500/4 1525/3501/4 1740/3502/4 1738/3503/4
f 1529/3986/5 1526/3987/5 1743/3988/5 1742/3989/5
f 1480/3990/1 1475/3991/1 1729/3992/1 1728/3993/1
f 1527/3987/1 1528/3986/1 1744/3989/1 1745/3988/1
f 1457/3495/1 1451/3494/1 1709/3497/1 1711/3496/1
f 1526/3501/2 1527/3500/2 1745/3503/2 1743/3502/2
f 1434/3994/2 1436/3995/2 1693/3996/2 1692/3997/2
f 1433/3534/5 1438/3998/5 1694/3999/5 1686/3537/5
f 1476/3991/5 1478/3990/5 1730/3993/5 1731/3992/5
f 1420/4000/4 1421/4001/4 1668/4002/4 1664/4003/4
f 1454/3491/2 1457/3490/2 1711/3493/2 1710/3492/2
f 1528/3500/4 1529/3501/4 1742/3502/4 1744/3503/4
f 1533/4004/5 1530/4005/5 1747/4006/5 1746/4007/5
f 1455/3979/2 1456/4008/2 1704/4009/2 1706/3980/2
f 1477/3490/4 1474/3491/4 1732/3492/4 1733/3493/4
f 1422/4010/4 1423/4011/4 1662/4012/4 1658/4013/4
f 1531/4005/1 1532/4004/1 1748/4007/1 1749/4006/1
f 1458/4014/5 1463/4015/5 1712/4016/5 1713/4017/5
f 1419/4018/4 1418/4019/4 1660/4020/4 1666/4021/4
f 1530/3501/2 1531/3500/2 1749/3503/2 1747/3502/2
f 1441/3998/1 1431/3534/1 1687/3537/1 1695/3999/1
f 1438/3491/2 1441/3490/2 1695/3493/2 1694/3492/2
f 1475/4022/4 1476/3982/4 1731/3985/4 1729/4023/4
f 1464/4024/1 1460/4014/1 1715/4025/1 1714/4026/1
f 1532/3500/4 1533/3501/4 1746/3502/4 1748/3503/4
f 1474/3991/5 1479/3990/5 1734/3993/5 1732/3992/5
f 1424/4027/1 1414/4028/1 1673/4029/1 1676/4030/1
f 1537/4031/5 1534/4032/5 1751/4033/5 1750/4034/5
f 1417/4028/5 1425/4027/5 1677/4030/5 1670/4029/5
f 1535/4032/1 1536/4031/1 1752/4034/1 1753/4033/1
f 1406/4035/83 1422/4036/83 1658/4037/83 1659/4038/83
f 1440/4039/2 1439/4040/2 1682/4041/2 1684/4042/2
f 1534/3501/2 1535/3500/2 1753/3503/2 1751/3502/2
f 1426/4027/83 1416/4028/83 1671/4029/83 1678/4030/83
f 1418/4036/5 1407/4043/5 1661/4044/5 1660/4037/5
f 1443/3641/5 1447/3640/5 1696/3643/5 1697/3642/5
f 1481/3990/1 1477/3991/1 1733/3992/1 1735/3993/1
f 1461/3490/4 1459/3491/4 1716/3492/4 1717/3493/4
f 1423/4036/5 1408/4035/5 1663/4038/5 1662/4037/5
f 1427/4027/1 1413/4028/1 1675/4029/1 1679/4030/1
f 1536/3500/4 1537/3501/4 1750/3502/4 1752/3503/4
f 1460/4045/4 1458/4046/4 1713/4047/4 1715/4048/4
f 1409/4043/1 1420/4036/1 1664/4037/1 1665/4044/1
f 1415/4049/5 1428/4027/5 1680/4030/5 1672/4050/5
f 1538/4051/1 1540/4052/1 1754/4053/1 1755/4054/1
f 1459/4055/5 1462/4015/5 1718/4016/5 1716/4017/5
f 1410/4043/1 1419/4036/1 1666/4037/1 1667/4044/1
f 1448/3640/1 1444/3641/1 1699/3642/1 1698/4056/1
f 1541/4052/5 1539/4051/5 1757/4054/5 1756/4053/5
f 1478/3626/2 1480/4057/2 1728/4058/2 1730/3627/2
f 1412/4028/5 1429/4027/5 1681/4030/5 1674/4029/5
f 1539/3501/2 1538/3500/2 1755/3503/2 1757/3502/2
f 1421/4036/5 1411/4043/5 1669/4044/5 1668/4037/5
f 1445/3490/4 1442/3491/4 1700/3492/4 1701/3493/4
f 1479/3491/2 1481/3490/2 1735/3493/2 1734/3492/2
f 1428/3463/2 1424/3462/2 1676/3465/2 1680/3464/2
f 1408/3523/2 1406/3522/2 1659/3525/2 1663/3524/2
f 1483/3975/5 1434/3974/5 1692/3977/5 1736/3976/5
f 1540/3500/4 1541/3501/4 1756/3502/4 1754/3503/4
f 1465/4015/1 1461/4014/1 1717/4017/1 1719/4016/1
f 1542/4059/1 1545/4060/1 1758/4061/1 1759/4062/1
f 1444/4063/4 1443/3546/4 1697/3549/4 1699/4064/4
f 1544/4060/5 1543/4059/5 1761/4062/5 1760/4061/5
f 1425/3523/2 1426/3522/2 1678/3525/2 1677/3524/2
f 1462/3491/2 1465/3490/2 1719/3493/2 1718/3492/2
f 1442/3641/5 1446/3640/5 1702/3643/5 1700/3642/5
f 1436/3974/1 1484/3975/1 1737/3976/1 1693/3977/1
f 1543/3501/2 1542/3500/2 1759/3503/2 1761/3502/2
f 1429/3967/2 1427/3966/2 1679/3969/2 1681/3968/2
f 1411/3463/2 1409/3462/2 1665/3465/2 1669/3464/2
f 1463/3515/2 1464/4065/2 1714/4066/2 1712/3516/2
f 1407/3967/2 1410/3966/2 1667/3969/2 1661/3968/2
f 1485/3490/4 1482/3491/4 1690/3492/4 1688/3493/4
f 3559/4067/76 482/4068/75 606/4069/35 3557/4070/35 3558/4071/35 472/4072/35 463/4073/36 3560/4074/76
f 1794/4075/3 1798/4076/3 1803/4077/3 610/4078/3
f 1795/4079/3 1799/4080/3 1778/4081/3 1787/4082/3
f 1782/4083/1 1780/4084/1 1775/4085/1 1776/4086/1
f 1819/4087/84 1820/4088/84 1842/4089/84 1841/4090/84
f 1789/4091/6 1800/4092/6 1802/4093/6 1784/4094/6
f 1805/4095/6 1785/4096/6 604/4097/6 1790/4098/6
f 1785/2981/2 1783/4099/2 605/4100/2 604/2984/2
f 1806/4101/3 1795/4079/3 1787/4082/3 611/4102/3
f 1783/4103/3 1807/4104/3 1797/4105/3 605/4106/3
f 1798/4076/3 1792/4107/3 1781/4108/3 1803/4077/3
f 1799/4109/4 1801/2981/4 612/2984/4 1778/4110/4
f 1801/4111/6 3726/4112/6 1791/4113/6 1786/4114/6 612/4115/6
f 1802/4116/85 1803/4117/85 1781/4118/85 1784/4119/85
f 1800/4092/6 1793/4120/6 609/4078/6 1802/4093/6
f 1807/4104/3 1780/4121/3 1796/4122/3 1797/4105/3
f 1782/4123/6 1805/4095/6 1790/4098/6 1788/4124/6
f 1791/4113/6 1804/4125/6 1779/4126/6 1786/4114/6
f 1792/4127/4 1789/2981/4 1784/2984/4 1781/4128/4
f 1780/4129/86 1782/4130/86 1788/4131/86 1796/4132/86
f 1804/2981/87 1806/4133/87 611/4134/87 1779/2984/87
f 609/4135/88 610/4136/88 1803/4137/88 1802/4138/88
f 1789/4139/1 1792/4140/1 1783/4141/1 1785/4142/1
f 939/4143/3 938/4144/3 934/4145/3 421/4146/3
f 1801/4147/1 1799/4148/1 1794/4149/1 1793/4150/1
f 1777/4151/1 1774/4152/1 1806/4153/1 1804/4154/1
f 1786/4155/89 1787/4156/89 1778/4157/89 612/4158/89
f 472/4159/4 455/4160/4 1831/4161/4 1823/4162/4
f 1836/4163/72 1835/4164/72 1837/4165/72 1838/4166/72
f 1824/4167/72 1823/4168/72 1831/4169/72 1832/4170/72
f 1825/4171/72 1827/4172/72 1828/4173/72 1826/4174/72
f 1840/4175/72 1839/4176/72 1841/4177/72 1842/4178/72
f 1833/4179/72 1834/4180/72 1829/4181/72 1830/4182/72
f 1815/4183/90 1816/4184/90 1838/4185/90 1837/4186/90
f 1811/4187/91 1812/4188/91 1826/4189/91 1828/4190/91
f 1822/4191/92 1821/4192/92 1834/4193/92 1833/4194/92
f 482/4195/2 1822/4196/2 1833/4197/2 1830/4198/2
f 1812/4199/2 1810/4200/2 1825/4201/2 1826/4202/2
f 1810/4203/93 1809/4204/93 1827/4205/93 1825/4206/93
f 455/4207/94 1808/4208/94 1832/4209/94 1831/4210/94
f 1818/4211/95 1817/4212/95 1839/4213/95 1840/4214/95
f 1809/4215/4 1811/4216/4 1828/4217/4 1827/4218/4
f 1817/4219/4 1819/4220/4 1841/4221/4 1839/4222/4
f 1814/4223/96 1813/4224/96 1835/4225/96 1836/4226/96
f 1808/4227/2 463/4228/2 1824/4229/2 1832/4230/2
f 1820/4231/2 1818/4232/2 1840/4233/2 1842/4234/2
f 1813/4235/4 1815/4236/4 1837/4237/4 1835/4238/4
f 463/4239/97 472/4240/97 1823/4241/97 1824/4242/97
f 1843/4243/98 1844/4244/98 1846/4245/98 1845/4246/98
f 1845/4246/99 1846/4245/99 1848/4247/99 1847/4248/99
f 1847/4248/100 1848/4247/100 1850/4249/100 1849/4250/100
f 1849/4250/101 1850/4249/101 1852/4251/101 1851/4252/101
f 1851/4252/102 1852/4251/102 1854/4253/102 1853/4254/102
f 1853/4254/103 1854/4253/103 1856/4255/103 1855/4256/103
f 1855/4256/104 1856/4255/104 1858/4257/104 1857/4258/104
f 1857/4258/105 1858/4257/105 1860/4259/105 1859/4260/105
f 1859/4260/106 1860/4259/106 1862/4261/106 1861/4262/106
f 1861/4262/107 1862/4261/107 1864/4263/107 1863/4264/107
f 1863/4264/108 1864/4263/108 1866/4265/108 1865/4266/108
f 1865/4266/109 1866/4265/109 1868/4267/109 1867/4268/109
f 1867/4268/110 1868/4267/110 1870/4269/110 1869/4270/110
f 1869/4270/111 1870/4269/111 1872/4271/111 1871/4272/111
f 1871/4272/112 1872/4271/112 1874/4273/112 1873/4274/112
f 1873/4274/113 1874/4273/113 1876/4275/113 1875/4276/113
f 1875/4276/114 1876/4275/114 1878/4277/114 1877/4278/114
f 1877/4278/115 1878/4277/115 1880/4279/115 1879/4280/115
f 1879/4280/116 1880/4279/116 1882/4281/116 1881/4282/116
f 1881/4282/117 1882/4281/117 1884/4283/117 1883/4284/117
f 1883/4284/118 1884/4283/118 1886/4285/118 1885/4286/118
f 1885/4286/119 1886/4285/119 1888/4287/119 1887/4288/119
f 1887/4288/120 1888/4287/120 1890/4289/120 1889/4290/120
f 1889/4290/121 1890/4289/121 1892/4291/121 1891/4292/121
f 1891/4292/122 1892/4291/122 1894/4293/122 1893/4294/122
f 1893/4294/123 1894/4293/123 1896/4295/123 1895/4296/123
f 1895/4296/124 1896/4295/124 1898/4297/124 1897/4298/124
f 1897/4298/125 1898/4297/125 1900/4299/125 1899/4300/125
f 1899/4300/126 1900/4299/126 1902/4301/126 1901/4302/126
f 1901/4302/127 1902/4301/127 1904/4303/127 1903/4304/127
f 1864/4305/128 1862/4306/128 1916/4307/128 1917/4308/128
f 1903/4304/129 1904/4303/129 1906/4309/129 1905/4310/129
f 1905/4310/130 1906/4309/130 1844/4244/130 1843/4243/130
f 1907/4311/2 1908/4312/2 1938/4313/2 1937/4314/2 1936/4315/2 1935/4316/2 1934/4317/2 1933/4318/2 1932/4319/2 1931/4320/2 1930/4321/2 1929/4322/2 1928/4323/2 1927/4324/2 1926/4325/2 1925/4326/2 1924/4327/2 1923/4328/2 1922/4329/2 1921/4330/2 1920/4331/2 1919/4332/2 1918/4333/2 1917/4334/2 1916/4335/2 1915/4336/2 1914/4337/2 1913/4338/2 1912/4339/2 1911/4340/2 1910/4341/2 1909/4342/2
f 1882/4343/131 1880/4344/131 1925/4345/131 1926/4346/131
f 1900/4347/132 1898/4348/132 1934/4349/132 1935/4350/132
f 1856/4351/133 1854/4352/133 1912/4353/133 1913/4354/133
f 1874/4355/134 1872/4356/134 1921/4357/134 1922/4358/134
f 1892/4359/135 1890/4360/135 1930/4361/135 1931/4362/135
f 1848/4363/136 1846/4364/136 1907/4365/136 1909/4366/136
f 1866/4367/137 1864/4305/137 1917/4308/137 1918/4368/137
f 1884/4369/138 1882/4343/138 1926/4346/138 1927/4370/138
f 1902/4371/139 1900/4347/139 1935/4350/139 1936/4372/139
f 1858/4373/140 1856/4351/140 1913/4354/140 1914/4374/140
f 1876/4375/141 1874/4355/141 1922/4358/141 1923/4376/141
f 1894/4377/142 1892/4359/142 1931/4362/142 1932/4378/142
f 1850/4379/143 1848/4380/143 1909/4381/143 1910/4382/143
f 1868/4383/144 1866/4367/144 1918/4368/144 1919/4384/144
f 1886/4385/145 1884/4369/145 1927/4370/145 1928/4386/145
f 1904/4387/146 1902/4388/146 1936/4389/146 1937/4390/146
f 1860/4391/147 1858/4373/147 1914/4374/147 1915/4392/147
f 1878/4393/148 1876/4375/148 1923/4376/148 1924/4394/148
f 1896/4395/149 1894/4377/149 1932/4378/149 1933/4396/149
f 1852/4397/150 1850/4379/150 1910/4382/150 1911/4398/150
f 1870/4399/151 1868/4383/151 1919/4384/151 1920/4400/151
f 1888/4401/152 1886/4385/152 1928/4386/152 1929/4402/152
f 1906/4403/153 1904/4387/153 1937/4390/153 1938/4404/153
f 1862/4405/154 1860/4391/154 1915/4392/154 1916/4406/154
f 1880/4344/155 1878/4393/155 1924/4394/155 1925/4345/155
f 1898/4348/156 1896/4395/156 1933/4396/156 1934/4349/156
f 1854/4352/157 1852/4397/157 1911/4398/157 1912/4353/157
f 1872/4356/158 1870/4399/158 1920/4400/158 1921/4357/158
f 1890/4360/159 1888/4401/159 1929/4402/159 1930/4361/159
f 1846/4364/160 1844/4407/160 1908/4408/160 1907/4365/160
f 1844/4407/161 1906/4403/161 1938/4404/161 1908/4408/161
f 2018/4409/4 2057/4410/4 2058/4411/4 2059/4412/4 2061/4413/4 2046/4414/4 2020/4415/4
f 2020/4416/3 2046/4417/3 2040/4418/3 2024/4419/3
f 2024/4415/2 2040/4414/2 2052/4413/2 2062/4412/2 2063/4411/2 2048/4410/2 2022/4409/2
f 2022/4419/6 2048/4418/6 2057/4417/6 2018/4416/6
f 2042/4420/3 2028/4421/3 2081/4422/3 2085/4423/3
f 2047/4424/4 2053/4425/4 2092/4426/4 2093/4427/4
f 2032/4428/6 2043/4429/6 2076/4430/6 2074/4431/6
f 2037/4432/2 2019/4433/2 2086/4434/2 2087/4435/2
f 2045/4436/2 2038/4437/2 2090/4438/2 2091/4439/2
f 2031/4440/3 2044/4441/3 2079/4442/3 2072/4443/3
f 2019/4444/3 2050/4445/3 2083/4446/3 2086/4447/3
f 2060/4437/4 2055/4436/4 2088/4439/4 2089/4438/4
f 2033/4448/1 2026/4449/1 2059/4450/1 2058/4451/1
f 2025/4452/1 2034/4453/1 2052/4454/1 2040/4455/1
f 2031/4456/1 2021/4457/1 2046/4458/1 2061/4459/1
f 2032/4460/1 2023/4461/1 2048/4462/1 2063/4463/1
f 2051/4464/1 2041/4465/1 2052/4454/1 2034/4453/1 2036/4466/1 2027/4467/1 2025/4452/1 2040/4455/1 2046/4458/1 2021/4457/1 2039/4468/1 2044/4469/1 2031/4456/1 2061/4459/1 2045/4470/1 2055/4471/1 2060/4472/1 2038/4473/1 2059/4450/1 2026/4449/1 2030/4474/1 2035/4475/1 2033/4448/1 2058/4451/1 2037/4476/1 2049/4477/1 2050/4478/1 2019/4479/1 2057/4480/1 2048/4462/1 2023/4461/1 2029/4481/1 2043/4482/1 2032/4460/1 2063/4463/1 2047/4483/1 2054/4484/1 2056/4485/1 2053/4486/1 2062/4487/1 2028/4488/1 2042/4489/1
f 2041/4465/1 2028/4488/1 2062/4487/1 2052/4454/1
f 2019/4479/1 2037/4476/1 2058/4451/1 2057/4480/1
f 2038/4473/1 2045/4470/1 2061/4459/1 2059/4450/1
f 2053/4486/1 2047/4483/1 2063/4463/1 2062/4487/1
f 2078/4490/1 2073/4491/1 2072/4492/1 2079/4493/1
f 2080/4494/1 2084/4495/1 2085/4496/1 2081/4497/1
f 2067/4498/1 2066/4499/1 2071/4500/1 2068/4501/1
f 2074/4502/1 2076/4503/1 2077/4504/1 2075/4505/1
f 2092/4506/1 2094/4507/1 2095/4508/1 2093/4509/1
f 2082/4510/1 2087/4511/1 2086/4512/1 2083/4513/1
f 2069/4514/1 2065/4515/1 2064/4516/1 2070/4517/1
f 2088/4518/1 2091/4519/1 2090/4520/1 2089/4521/1
f 2056/4425/2 2054/4424/2 2095/4427/2 2094/4426/2
f 2041/4421/6 2051/4420/6 2084/4423/6 2080/4422/6
f 2053/4522/6 2056/4523/6 2094/4524/6 2092/4525/6
f 2049/4445/6 2037/4444/6 2087/4447/6 2082/4446/6
f 2038/4526/3 2060/4527/3 2089/4528/3 2090/4529/3
f 2026/4530/2 2033/4531/2 2064/4532/2 2065/4533/2
f 2055/4527/6 2045/4526/6 2091/4529/6 2088/4528/6
f 2025/4534/6 2027/4535/6 2066/4536/6 2067/4537/6
f 2054/4523/3 2047/4522/3 2093/4525/3 2095/4524/3
f 2034/4538/4 2025/4539/4 2067/4540/4 2068/4541/4
f 2021/4542/2 2031/4543/2 2072/4544/2 2073/4545/2
f 2035/4531/4 2030/4530/4 2069/4533/4 2070/4532/4
f 2023/4546/4 2032/4547/4 2074/4548/4 2075/4549/4
f 2027/4539/2 2036/4538/2 2071/4541/2 2066/4540/2
f 2043/4547/2 2029/4546/2 2077/4549/2 2076/4548/2
f 2030/4550/6 2026/4551/6 2065/4552/6 2069/4553/6
f 2028/4554/4 2041/4555/4 2080/4556/4 2081/4557/4
f 2039/4441/6 2021/4440/6 2073/4443/6 2078/4442/6
f 2036/4535/3 2034/4534/3 2068/4537/3 2071/4536/3
f 2050/4433/4 2049/4432/4 2082/4435/4 2083/4434/4
f 2029/4429/3 2023/4428/3 2075/4431/3 2077/4430/3
f 2033/4551/3 2035/4550/3 2070/4553/3 2064/4552/3
f 2051/4555/2 2042/4554/2 2085/4557/2 2084/4556/2
f 2044/4543/4 2039/4542/4 2078/4545/4 2079/4544/4
f 2096/4558/4 2104/4559/4 2105/4560/4 2098/4561/4
f 2098/4562/3 2105/4563/3 2106/4564/3 2102/4565/3
f 2102/4561/2 2106/4560/2 2107/4559/2 2100/4558/2
f 2100/4565/6 2107/4564/6 2104/4563/6 2096/4562/6
f 2097/4566/3 2101/4567/3 2111/4568/3 2108/4569/3
f 2097/4570/1 2099/4571/1 2105/4572/1 2104/4573/1
f 2099/4571/1 2103/4574/1 2106/4575/1 2105/4572/1
f 2103/4574/1 2101/4576/1 2107/4577/1 2106/4575/1
f 2101/4576/1 2097/4570/1 2104/4573/1 2107/4577/1
f 2110/4578/1 2109/4579/1 2108/4580/1 2111/4581/1
f 2103/4567/6 2099/4566/6 2109/4569/6 2110/4568/6
f 2101/4582/4 2103/4583/4 2110/4584/4 2111/4585/4
f 2099/4583/2 2097/4582/2 2108/4585/2 2109/4584/2
f 1324/3005/162 261/4586/162 2127/4587/162 1323/3251/162 608/2953/162 607/2956/162
f 2115/4588/4 2113/4589/4 2121/4590/4 2114/4591/4 2120/4592/4 2117/4593/4 2125/4594/4 89/4595/4 2124/4596/4 2112/4597/4 2119/4598/4 3473/4599/4 3471/4600/4 3479/4601/4 3478/4602/4 3579/4603/4 3485/4604/4 3483/4605/4
f 92/4606/4 2116/4607/4 2114/4608/4 2121/4609/4
f 2125/4610/4 2126/4611/4 83/4612/4 89/4613/4
f 1323/4614/4 2127/4615/4 1319/4616/4 2123/4617/4 83/4618/4 2126/4619/4 2118/4620/4 2122/4621/4 2116/4622/4 92/4623/4 1315/4624/4 1314/4625/4 3567/4626/4 3566/4627/4 3565/4628/4 3564/4629/4 3563/4630/4 3562/4631/4 3561/4632/4 3558/4633/4 3557/4634/4
f 706/4635/2 2131/4636/2 728/4637/2 727/4638/2 2271/4639/2
f 2130/4640/2 423/4641/2 2136/4642/2 718/4643/2
f 2132/4644/2 2129/4645/2 719/4646/2 726/4647/2
f 2131/4648/2 2132/4649/2 726/938/2 728/937/2
f 2129/4645/2 2130/4650/2 718/4651/2 719/4646/2
f 2134/4652/3 222/4653/3 230/4654/3 2133/4655/3
f 503/4656/2 2135/4657/2 453/4658/2 825/4659/2 497/4660/2
f 718/4661/2 2136/4662/2 674/4663/2 713/4664/2
f 2137/4665/2 716/4666/2 714/4667/2 667/4668/2
f 2145/4669/2 2143/4670/2 2139/4671/2 2141/4672/2
f 2148/4673/2 2146/4674/2 478/4675/2 486/4676/2
f 2140/4677/2 2138/4678/2 2146/4679/2 2148/4680/2
f 2149/4681/2 2147/4682/2 480/4683/2 488/4684/2
f 2141/4685/2 2139/4686/2 2147/4687/2 2149/4688/2
f 479/4689/2 2143/4690/2 2145/4691/2 487/4692/2
f 485/4693/2 2142/4694/2 2144/4695/2 494/4696/2
f 2151/4697/4 489/4698/4 481/4699/4 2150/4700/4
f 491/4701/4 2151/4702/4 2150/4703/4 483/4704/4
f 71/226/2 68/8/2 29/7/2 5/288/2
f 2161/268/3 140/267/3 141/266/3 58/265/3 107/269/3
f 672/1464/6 2764/1755/6 2765/4705/6 791/1467/6
f 874/2008/3 877/2007/3 881/2010/3 904/2009/3
f 2179/607/3 2180/606/3 319/4706/3 320/4707/3
f 2195/4708/3 3023/4709/3 2193/4710/3 3238/4711/3 2194/2908/3 973/2907/3 981/4712/3
f 2193/4713/3 3208/4714/3 1180/4715/3 3243/4716/3 3238/4717/3
f 907/2253/2 180/2256/2 936/2255/2 941/2254/2
f 2198/4718/3 2200/4719/3 1117/4720/3 1113/4721/3
f 2202/4722/3 2204/4723/3 1135/4724/3 1116/4725/3
f 2211/4726/3 2210/4727/3 2236/4728/3 2208/4729/3 2209/4730/3 2212/4731/3 2206/4732/3 937/4733/3 942/4734/3 2205/4735/3 2207/4736/3
f 2211/4737/3 2207/4738/3 1153/4739/3 1146/4740/3
f 2213/4741/3 2215/4742/3 1125/4743/3 1117/4744/3
f 2215/4745/3 2220/4746/3 2219/4747/3 1125/4748/3
f 2213/4749/3 2214/2191/3 2199/2190/3 2206/4750/3 2212/4751/3 2217/4752/3 2216/4753/3 2231/4754/3 2220/4755/3 2215/4756/3
f 2221/4757/3 2218/4758/3 935/4759/3 1121/4760/3
f 2223/4761/3 2221/4762/3 1121/4763/3 1123/4764/3
f 2219/4765/3 2222/4766/3 1119/4767/3 1125/4768/3
f 2222/4769/3 2238/4770/3 2234/4771/3 1119/4772/3
f 2227/4773/3 2225/4774/3 1035/4775/3 1130/4776/3
f 2226/4777/3 2231/4778/3 2216/4779/3 1139/4780/3
f 2226/4781/3 2229/4782/3 2232/2742/3 2230/2749/3 2228/4783/3 2225/4784/3 2227/4785/3 2224/4786/3 2218/4787/3 2221/4788/3 2223/2305/3 2238/2304/3 2222/4789/3 2219/4790/3 2220/4755/3 2231/4754/3
f 2236/4791/3 2235/4792/3 1143/4793/3 2208/4794/3
f 2235/4795/3 2233/4796/3 1129/4797/3 1143/4798/3
f 2237/4799/3 2239/4800/3 2198/4801/3 1113/4802/3
f 1185/4803/3 3165/4804/3 2240/4805/3 3229/4806/3 3056/4807/3
f 808/4808/2 811/4809/2 2953/4810/2 767/4811/2 766/4812/2 2948/4813/2
f 821/4814/2 2307/4814/2 2310/4815/2 2311/4816/2 2313/4817/2 2312/4818/2 2314/4819/2 2322/4820/2 2320/4821/2 2324/4822/2 2323/4823/2 2321/4824/2 2308/4825/2 820/4825/2 823/4826/2 822/4827/2
f 2453/4828/2 2449/4829/2 2458/4830/2 2451/4831/2 2459/4832/2 2462/4833/2 2446/4834/2 2450/4835/2 2452/4836/2 2445/4837/2 2447/4838/2 2454/4839/2 2456/4840/2 2460/4841/2 2457/4842/2 2354/4843/2 2330/4844/2 2244/4845/2 2448/4846/2 2461/4847/2 2455/4848/2 2444/4849/2
f 2559/4850/2 2558/4851/2 2567/4852/2 2568/4853/2 2574/4854/2 2562/4855/2 2566/4856/2 2576/4857/2 2573/4858/2 2565/4859/2 2570/4860/2 2561/4861/2 2352/4862/2 2332/4863/2 2246/4864/2 2564/4865/2 2575/4866/2 2560/4867/2 2563/4868/2 2569/4869/2 2572/4870/2 2571/4871/2
f 692/1554/3 2947/1557/3 2948/1782/3 766/1711/3
f 2465/4872/2 2463/4873/2 2470/4874/2 2479/4875/2 2481/4876/2 2468/4877/2 2472/4878/2 2473/4879/2 2469/4880/2 2471/4881/2 2464/4882/2 2474/4883/2 2467/4884/2 2466/4885/2 2476/4886/2 2478/4887/2 2475/4888/2 2477/4889/2 2480/4890/2 2241/4891/2 2333/4892/2 2351/4893/2
f 756/4894/2 2245/4895/2 2344/4896/2 2376/4897/2 2402/4898/2 2406/4899/2 2657/4900/2
f 734/4901/2 2828/4902/2 2510/4903/2 2522/4904/2 2541/4905/2 2564/4865/2 2246/4864/2
f 2253/4906/2 2279/4907/2 2282/4908/2 2264/4909/2
f 2257/4910/2 2283/4911/2 2281/4912/2 2260/4913/2
f 2257/4910/2 2268/4914/2 2285/4915/2 2283/4911/2
f 2267/4916/2 2273/4917/2 725/4918/2 91/4919/2
f 2255/4920/2 2284/4921/2 2280/4922/2
f 2264/4909/2 2282/4908/2 2284/4921/2 2255/4920/2
f 2259/4923/2 2252/4924/2 2275/4925/2 2276/4926/2
f 2276/4926/2 2274/4927/2 2256/4928/2 2259/4923/2
f 2272/4929/2 2278/4930/2 2254/4931/2 2258/4932/2
f 2288/4933/2 2272/4934/2 2258/4935/2 81/4936/2 503/4656/2 497/4660/2 424/129/2 425/128/2 680/4937/2 85/4938/2 420/4939/2 715/4940/2 2268/4941/2 2257/4942/2 2260/4943/2 2253/4944/2 2264/4945/2 2255/4946/2 2280/4947/2 2299/4948/2 2296/4949/2 2295/4950/2 2297/4951/2 2298/4952/2 2293/4953/2 2294/4954/2 706/4955/2 2271/4956/2 2266/4957/2 2269/4958/2 2261/4959/2 2262/4960/2 2265/4961/2 2270/4962/2
f 2278/4930/2 2277/4963/2 2263/4964/2 2254/4931/2
f 2274/4927/2 2273/4917/2 2267/4916/2 2256/4928/2
f 2277/4963/2 2275/4925/2 2252/4924/2 2263/4964/2
f 2280/4922/2 2284/4921/2 2303/4965/2 2299/4966/2
f 2281/4912/2 2279/4907/2 2253/4906/2 2260/4913/2
f 2284/4921/2 2282/4908/2 2300/4967/2 2303/4965/2
f 720/4968/2 2285/4915/2 2268/4914/2 715/4969/2
f 2291/4970/2 2289/4971/2 2277/4963/2 2278/4930/2
f 2288/4972/2 2291/4970/2 2278/4930/2 2272/4929/2
f 2292/4973/2 2286/4974/2 2262/4975/2 2261/4976/2
f 727/4977/2 2287/4978/2 2266/4979/2 2271/4980/2
f 706/4981/2 2294/4982/2 2301/4983/2 730/4984/2
f 2298/4985/2 2297/4986/2 2302/4987/2 2305/4988/2
f 2300/4967/2 2302/4987/2 2297/4986/2 2295/4989/2
f 2303/4965/2 2300/4967/2 2295/4989/2 2296/4990/2
f 2299/4966/2 2303/4965/2 2296/4990/2
f 2304/4991/2 2301/4983/2 2294/4982/2 2293/4992/2
f 2305/4988/2 2304/4991/2 2293/4992/2 2298/4985/2
f 2270/4993/2 2265/4994/2 2289/4971/2 2291/4970/2
f 2270/4993/2 2291/4970/2 2288/4972/2
f 2265/4994/2 2262/4975/2 2286/4974/2 2289/4971/2
f 2261/4976/2 2269/4995/2 2290/4996/2 2292/4973/2
f 2269/4995/2 2266/4979/2 2287/4978/2 2290/4996/2
f 2285/4997/3 720/4998/3 2306/4999/3 2319/5000/3
f 2287/4997/163 727/4998/163 2308/4999/163 2321/5000/163
f 725/4998/164 2273/4997/164 2310/5000/164 2307/4999/164
f 730/4998/6 2301/4997/6 2326/5000/6 2309/4999/6
f 2330/5001/2 2354/5002/2 735/5003/2 2759/5004/2 2758/5005/2
f 759/5006/2 2360/5007/2 2419/5008/2 2631/5009/2
f 2335/5010/2 2358/5011/2 2582/5012/2 2586/5013/2
f 2334/5014/2 2358/5015/2 2335/5016/2 2341/5017/2 2337/5018/2 2345/5019/2 2343/5020/2 2338/5021/2 2342/5022/2 2346/5023/2 2350/5024/2 2347/5025/2 2336/5026/2 2359/5027/2 2339/5028/2 2348/5029/2 2356/5030/2 2349/5031/2 2344/4896/2 2245/4895/2 2331/5032/2 2353/5033/2
f 2341/5034/2 2335/5010/2 2586/5013/2 2579/5035/2
f 2358/5011/2 2334/5036/2 2588/5037/2 2582/5012/2
f 2369/5038/2 2378/5039/2 2592/5040/2 2598/5041/2
f 2375/5042/2 2377/5043/2 2602/5044/2 2597/5045/2
f 2379/5046/2 2385/5047/2 2604/5048/2 2594/5049/2
f 2349/5050/2 2356/5051/2 2386/5052/2 2370/5053/2
f 2374/5054/2 2369/5038/2 2598/5041/2 2596/5055/2
f 2385/5047/2 2371/5056/2 2591/5057/2 2604/5048/2
f 2383/5058/2 2368/5059/2 2595/5060/2 2600/5061/2
f 2356/5051/2 2348/5062/2 2384/5063/2 2386/5052/2
f 2348/5062/2 2339/5064/2 2380/5065/2 2384/5063/2
f 2377/5043/2 2383/5058/2 2600/5061/2 2602/5044/2
f 2378/5039/2 2375/5042/2 2597/5045/2 2592/5040/2
f 2373/5066/2 2374/5054/2 2596/5055/2 2603/5067/2
f 2371/5056/2 2373/5066/2 2603/5067/2 2591/5057/2
f 2344/5068/2 2349/5069/2 2370/5070/2 2376/5071/2
f 2361/5072/2 2382/5073/2 2601/5074/2 761/5075/2
f 2398/5076/2 2399/5077/2 2613/5078/2 2612/5079/2
f 2395/5080/2 2393/5081/2 2387/5082/2 2392/5083/2 2401/5084/2 2402/4898/2 2376/4897/2 2370/5085/2 2386/5086/2 2384/5087/2 2380/5088/2 2368/5089/2 2383/5090/2 2377/5091/2 2375/5092/2 2378/5093/2 2369/5094/2 2374/5095/2 2373/5096/2 2371/5097/2 2385/5098/2 2379/5099/2 2381/5100/2 2372/5101/2 2382/5102/2 2361/5103/2 2357/5104/2 2362/5105/2 2400/5106/2 2389/5107/2 2399/5108/2 2398/5109/2 2390/5110/2 2405/5111/2 2391/5112/2 2394/5113/2 2397/5114/2 2388/5115/2 2396/5116/2 2404/5117/2 2403/5118/2
f 2389/5119/2 2400/5120/2 2616/5121/2 2618/5122/2
f 2399/5077/2 2389/5119/2 2618/5122/2 2613/5078/2
f 773/5123/165 2663/5123/165 2688/5124/81 2680/5125/81 2686/5126/81 2681/5127/81 2691/5128/81 2678/5129/81 2690/5130/81 2683/5131/81 2685/5132/81 2679/5133/81 2684/5134/81 2689/5135/81 2687/5136/81 2682/5137/81 2664/5138/81 2676/5139/81 2672/5140/81 2671/5141/81 2674/5142/81 2665/5143/81 2670/5144/81 2667/5145/81 2668/5146/81 2677/5147/81 2666/5148/81 2673/5149/81 2669/5150/81 2675/5151/81 2662/5152/165 772/5152/165 2771/5153/81 786/5154/81 782/5155/81 2761/5156/81
f 2392/5157/2 2387/5158/2 2416/5159/2 2413/5160/2
f 2410/5161/2 2420/5162/2 2623/5163/2 2630/5164/2
f 2407/5165/2 2412/5166/2 2620/5167/2 2622/5168/2
f 2417/5169/2 2408/5170/2 2625/5171/2 2626/5172/2
f 2387/5158/2 2393/5173/2 2415/5174/2 2416/5159/2
f 2421/5175/2 2410/5161/2 2630/5164/2 2621/5176/2
f 2408/5170/2 2414/5177/2 2624/5178/2 2625/5171/2
f 2409/5179/2 2423/5180/2 2629/5181/2 2627/5182/2
f 2402/4898/2 2401/5084/2 2422/5183/2 2406/4899/2
f 2401/5184/2 2392/5157/2 2413/5160/2 2422/5185/2
f 2412/5166/2 2409/5179/2 2627/5182/2 2620/5167/2
f 2420/5162/2 2407/5165/2 2622/5168/2 2623/5163/2
f 2411/5186/2 2421/5175/2 2621/5176/2 2619/5187/2
f 2414/5177/2 2411/5186/2 2619/5187/2 2624/5178/2
f 2437/5188/2 2439/5189/2 2635/5190/2 2645/5191/2
f 2439/5189/2 2363/5192/2 762/5193/2 2635/5190/2
f 2436/5194/2 2438/5195/2 2633/5196/2 2642/5197/2
f 2429/5198/2 2432/5199/2 2442/5200/2 2431/5201/2 2440/5202/2 2406/5203/2 2422/5204/2 2413/5205/2 2416/5206/2 2415/5207/2 2423/5208/2 2409/5209/2 2412/5210/2 2407/5211/2 2420/5212/2 2410/5213/2 2421/5214/2 2411/5215/2 2414/5216/2 2408/5217/2 2417/5218/2 2418/5219/2 2424/5220/2 2419/5221/2 2360/5222/2 2355/5223/2 2363/5224/2 2439/5225/2 2437/5226/2 2438/5227/2 2436/5228/2 2427/5229/2 2426/5230/2 2435/5231/2 2428/5232/2 2433/5233/2 2425/5234/2 2443/5235/2 2441/5236/2 2430/5237/2 2434/5238/2
f 2438/5195/2 2437/5188/2 2645/5191/2 2633/5196/2
f 2446/5239/2 2462/5240/2 2654/5241/2 2651/5242/2
f 2459/5243/2 2451/5244/2 2647/5245/2 2661/5246/2
f 2454/5247/2 2447/5248/2 2653/5249/2 2656/5250/2
f 2450/5251/2 2446/5239/2 2651/5242/2 2659/5252/2
f 2447/5248/2 2445/5253/2 2660/5254/2 2653/5249/2
f 2458/5255/2 2449/5256/2 2655/5257/2 2658/5258/2
f 2429/5259/2 2434/5260/2 2638/5261/2 2655/5257/2 2449/5256/2 2453/5262/2
f 2432/5263/2 2429/5259/2 2453/5262/2 2444/5264/2
f 2442/5265/2 2432/5263/2 2444/5264/2 2455/5266/2
f 2451/5244/2 2458/5255/2 2658/5258/2 2647/5245/2
f 2462/5240/2 2459/5243/2 2661/5246/2 2654/5241/2
f 2452/5267/2 2450/5251/2 2659/5252/2 2650/5268/2
f 2445/5253/2 2452/5267/2 2650/5268/2 2660/5254/2
f 2440/5202/2 2431/5201/2 2461/4847/2 2448/4846/2
f 2464/5269/2 2471/5270/2 2773/5271/2 2777/5272/2
f 2463/5273/2 2465/5274/2 2774/5275/2 2775/5276/2
f 2479/5277/2 2470/5278/2 2778/5279/2 2781/5280/2
f 2471/5270/2 2469/5281/2 2772/5282/2 2773/5271/2
f 2481/5283/2 2479/5277/2 2781/5280/2 2784/5284/2
f 2470/5278/2 2463/5273/2 2775/5276/2 2778/5279/2
f 2467/5285/2 2474/5286/2 2782/5287/2 2783/5288/2
f 2480/4890/2 2477/4889/2 2493/5289/2 2482/5290/2
f 2466/5291/2 2467/5285/2 2783/5288/2 2780/5292/2
f 2468/5293/2 2481/5283/2 2784/5284/2 2785/5294/2
f 2472/5295/2 2468/5293/2 2785/5294/2 2776/5296/2
f 2474/5286/2 2464/5269/2 2777/5272/2 2782/5287/2
f 2469/5281/2 2473/5297/2 2779/5298/2 2772/5282/2
f 2473/5297/2 2472/5295/2 2776/5296/2 2779/5298/2
f 2478/5299/2 2495/5300/2 2487/5301/2 2475/5302/2
f 2367/5303/2 2483/5304/2 2788/5305/2 745/5306/2
f 2475/5302/2 2487/5301/2 2493/5307/2 2477/5308/2
f 2504/5309/2 2514/5310/2 2803/5311/2 2811/5312/2
f 2513/5313/2 2519/5314/2 2801/5315/2 2802/5316/2
f 2508/5317/2 2509/5318/2 2809/5319/2 2804/5320/2
f 2507/5321/2 2512/5322/2 2800/5323/2 2806/5324/2
f 2515/5325/2 2502/5326/2 2807/5327/2 2808/5328/2
f 2516/5329/2 2507/5321/2 2806/5324/2 2812/5330/2
f 2512/5322/2 2501/5331/2 2805/5332/2 2800/5323/2
f 2509/5318/2 2504/5309/2 2811/5312/2 2809/5319/2
f 2519/5314/2 2503/5333/2 2810/5334/2 2801/5315/2
f 2502/5326/2 2516/5329/2 2812/5330/2 2807/5327/2
f 2517/5335/2 2513/5313/2 2802/5316/2 2813/5336/2
f 2503/5333/2 2508/5317/2 2804/5320/2 2810/5334/2
f 2510/5337/2 2828/5338/2 748/5339/2 2241/4891/2 2480/4890/2 2482/5290/2
f 2514/5310/2 2515/5325/2 2808/5328/2 2803/5311/2
f 2527/5340/2 2520/5341/2 2366/5342/2 2365/5343/2 2542/5344/2 2556/5345/2 2545/5346/2 2554/5347/2 2539/5348/2 2548/5349/2 2553/5350/2 2557/5351/2 2549/5352/2 2555/5353/2 2552/5354/2 2546/5355/2 2550/5356/2 2544/5357/2 2543/5358/2 2547/5359/2 2540/5360/2 2551/5361/2 2541/4905/2 2522/4904/2 2525/5362/2 2528/5363/2 2524/5364/2 2529/5365/2 2523/5366/2 2531/5367/2 2530/5368/2 2538/5369/2 2533/5370/2 2537/5371/2 2521/5372/2 2532/5373/2 2536/5374/2 2534/5375/2 2535/5376/2 2526/5377/2
f 2506/5378/2 2528/5379/2 2525/5380/2 2505/5381/2
f 2548/5382/2 2539/5383/2 2838/5384/2 2829/5385/2
f 2549/5386/2 2557/5387/2 2837/5388/2 2831/5389/2
f 2544/5390/2 2550/5391/2 2835/5392/2 2836/5393/2
f 2553/5394/2 2548/5382/2 2829/5385/2 2841/5395/2
f 2557/5387/2 2553/5394/2 2841/5395/2 2837/5388/2
f 2550/5391/2 2546/5396/2 2840/5397/2 2835/5392/2
f 2554/5398/2 2545/5399/2 2842/5400/2 2830/5401/2
f 2552/5402/2 2555/5403/2 2832/5404/2 2839/5405/2
f 2542/5406/2 2365/5407/2 753/5408/2 2833/5409/2
f 2555/5403/2 2549/5386/2 2831/5389/2 2832/5404/2
f 2546/5396/2 2552/5402/2 2839/5405/2 2840/5397/2
f 2545/5399/2 2556/5410/2 2834/5411/2 2842/5400/2
f 2556/5410/2 2542/5406/2 2833/5409/2 2834/5411/2
f 2539/5383/2 2554/5398/2 2830/5401/2 2838/5384/2
f 2340/5412/2 2249/5413/2 747/5414/2 2364/5415/2 2367/5416/2 745/5417/2
f 2243/5418/2 2251/5419/2 2332/5420/2 2352/5421/2 750/5422/2
f 2543/5423/2 2569/5424/2 2563/5425/2 2547/5426/2
f 2242/5427/2 2247/5428/2 733/5429/2 2351/5430/2 2333/5431/2
f 2250/5432/2 2248/5433/2 753/5434/2 2365/5435/2 2366/5436/2 752/5437/2
f 2540/5438/2 2560/5439/2 2575/5440/2 2551/5441/2
f 2585/5442/2 2589/5443/2 2336/5444/2 2347/5445/2
f 2580/5446/2 2583/5447/2 2338/5448/2 2343/5449/2
f 2578/5450/2 2587/5451/2 2346/5452/2 2342/5453/2
f 2584/5454/2 2585/5442/2 2347/5445/2 2350/5455/2
f 2579/5035/2 2590/5456/2 2337/5457/2 2341/5034/2
f 2590/5456/2 2581/5458/2 2345/5459/2 2337/5457/2
f 2587/5451/2 2584/5454/2 2350/5455/2 2346/5452/2
f 2581/5458/2 2580/5446/2 2343/5449/2 2345/5459/2
f 732/5460/2 2588/5037/2 2334/5036/2 2353/5461/2
f 2339/5064/2 2359/5462/2 2577/5463/2 2595/5060/2 2368/5059/2 2380/5065/2
f 2583/5447/2 2578/5450/2 2342/5453/2 2338/5448/2
f 2589/5443/2 2577/5463/2 2359/5462/2 2336/5444/2
f 2594/5049/2 2599/5464/2 2381/5465/2 2379/5046/2
f 2593/5466/2 2601/5074/2 2382/5073/2 2372/5467/2
f 2599/5464/2 2593/5466/2 2372/5467/2 2381/5465/2
f 2607/5468/2 2617/5469/2 2395/5470/2 2403/5471/2
f 2614/5472/2 2608/5473/2 2397/5474/2 2394/5475/2
f 2611/5476/2 2609/5477/2 2391/5478/2 2405/5479/2
f 2615/5480/2 2605/5481/2 2396/5482/2 2388/5483/2
f 2616/5484/166 763/5485/166 2693/5486/166 2705/5487/166
f 2608/5473/2 2615/5480/2 2388/5483/2 2397/5474/2
f 2612/5079/2 2606/5488/2 2390/5489/2 2398/5076/2
f 2606/5488/2 2611/5476/2 2405/5479/2 2390/5489/2
f 2610/5490/2 2607/5468/2 2403/5471/2 2404/5491/2
f 2609/5477/2 2614/5472/2 2394/5475/2 2391/5478/2
f 2605/5481/2 2610/5490/2 2404/5491/2 2396/5482/2
f 2393/5173/2 2395/5470/2 2617/5469/2 2629/5181/2 2423/5180/2 2415/5174/2
f 763/5492/2 2616/5121/2 2400/5120/2 2362/5493/2
f 759/5485/6 2631/5484/6 2720/5487/6 2692/5486/6
f 2632/5494/2 2631/5009/2 2419/5008/2 2424/5495/2
f 2628/5496/2 2632/5494/2 2424/5495/2 2418/5497/2
f 2626/5172/2 2628/5496/2 2418/5497/2 2417/5169/2
f 2646/5498/2 2644/5499/2 2443/5500/2 2425/5501/2
f 2634/5502/2 2641/5503/2 2435/5504/2 2426/5505/2
f 2635/5484/167 762/5485/167 2723/5506/167 2726/5507/167
f 2636/5508/2 2646/5498/2 2425/5501/2 2433/5509/2
f 2639/5510/2 2636/5508/2 2433/5509/2 2428/5511/2
f 2643/5512/2 2638/5261/2 2434/5260/2 2430/5513/2
f 2640/5514/2 2643/5512/2 2430/5513/2 2441/5515/2
f 2641/5503/2 2639/5510/2 2428/5511/2 2435/5504/2
f 2657/5516/2 2406/5203/2 2440/5202/2 2448/4846/2 2244/4845/2 741/5517/2
f 2644/5499/2 2640/5514/2 2441/5515/2 2443/5500/2
f 2642/5197/2 2637/5518/2 2427/5519/2 2436/5194/2
f 2431/5520/2 2442/5265/2 2455/5266/2 2461/5521/2
f 2637/5518/2 2634/5502/2 2426/5505/2 2427/5519/2
f 2648/5522/2 2649/5523/2 2460/5524/2 2456/5525/2
f 735/5485/168 2652/5484/168 2743/5507/168 2722/5506/168
f 2652/5526/2 735/5527/2 2354/5528/2 2457/5529/2
f 2656/5250/2 2648/5522/2 2456/5525/2 2454/5247/2
f 2649/5523/2 2652/5526/2 2457/5529/2 2460/5524/2
f 2588/5530/169 732/5531/169 2662/5532/169 2675/5533/169
f 761/5485/168 2601/5484/168 2688/5534/168 2663/5535/168
f 775/5536/165 2722/5536/165 2743/5537/170 2740/5538/170 2739/5539/170 2747/5540/170 2744/5541/170 2750/5542/170 2741/5543/170 2749/5544/170 2742/5545/170 2745/5546/170 2751/5547/170 2738/5548/170 2748/5549/170 2746/5550/170 2729/5551/170 2734/5552/170 2731/5553/170 2735/5554/170 2737/5555/170 2727/5556/170 2730/5557/170 2732/5558/170 2725/5559/170 2728/5560/170 2733/5561/170 2724/5562/170 2736/5563/170 2726/5564/170 2723/5565/165 774/5565/165 2766/5566/170 781/5567/170 791/5568/170 2765/5569/170
f 2756/5570/2 2753/5571/2 732/5572/2 2353/5573/2 2331/5574/2
f 2757/5575/2 2754/5576/2 762/5577/2 2363/5578/2 2355/5579/2 2360/5580/2 759/5581/2
f 2758/5582/2 2759/5583/2 754/5584/2 742/5585/2
f 2752/5586/2 2755/5587/2 763/5588/2 2362/5589/2 2357/5590/2 2361/5591/2 761/5592/2
f 2762/5593/51 2763/5594/51 2757/1486/50 759/1490/51 771/1489/51
f 2763/1465/51 651/1464/50 643/1691/50 646/1468/50 648/1469/50 645/1690/50 758/1689/50 2757/1692/50
f 2754/1486/3 2767/5594/3 2766/5593/3 774/1489/3 762/1490/3
f 2766/1710/3 2767/1465/3 673/1464/3 781/1467/3
f 2768/1755/3 2755/1692/3 760/1689/3 635/1690/3 650/1469/3 647/1468/3 636/1716/3 653/1464/3
f 2769/5595/3 2768/1755/3 653/1464/3 776/1467/3
f 2771/5595/3 2770/1755/3 654/1464/3 786/1467/3
f 2770/1755/3 2753/1715/3 739/1689/3 660/1690/3 655/1469/3 656/1468/3 657/1716/3 654/1464/3
f 2761/5596/6 2760/5594/6 2752/1714/6 761/1490/6 773/1489/6
f 624/1249/5 622/1248/5 756/5597/5 2657/5598/5 741/5599/5
f 622/5600/3 621/5601/3 740/5602/3 2756/5603/3 2331/5604/3 2245/5605/3 756/5606/3
f 824/5607/2 2309/5607/2 2326/5608/2 2328/5609/2 2329/5610/2 2327/5611/2 2325/5612/2 2317/5613/2 2315/5614/2 2316/5615/2 2318/5616/2 2319/5617/2 2306/5618/2 819/5618/2 818/5619/2 817/5620/2
f 2774/5621/171 733/5622/171 2857/5623/171 2861/5624/171
f 733/5625/2 2774/5275/2 2465/5274/2 2351/5626/2
f 2476/5627/2 2491/5628/2 2495/5300/2 2478/5299/2
f 2793/5629/2 2798/5630/2 2492/5631/2 2485/5632/2
f 2786/5633/2 2796/5634/2 2498/5635/2 2486/5636/2
f 2789/5637/2 2797/5638/2 2500/5639/2 2497/5640/2
f 2476/5627/2 2466/5291/2 2780/5292/2 2789/5637/2 2497/5640/2 2491/5628/2
f 2794/5641/2 2792/5642/2 2484/5643/2 2496/5644/2
f 2787/5645/2 2794/5641/2 2496/5644/2 2499/5646/2
f 2797/5638/2 2793/5629/2 2485/5632/2 2500/5639/2
f 2799/5647/2 2795/5648/2 2488/5649/2 2494/5650/2
f 2791/5651/2 2790/5652/2 2489/5653/2 2490/5654/2
f 2792/5642/2 2786/5633/2 2486/5636/2 2484/5643/2
f 2796/5634/2 2791/5651/2 2490/5654/2 2498/5635/2
f 2795/5648/2 2787/5645/2 2499/5646/2 2488/5649/2
f 2798/5630/2 2799/5647/2 2494/5650/2 2492/5631/2
f 2790/5652/2 2788/5305/2 2483/5304/2 2489/5653/2
f 752/5622/172 2819/5655/172 2908/5656/172 2888/5657/172
f 2511/5658/2 2524/5659/2 2528/5379/2 2506/5378/2
f 2805/5332/2 2501/5331/2 2364/5660/2 747/5661/2
f 2820/5662/2 2827/5663/2 2521/5664/2 2537/5665/2
f 2822/5666/2 2817/5667/2 2531/5668/2 2523/5669/2
f 2821/5670/2 2816/5671/2 2536/5672/2 2532/5673/2
f 2827/5663/2 2821/5670/2 2532/5673/2 2521/5664/2
f 2818/5674/2 2825/5675/2 2527/5676/2 2526/5677/2
f 2825/5675/2 2819/5678/2 2520/5679/2 2527/5676/2
f 2814/5680/2 2826/5681/2 2535/5682/2 2534/5683/2
f 2518/5684/2 2529/5685/2 2524/5659/2 2511/5658/2
f 2824/5686/2 2820/5662/2 2537/5665/2 2533/5687/2
f 2815/5688/2 2823/5689/2 2538/5690/2 2530/5691/2
f 2510/4903/2 2505/5692/2 2525/5362/2 2522/4904/2
f 2819/5678/2 752/5693/2 2366/5694/2 2520/5679/2
f 2817/5667/2 2815/5688/2 2530/5691/2 2531/5668/2
f 2826/5681/2 2818/5674/2 2526/5677/2 2535/5682/2
f 2518/5684/2 2517/5335/2 2813/5336/2 2822/5666/2 2523/5669/2 2529/5685/2
f 2823/5689/2 2824/5686/2 2533/5687/2 2538/5690/2
f 2816/5671/2 2814/5680/2 2534/5683/2 2536/5672/2
f 2541/4905/2 2551/5361/2 2575/4866/2 2564/4865/2
f 2833/5655/173 753/5622/173 2918/5695/173 2923/5696/173
f 2845/5697/2 2856/5698/2 2576/5699/2 2566/5700/2
f 2843/5701/2 2854/5702/2 2567/5703/2 2558/5704/2
f 2848/5705/2 2843/5701/2 2558/5704/2 2559/5706/2
f 2853/5707/2 2852/5708/2 2562/5709/2 2574/5710/2
f 2852/5708/2 2845/5697/2 2566/5700/2 2562/5709/2
f 2547/5426/2 2563/5425/2 2560/5439/2 2540/5438/2
f 2543/5423/2 2544/5390/2 2836/5393/2 2850/5711/2 2572/5712/2 2569/5424/2
f 2855/5713/2 2844/5714/2 2570/5715/2 2565/5716/2
f 2850/5711/2 2849/5717/2 2571/5718/2 2572/5712/2
f 2846/5719/2 2855/5713/2 2565/5716/2 2573/5720/2
f 2854/5702/2 2851/5721/2 2568/5722/2 2567/5703/2
f 2844/5714/2 2847/5723/2 2561/5724/2 2570/5715/2
f 2851/5721/2 2853/5707/2 2574/5710/2 2568/5722/2
f 2849/5717/2 2848/5705/2 2559/5706/2 2571/5718/2
f 2847/5723/2 750/5725/2 2352/5726/2 2561/5724/2
f 2856/5698/2 2846/5719/2 2573/5720/2 2576/5699/2
f 745/5622/174 2788/5655/174 2875/5727/174 2858/5623/174
f 2805/5655/167 747/5622/167 2887/5657/167 2894/5656/167
f 765/5728/165 2888/5728/165 2908/5729/2 2914/5730/2 2907/5731/2 2915/5732/2 2903/5733/2 2905/5734/2 2910/5735/2 2916/5736/2 2909/5737/2 2913/5738/2 2912/5739/2 2904/5740/2 2906/5741/2 2911/5742/2 2902/5743/2 2891/5744/2 2890/5745/2 2899/5746/2 2893/5747/2 2898/5748/2 2900/5749/2 2892/5750/2 2897/5751/2 2896/5752/2 2901/5753/2 2895/5754/2 2889/5755/2 2894/5756/2 2887/5757/165 764/5757/165 2950/5758/2 800/5759/2 797/5760/2 2956/5761/2
f 750/5622/175 2847/5762/175 2937/5763/175 2917/5695/175
f 769/5764/165 2917/5764/165 2937/5765/176 2934/5766/176 2945/5767/176 2936/5768/176 2946/5769/176 2935/5770/176 2942/5771/176 2943/5772/176 2941/5773/176 2944/5774/176 2933/5775/176 2938/5776/176 2939/5777/176 2940/5778/176 2926/5779/176 2925/5780/176 2930/5781/176 2929/5782/176 2922/5783/176 2921/5784/176 2927/5785/176 2931/5786/176 2919/5787/176 2928/5788/176 2920/5789/176 2932/5790/176 2924/5791/176 2923/5792/176 2918/5793/165 768/5793/165 2952/5794/176 794/5795/176 805/5796/176 2957/5797/176
f 2482/5290/2 2493/5289/2 2487/5798/2 2495/5799/2 2491/5800/2 2497/5801/2 2500/5802/2 2485/5803/2 2492/5804/2 2494/5805/2 2488/5806/2 2499/5807/2 2496/5808/2 2484/5809/2 2486/5810/2 2498/5811/2 2490/5812/2 2489/5813/2 2483/5814/2 2367/5815/2 2364/5816/2 2501/5817/2 2512/5818/2 2507/5819/2 2516/5820/2 2502/5821/2 2515/5822/2 2514/5823/2 2504/5824/2 2509/5825/2 2508/5826/2 2503/5827/2 2519/5828/2 2513/5829/2 2517/5830/2 2518/5831/2 2511/5832/2 2506/5833/2 2505/5834/2 2510/5337/2
f 2948/5835/3 2947/1697/3 712/1699/3 808/1485/3
f 2947/1697/3 2247/1698/3 736/1694/3 693/1701/3 708/1477/3 710/1476/3 694/1700/3 712/1699/3
f 2949/1483/3 2249/1698/3 743/1694/3 699/1701/3 696/1477/3 695/1476/3 701/1700/3 697/1699/3
f 2949/1693/3 2950/5836/3 764/1711/3 698/1554/3
f 2248/1556/3 2951/1557/3 675/1554/3 753/1555/3
f 2952/5835/3 2951/1697/3 691/1482/3 794/1485/3
f 2954/1693/6 2340/1556/6 745/1555/6 705/1554/6
f 2953/5837/6 2954/1693/6 705/1554/6 767/1711/6
f 2956/1712/6 2955/1693/6 678/1554/6 765/1711/6
f 2250/1698/6 2955/1483/6 679/1482/6 702/1696/6 681/1473/6 682/1472/6 700/1695/6 746/1694/6
f 2958/5838/6 2957/1484/6 805/1485/6 690/1482/6
f 2958/5838/6 690/1482/6 685/1696/6 688/1473/6 686/1472/6 684/1695/6 749/1694/6 2243/5839/6
f 2974/5840/4 2963/5841/4 383/2555/4 1274/2940/4
f 3153/5842/3 3164/5843/3 3166/5844/3 3162/5845/3 3152/5846/3 3168/5847/3 3154/5848/3 3159/5849/3 3191/5850/3 3192/5851/3 3200/5852/3 3206/5853/3 3194/5854/3 3196/5855/3 3201/5856/3 3199/5857/3 3195/5858/3 3203/5859/3 3204/5860/3 3198/5861/3 3207/5862/3 3197/5863/3 2191/5864/3 3126/5865/3 3136/5866/3 3155/5867/3 3157/5868/3 3163/5869/3 3160/5870/3 3167/5871/3 3161/5872/3 3158/5873/3
f 3204/5874/3 3203/5875/3 2961/5876/3 3034/5877/3
f 3097/5878/4 1184/5879/4 3344/5880/4 3364/5881/4
f 3121/5882/3 3171/5883/3 3025/5884/3 3064/5885/3
f 2984/5886/4 2977/2554/4 1223/2555/4 1247/2940/4
f 3206/5887/3 3200/5888/3 2985/5889/3 3049/5890/3
f 3261/5891/3 3251/5892/3 3253/5893/3 3254/5894/3 3250/5895/3 3262/5896/3 3260/5897/3 3249/5898/3 3255/5899/3 3259/5900/3 3257/5901/3 3208/5902/3 2193/4710/3 3023/4709/3 3252/5903/3 3256/5904/3 3258/5905/3 3263/5906/3
f 3036/5907/3 2987/5908/3 1192/5909/3 1195/5910/3
f 3179/5911/3 3173/5912/3 3047/5913/3 3051/5914/3
f 3175/5915/3 3183/5916/3 3053/5917/3 3050/5918/3
f 3126/5919/3 2191/5920/3 2196/5921/3 1187/5922/3
f 3187/5923/3 3189/5924/3 3193/5925/3 3069/5926/3
f 3185/5927/3 3179/5911/3 3051/5914/3 3061/5928/3
f 3076/5929/3 3182/5930/3 3052/5931/3 1202/5932/3
f 3142/5933/3 3143/5934/3 3164/5935/3 3153/5936/3
f 3144/5937/3 3141/5938/3 3167/5939/3 3160/5940/3
f 3143/5934/3 3137/5941/3 3166/5942/3 3164/5935/3
f 3145/5943/3 3139/5944/3 3168/5945/3 3152/5946/3
f 1183/5879/2 3130/5878/2 3324/5947/2 3316/5948/2
f 3107/5949/3 3118/5950/3 3124/5951/3 3129/5952/3
f 2976/5953/3 2983/5954/3 3035/5955/3 2986/5956/3 3064/5957/3 3025/5958/3 3067/5959/3 2973/5960/3 3021/5961/3 2962/5962/3 3032/5963/3 3055/5964/3 3058/5965/3 3072/5966/3 2959/5967/3 3022/2932/3 2240/2931/3 3165/5968/3
f 3113/5969/3 3115/5970/3 3127/5971/3 3123/5972/3
f 3111/5973/3 3112/5974/3 3133/5975/3 3132/5976/3
f 3172/5977/3 3105/5978/3 2986/5979/3 3035/5980/3
f 3114/5981/3 3154/5982/3 3168/5945/3 3139/5944/3 3135/5983/3 3108/5984/3
f 3118/5950/3 3111/5973/3 3132/5976/3 3124/5951/3
f 3432/5841/4 3036/2553/4 1195/2552/4 1209/2557/4 1193/951/4 1189/952/4 1225/2556/4 1198/2555/4
f 3194/5985/3 3206/5887/3 3049/5890/3 2972/5986/3
f 3014/5878/4 1201/5879/4 3373/5987/4 3394/5988/4
f 3203/5875/3 3195/5989/3 3054/5990/3 2961/5876/3
f 3102/5991/3 3095/5992/3 3078/5993/3 3086/5994/3
f 3173/5912/3 3174/5995/3 3048/5996/3 3047/5913/3
f 3169/5997/3 3117/5998/3 3032/5999/3 2962/6000/3
f 3099/6001/3 3090/6002/3 3073/6003/3 3083/6004/3
f 1184/6005/3 3097/6006/3 3081/6007/3 3147/6008/3
f 3065/6009/3 3026/6010/3 1208/6011/3 1205/6012/3
f 3429/2554/4 3227/2553/4 1188/2552/4 1218/2557/4 1217/951/4 43/952/4 1062/2556/4 1170/2555/4
f 2191/5920/3 3197/6013/3 3029/6014/3 2196/5921/3
f 3093/6015/3 3101/6016/3 3085/6017/3 3075/6018/3
f 3112/5974/3 3103/6019/3 3122/6020/3 3133/5975/3
f 3026/2553/2 3433/2554/2 1224/2555/2 1241/2556/2 1238/952/2 1240/951/2 1236/2557/2 1208/2552/2
f 3190/6021/3 3175/5915/3 3050/5918/3 3170/6022/3
f 3104/6023/3 3110/6024/3 3131/6025/3 3125/6026/3
f 3115/5970/3 3108/5984/3 3135/5983/3 3127/5971/3
f 3198/6027/3 3204/5874/3 3034/5877/3 2975/6028/3
f 3101/6016/3 3094/6029/3 3077/6030/3 3085/6017/3
f 3116/6031/3 3106/6032/3 3134/6033/3 3130/6034/3
f 2963/5841/4 3065/2553/4 1205/2552/4 1231/2557/4 1229/951/4 1227/952/4 1234/2556/4 383/2555/4
f 3088/6035/3 3116/6031/3 3130/6034/3 1183/6036/3
f 3089/6037/3 3091/6038/3 3074/6039/3 3071/6040/3
f 3149/6041/3 3145/5943/3 3152/5946/3 3162/6042/3
f 3066/5878/4 1185/5879/4 3287/6043/4 3303/6044/4
f 1201/6045/3 3014/6046/3 3042/6047/3 3148/6048/3
f 3098/6049/3 3102/5991/3 3086/5994/3 3082/6050/3
f 3141/5938/3 3140/6051/3 3161/6052/3 3167/5939/3
f 3146/6053/3 3144/5937/3 3160/5940/3 3163/6054/3
f 2992/6055/3 2979/6056/3 2995/6057/3 3000/6058/3
f 3015/6059/3 3011/6060/3 3039/6061/3 3030/6062/3
f 3176/6063/3 3445/6064/3 3079/6065/3 3087/6066/3
f 3150/6067/3 3142/5933/3 3153/5936/3 3158/6068/3
f 1180/6069/3 3208/6070/3 3257/6071/3 3245/6072/3
f 3137/5941/3 3149/6041/3 3162/6042/3 3166/5942/3
f 3140/6051/3 3150/6067/3 3158/6068/3 3161/6052/3
f 3191/6073/3 2959/6074/3 3072/6075/3 3192/6076/3
f 2989/6077/3 2971/6078/3 3002/6079/3 2996/6080/3
f 3018/6081/3 3009/6082/3 3045/6083/3 3020/6084/3
f 3100/6085/3 3093/6015/3 3075/6018/3 3084/6086/3
f 3119/6087/3 3159/6088/3 3154/5982/3 3114/5981/3
f 3103/6019/3 3104/6023/3 3125/6026/3 3122/6020/3
f 3181/6089/3 3109/6090/3 3021/6091/3 2973/6092/3
f 2190/2933/3 3022/2932/3 2959/5967/3 3191/5850/3 3159/5849/3 3444/6093/3
f 3066/6094/3 3177/6095/3 2983/6096/3 2976/6097/3
f 3090/6002/3 3096/6098/3 3080/6099/3 3073/6003/3
f 3138/6100/3 3146/6053/3 3163/6054/3 3157/6101/3
f 1178/6102/3 3151/6103/3 3155/6104/3 3136/6105/3
f 3105/5978/3 3121/5882/3 3064/5885/3 2986/5979/3
f 3184/6106/3 3188/6107/3 3070/6108/3 3060/6109/3
f 3171/5883/3 3180/6110/3 3067/6111/3 3025/5884/3
f 3117/5998/3 3063/6112/3 3055/6113/3 3032/5999/3
f 3151/6103/3 3138/6100/3 3157/6101/3 3155/6104/3
f 3192/6076/3 3072/6075/3 3058/6114/3 3178/6115/3 2985/5889/3 3200/5888/3
f 3183/5916/3 3186/6116/3 3062/6117/3 3053/5917/3
f 3189/5924/3 3190/6021/3 3170/6022/3 3193/5925/3
f 2968/6118/3 2992/6055/3 3000/6058/3 2999/6119/3
f 3010/6120/3 3012/6121/3 3044/6122/3 3027/6123/3
f 3188/6107/3 3187/5923/3 3069/5926/3 3070/6108/3
f 3106/6032/3 3120/6124/3 3128/6125/3 3134/6033/3
f 1185/6126/3 3066/6094/3 2976/6097/3 3165/6127/3
f 3056/6128/3 3229/2930/3 1149/142/3 1212/141/3
f 3109/6090/3 3169/5997/3 2962/6000/3 3021/6091/3
f 3446/6129/3 3028/6130/3 2993/6131/3 2980/6132/3 3019/6133/3
f 3092/6134/3 2988/6135/3 3003/6136/3 1186/6137/3
f 3180/6110/3 3181/6089/3 2973/6092/3 3067/6111/3
f 3177/6095/3 3172/5977/3 3035/5980/3 2983/6096/3
f 3063/6112/3 3178/6115/3 3058/6114/3 3055/6113/3
f 3182/5930/3 3184/6106/3 3060/6109/3 3052/5931/3
f 3186/6116/3 3185/5927/3 3061/5928/3 3062/6117/3
f 2981/6138/3 2990/6139/3 2998/6140/3 2994/6141/3
f 2988/6135/3 2969/6142/3 3202/6143/3 3003/6136/3
f 3008/6144/3 3018/6081/3 3020/6084/3 3040/6145/3
f 3120/6124/3 3107/5949/3 3129/5952/3 3128/6125/3
f 3110/6024/3 3113/5969/3 3123/5972/3 3131/6025/3
f 3197/6013/3 3207/6146/3 3057/6147/3 3029/6014/3
f 3011/6060/3 3010/6120/3 3027/6123/3 3039/6061/3
f 2990/6139/3 2970/6148/3 3004/6149/3 2998/6140/3
f 2978/6150/3 2991/6151/3 3005/6152/3 3001/6153/3
f 3207/6146/3 3198/6027/3 2975/6028/3 3057/6147/3
f 3196/6154/3 3194/5985/3 2972/5986/3 2982/6155/3
f 2969/6142/3 2967/6156/3 2997/6157/3 3202/6143/3
f 2970/6148/3 2989/6077/3 2996/6080/3 3004/6149/3
f 1186/5879/2 3003/5878/2 3383/5988/2 3372/5987/2
f 3007/6158/3 3015/6059/3 3030/6062/3 3043/6159/3
f 3087/6066/3 3077/6030/3 3094/6029/3 3048/5996/3 3174/5995/3 3176/6063/3
f 3079/6160/3 3445/6161/3 3446/6162/3 3443/6163/3 3343/6164/3 3119/6165/3
f 3017/6166/177 3014/6167/177 3394/6167/177 3397/6166/177
f 3012/6121/3 3006/6168/3 3038/6169/3 3044/6122/3
f 3017/6170/3 3007/6158/3 3043/6159/3 3046/6171/3
f 3009/6082/3 3016/6172/3 3041/6173/3 3045/6083/3
f 3201/6174/3 3196/6154/3 2982/6155/3 3031/6175/3
f 3013/6176/3 3008/6144/3 3040/6145/3 3037/6177/3
f 3091/6038/3 3099/6001/3 3083/6004/3 3074/6039/3
f 2979/6056/3 2993/6131/3 3028/6130/3 3041/6173/3 3016/6172/3 2995/6057/3
f 3014/6046/3 3017/6170/3 3046/6171/3 3042/6047/3
f 3006/6168/3 3013/6176/3 3037/6177/3 3038/6169/3
f 3199/6178/3 3201/6174/3 3031/6175/3 3024/6179/3
f 3096/6098/3 3098/6049/3 3082/6050/3 3080/6099/3
f 3431/6180/4 3432/5841/4 1198/2555/4 1277/2940/4
f 3195/5989/3 3199/6178/3 3024/6179/3 3054/5990/3
f 3095/5992/3 3100/6085/3 3084/6086/3 3078/5993/3
f 3030/6181/3 3039/6182/3 3027/6183/3 3044/6184/3 3038/6185/3 3037/6186/3 3040/6187/3 3020/6188/3 3045/6189/3 3041/6190/3 3028/6191/3 3446/6162/3 3445/6161/3 3176/6192/3 3174/6193/3 3173/6194/3 3179/6195/3 3185/6196/3 3186/6197/3 3183/6198/3 3175/6199/3 3190/6200/3 3189/6201/3 3187/6202/3 3188/6203/3 3184/6204/3 3182/6205/3 3076/6206/3 3148/6207/3 3042/6208/3 3046/6209/3 3043/6210/3
f 3097/6006/3 3089/6037/3 3071/6040/3 3081/6007/3
f 2971/6078/3 2968/6118/3 2999/6119/3 3002/6079/3
f 2967/6156/3 2978/6150/3 3001/6153/3 2997/6157/3
f 2991/6151/3 2981/6138/3 2994/6141/3 3005/6152/3
f 1187/2530/2 1255/2531/2 3434/3122/2 3433/3121/2 3026/2529/2
f 3210/6211/3 2965/6212/3 3213/6213/3 2980/6214/3 2993/6215/3 2979/6216/3 2992/6217/3 2968/6218/3 2971/6219/3 2989/6220/3 3215/6221/3 3216/6222/3 3214/6223/3 3212/6224/3
f 3209/6225/3 3219/6226/3 3217/6227/3 2197/6228/3 3215/6221/3 2989/6220/3 2970/6229/3 2990/6230/3 2981/6231/3 2991/6232/3 2978/6233/3 2967/6234/3 2969/6235/3 2988/6236/3 3092/6237/3 3156/6238/3 2964/6239/3 2966/6240/3 3211/6241/3 3218/6242/3
f 2987/2553/2 3440/2554/2 1221/2555/2 1068/2556/2 1219/952/2 1222/951/2 1220/2557/2 1192/2552/2
f 3432/2528/4 3431/6243/4 1267/2531/4 1181/2530/4 3036/2529/4
f 3430/2939/4 3429/2554/4 1170/2555/4 1251/2940/4
f 1178/2530/4 3065/2529/4 2963/2528/4 2974/6244/4 1262/2531/4
f 1181/6245/3 3230/6246/3 2964/6247/3 3156/6248/3
f 3232/6249/3 3233/6250/3 3215/6251/3 2197/6252/3
f 3225/6253/3 3234/6254/3 3209/6255/3 3218/6256/3
f 3230/6246/3 3224/6257/3 2966/6258/3 2964/6247/3
f 3231/6259/3 3226/6260/3 3212/6261/3 3214/6262/3
f 3233/6250/3 3220/6263/3 3216/6264/3 3215/6251/3
f 3226/6260/3 3221/6265/3 3210/6266/3 3212/6261/3
f 3224/6257/3 3223/6267/3 3211/6268/3 2966/6258/3
f 3228/6269/3 3222/6270/3 3217/6271/3 3219/6272/3
f 3222/6270/3 3232/6249/3 2197/6252/3 3217/6271/3
f 3059/6273/3 3033/6274/3 1184/6275/3 3147/6276/3 3088/6277/3 1183/6278/3
f 3213/6279/3 2965/6280/3 3256/6281/3 3252/6282/3
f 3220/6263/3 3231/6259/3 3214/6262/3 3216/6264/3
f 3223/6267/3 3225/6253/3 3218/6256/3 3211/6268/3
f 3234/6254/3 3228/6269/3 3219/6272/3 3209/6255/3
f 1180/5879/2 3245/5878/2 3425/6283/2 3401/6284/2
f 3227/6285/3 3068/6286/3 145/6287/3 1188/6288/3
f 3238/4711/3 3243/6289/3 1179/2904/3 2194/2908/3
f 2960/5886/4 2192/2554/4 1206/2555/4 1257/2940/4
f 3254/6290/3 3253/6291/3 3237/6292/3 3205/6293/3
f 3249/6294/3 3260/6295/3 3240/6296/3 3248/6297/3
f 3257/6071/3 3259/6298/3 3246/6299/3 3245/6072/3
f 3261/6300/3 3263/6301/3 3235/6302/3 3247/6303/3
f 3253/6291/3 3251/6304/3 3236/6305/3 3237/6292/3
f 3263/6301/3 3258/6306/3 3239/6307/3 3235/6302/3
f 3259/6298/3 3255/6308/3 3244/6309/3 3246/6299/3
f 3262/6310/3 3250/6311/3 3242/6312/3 3241/6313/3
f 3250/6311/3 3254/6290/3 3205/6293/3 3242/6312/3
f 2965/6280/3 3210/6266/3 3221/6265/3 3239/6307/3 3258/6306/3 3256/6281/3
f 3056/2529/4 2977/3121/4 2984/2527/4 1248/2531/4 1185/2530/4
f 3251/6304/3 3261/6300/3 3247/6303/3 3236/6305/3
f 3255/6308/3 3249/6294/3 3248/6297/3 3244/6309/3
f 3260/6295/3 3262/6310/3 3241/6313/3 3240/6296/3
f 1294/3142/4 1293/3141/4 1296/6314/4 1297/6315/4
f 1474/6316/6 55/6317/6 940/6318/6 1479/6319/6
f 1466/6320/6 3264/6321/6 40/6322/6 1470/6323/6
f 1459/6324/6 3266/6325/6 3265/6326/6 1462/6327/6
f 1450/6328/6 3268/6329/6 3267/6330/6 1454/6331/6
f 1442/6332/6 3270/6333/6 3269/6334/6 1446/6335/6
f 1433/6336/6 3272/6337/6 3271/6338/6 1438/6339/6
f 594/6340/6 3272/6337/6 1433/6336/6 1431/3507/6 1432/3506/6 1430/6341/6 3273/6342/6 59/6343/6 70/6344/6 73/6345/6
f 3273/6342/6 1430/6341/6 1439/6346/6 3274/6347/6
f 3274/6347/6 1439/6346/6 1440/3505/6 1441/3504/6 1438/6339/6 3271/6338/6 3270/6348/6 1442/6349/6 1445/6350/6 1443/6351/6 1444/6352/6 3275/6353/6
f 3275/6354/6 1444/6355/6 1448/6356/6 3276/6357/6
f 3276/6357/6 1448/6356/6 1447/3519/6 1449/3518/6 1446/6335/6 3269/6334/6 3268/6329/6 1450/6328/6 1451/3529/6 1453/3528/6 1452/6358/6 3277/6359/6
f 3277/6359/6 1452/6358/6 1456/6360/6 3278/6361/6
f 3278/6362/6 1456/6363/6 1455/6364/6 1457/6365/6 1454/6366/6 3267/6367/6 3266/6325/6 1459/6324/6 1461/3533/6 1458/3532/6 1460/6368/6 3279/6369/6
f 3279/6369/6 1460/6368/6 1464/6370/6 3280/6371/6
f 3273/6372/6 3274/6373/6 3275/6374/6 3276/6375/6 3277/6376/6 3278/6377/6 3279/6378/6 3280/6379/6 3286/6380/6 3285/6381/6 3284/6382/6 3283/6383/6 3282/6384/6 3281/6385/6 62/447/6 2/451/6 9/6386/6 59/6387/6
f 1484/6388/6 1436/3036/6 3281/3035/6 3282/6389/6
f 1484/6388/6 3282/6389/6 3283/6390/6 1480/6391/6 1478/6392/6 1481/6393/6 1479/6394/6 940/6395/6 1389/3270/6 1482/3269/6 1485/3509/6 1483/3508/6
f 3284/6396/6 1475/6397/6 1480/6398/6 3283/6399/6
f 3285/6400/6 1472/6401/6 1471/3542/6 1473/3545/6 1470/6323/6 40/6322/6 55/6317/6 1474/6316/6 1477/3552/6 1476/3551/6 1475/6397/6 3284/6396/6
f 3286/6402/6 1467/6403/6 1472/6401/6 3285/6400/6
f 3280/6371/6 1464/6370/6 1463/3531/6 1465/3530/6 1462/6327/6 3265/6326/6 3264/6404/6 1466/6405/6 1469/6406/6 1468/6407/6 1467/6408/6 3286/6409/6
f 1187/5879/2 2196/5878/2 3289/6044/2 3288/6043/2
f 1255/6410/165 3288/6410/165 3289/6411/178 3296/6412/178 3301/6413/178 3292/6414/178 3298/6415/178 3290/6416/178 3300/6417/178 3295/6418/178 3297/6419/178 3293/6420/178 3291/6421/178 3299/6422/178 3294/6423/178 3312/6424/178 3302/6425/178 3306/6426/178 3308/6427/178 3305/6428/178 3314/6429/178 3313/6430/178 3309/6431/178 3307/6432/178 3304/6433/178 3310/6434/178 3311/6435/178 3303/6436/178 3287/6437/165 1248/6437/165 2984/6438/178 1247/6439/178 1278/6440/178 3434/6441/178
f 3151/5878/4 1178/5879/4 3315/5948/4 3342/5947/4
f 1202/5879/2 3052/5878/2 3350/5881/2 3345/5880/2
f 1246/6442/165 3345/6442/165 3350/6443/179 3352/6444/179 3356/6445/179 3355/6446/179 3371/6447/179 3370/6448/179 3348/6449/179 3351/6450/179 3354/6451/179 3353/6452/179 3349/6453/179 3346/6454/179 3347/6455/179 3361/6456/179 3368/6457/179 3360/6458/179 3367/6459/179 3362/6460/179 3369/6461/179 3365/6462/179 3363/6463/179 3358/6464/179 3366/6465/179 3359/6466/179 3357/6467/179 3364/6468/179 3344/6469/165 1245/6469/165 2960/6470/179 1257/6471/179 1271/6472/179 3438/6473/179
f 1252/6474/165 3430/6475/180 1251/6476/180 1258/6477/180 3439/6478/180 1259/6479/165 3372/6479/165 3383/6480/180 3399/6481/180 3377/6482/180 3381/6483/180 3385/6484/180 3374/6485/180 3378/6486/180 3384/6487/180 3376/6488/180 3382/6489/180 3379/6490/180 3380/6491/180 3375/6492/180 3396/6493/180 3389/6494/180 3398/6495/180 3388/6496/180 3393/6497/180 3386/6498/180 3392/6499/180 3390/6500/180 3391/6501/180 3395/6502/180 3387/6503/180 3397/6504/180 3394/6505/180 3373/6474/165
f 3400/6506/3 3019/6507/3 2980/6214/3 3213/6213/3 3252/5903/3 3023/4709/3 2195/4708/3
f 3230/5878/4 1181/5879/4 3402/6284/4 3412/6283/4
f 3245/6508/181 3246/6509/181 3426/6509/181 3425/6508/181
f 1256/6510/165 3401/6510/165 3425/6511/182 3426/6512/182 3424/6513/182 3428/6514/182 3421/6515/182 3422/6516/182 3423/6517/182 3403/6518/182 3419/6519/182 3418/6520/182 3427/6521/182 3417/6522/182 3420/6523/182 3405/6524/182 3410/6525/182 3413/6526/182 3404/6527/182 3415/6528/182 3414/6529/182 3406/6530/182 3411/6531/182 3416/6532/182 3409/6533/182 3407/6534/182 3408/6535/182 3412/6536/182 3402/6537/165 1267/6537/165 3431/6538/182 1277/6539/182 1276/6540/182 3442/6541/182
f 3087/6542/3 3079/6160/3 3119/6165/3 3114/6543/3 3108/6544/3 3115/6545/3 3113/6546/3 3110/6547/3 3104/6548/3 3103/6549/3 3112/6550/3 3111/6551/3 3118/6552/3 3107/6553/3 3120/6554/3 3106/6555/3 3116/6556/3 3088/6557/3 3147/6558/3 3081/6559/3 3071/6560/3 3074/6561/3 3083/6562/3 3073/6563/3 3080/6564/3 3082/6565/3 3086/6566/3 3078/6567/3 3084/6568/3 3075/6569/3 3085/6570/3 3077/6571/3
f 3443/6572/3 3446/6573/3 3019/6574/3 3400/6575/3
f 3444/6576/3 3159/6577/3 3119/6578/3 3343/6579/3
f 2133/6580/3 230/6581/3 229/6582/3 238/6583/3 240/6584/3 225/6585/3 201/6586/3 202/6587/3 199/6588/3
f 3450/595/3 3451/6589/3 2167/6590/3 2163/596/3
f 3453/6591/3 3452/6592/3 3468/6593/3 2173/6594/3 2178/6595/3 2171/6596/3 278/6597/3 281/605/3 285/6598/3 288/6599/3 3463/6600/3 290/6601/3 3465/6602/3 284/6603/3 3461/6604/3 279/597/3 271/6605/3 2174/6606/3 2177/6607/3 2176/6608/3 3467/6609/3
f 321/531/3 323/6610/3 334/6611/3 324/518/3 3458/6612/3 329/6613/3 330/6614/3 3460/6615/3 333/6616/3 3456/6617/3 327/6618/3
f 2167/6619/3 3451/6620/3 3449/6621/3 2169/6622/3 2170/6623/3 2168/6624/3 2171/6625/3 2178/6626/3 2173/6627/3 3468/6628/3 3452/6629/3 2172/6630/3
f 293/6631/1 291/6632/1 337/6633/1 3554/6634/1 3556/6635/1
f 337/6636/4 338/6637/4 3470/6637/4 3469/6636/4
f 291/6638/5 337/6639/5 3469/6640/5
f 3471/6641/4 3473/6642/4 3476/6643/4 3475/6644/4
f 3472/6645/4 3480/6646/4 3482/6647/4 3479/6648/4 3471/6649/4 3475/6650/4
f 3476/6651/4 3474/6652/4 3472/6653/4 3475/6654/4
f 3478/6655/4 3479/6656/4 3482/6657/4 3481/6658/4
f 3477/6659/4 3580/6660/4 3579/6661/4 3478/6662/4 3481/6663/4
f 3482/6664/4 3480/6665/4 3477/6666/4 3481/6667/4
f 3483/6668/4 3485/6669/4 3488/6670/4 3487/6671/4
f 3484/6672/4 36/6673/4 60/6674/4 2115/6675/4 3483/6676/4 3487/6677/4
f 3488/6678/4 3486/6679/4 3484/6680/4 3487/6681/4
f 1321/6682/4 3474/6683/4 3476/6684/4 3473/6685/4 2119/6686/4 1320/6687/4 1322/6688/4
f 996/6689/6 1428/6690/6 1415/3310/6 1002/3309/6
f 3489/6691/3 3492/6692/3 1157/6693/3 1156/6694/3
f 3494/6695/3 3491/6696/3 1158/6697/3 1159/6698/3
f 1175/3458/6 1411/3457/6 1421/6699/6 991/6700/6
f 3499/6701/3 3498/6702/3 3505/6703/3 3500/6704/3 3497/6705/3 3526/6706/3 3523/6707/3 995/2377/3 989/2376/3 3496/6708/3 3495/6709/3
f 3499/6710/3 3495/6711/3 1115/6712/3 1171/6713/3
f 1405/6714/3 1128/6715/3 1115/6716/3 1404/6717/3
f 1164/3316/6 1416/3315/6 1426/6718/6 1024/6719/6
f 3504/6720/3 3502/6721/3 3494/6722/3 1159/6723/3
f 3501/6724/3 3504/6725/3 1159/6726/3 1163/6727/3
f 3505/6728/3 3503/6729/3 1174/6730/3 3500/6731/3
f 3506/6732/3 3519/6733/3 3514/6734/3 1168/6735/3
f 3503/6736/3 3506/6737/3 1168/6738/3 1174/6739/3
f 3514/6740/3 3519/2851/3 3516/2850/3 3520/6741/3 3515/6742/3 3518/6743/3 3511/6744/3 3508/6745/3 3513/6746/3 3507/2815/3 3512/2814/3 3509/6747/3 3510/6748/3 3528/6749/3 3521/6750/3 3522/6751/3 3531/6752/3 3517/6753/3
f 3509/6754/3 3512/6755/3 3501/6756/3 1163/6757/3
f 3513/6758/3 3508/6759/3 934/6760/3 1161/6761/3
f 3520/6762/3 3516/6763/3 1165/6764/3 1166/6765/3
f 3514/6766/3 3517/6767/3 1167/6768/3 1168/6769/3
f 1790/6770/183 1797/6771/183 1796/6772/183 1788/6773/183
f 206/6774/1 995/6774/1 3523/6775/1 3522/6776/1 3521/6777/1 1207/6778/1 1010/6779/1 205/6779/1 400/6780/1 402/6781/1 407/6782/1 405/6783/1
f 3517/6784/3 3531/6785/3 3530/6786/3 1167/6787/3
f 3524/6788/3 3527/6789/3 3529/6790/3 1207/6791/3 3521/6750/3 3528/6749/3
f 3525/6792/3 3530/6793/3 3531/6752/3 3522/6751/3 3523/6794/3 3526/6795/3
f 1404/6796/3 1115/6797/3 3495/6798/3 3496/6799/3
f 1288/6800/4 3534/6801/4 3533/3124/4 1284/3123/4
f 1298/6802/4 3536/6803/4 3535/3132/4 1291/3131/4
f 3537/6804/4 1295/6805/4 1292/3140/4 3538/3139/4
f 264/6806/1 412/6807/1 417/6808/1 260/6809/1 422/6810/1
f 3539/6811/4 1289/6812/4 1285/3128/4 3532/3127/4
f 3583/6813/4 1339/6814/4 1337/6815/4 3542/6816/4
f 565/6817/4 569/6818/4 567/6819/4 564/6820/4 568/6821/4 566/6822/4
f 422/6823/3 266/6824/3 1318/6825/165 267/6826/165 264/6827/3
f 946/6828/3 945/6829/3 3544/6830/3 3545/6831/3
f 3550/6832/3 3551/6833/3 3547/6834/3 3546/6835/3
f 932/6836/3 928/6837/3 3551/6838/3 3550/6839/3
f 3548/6840/3 3549/6841/3 987/6842/3 975/6843/3
f 3552/6844/3 3553/6845/3 983/6846/3 1000/6847/3
f 1009/6848/3 1012/6849/3 3553/6850/3 3552/6851/3
f 3545/6852/3 3544/6853/3 962/6854/3 965/6855/3
f 3555/6856/3 3554/6857/3 337/6858/3 338/6859/3
f 3556/6860/1 3554/6861/1 339/6862/1 335/6863/1 292/6864/1 294/6865/1
f 472/6866/78 3558/6867/78 3561/6868/78 455/6869/78
f 3560/6870/76 463/6871/36 1808/6872/39 3574/6873/44
f 1819/6874/184 3567/6875/184 1314/6876/184 27/6877/184 3568/6878/184 1820/6879/184
f 1809/1084/78 3562/1083/78 3563/6880/78 1811/6881/78
f 1813/6882/78 3564/6883/78 3565/6884/78 1815/6885/78
f 1817/6886/78 3566/6887/78 3567/6875/78 1819/6874/78
f 3569/6888/37 1818/6889/36 1820/6879/72 3568/6878/72
f 3571/6890/49 1814/6891/36 1816/6892/39 3570/6893/38
f 3573/1086/37 1810/1085/36 1812/6894/39 3572/6895/44
f 384/6896/1 390/6897/1 388/6898/1 193/6899/1 145/6900/1
f 1321/6901/4 1322/466/4 258/465/4 256/6902/4
f 37/6903/5 181/6904/5 367/6905/5 369/6906/5 342/6907/5
f 186/6908/5 371/6909/5 367/6910/5 181/6911/5
f 216/6912/1 375/6913/1 382/6914/1 379/6915/1 167/6916/1
f 199/6917/5 393/6918/5 395/6919/5 387/753/5 192/752/5 2134/6920/5 2133/6921/5
f 3575/6922/6 3576/6923/6 1358/6924/6 1341/6925/6
f 2123/6926/4 1319/6927/4 2112/6928/4 2124/6929/4
f 3579/6930/4 3580/6931/4 3486/6932/4 3488/6933/4 3485/6934/4
f 3581/6935/4 1309/6936/4 1312/6937/4 3541/6938/4
f 3629/6939/4 1307/6940/4 1308/6941/4 3587/6942/4 3584/6943/4 3586/6944/4 3582/6945/4 1310/6946/4 1309/6936/4 3581/6935/4
f 3582/6945/4 3622/6947/4 1313/6948/4 1310/6946/4
f 1311/6949/4 3774/6950/4 1339/6814/4 3583/6813/4
f 3584/6951/4 3587/6952/4 1308/6953/4
f 3586/6944/4 3584/6943/4 1308/6941/4 433/3152/4 3623/3151/4
f 3543/6954/4 1338/6955/4 1340/6956/4 3585/6957/4
f 594/6958/4 73/3336/4 1391/3339/4 1354/3267/4 505/3266/4
f 3589/3188/4 1335/3187/4 1333/3182/4 3597/3181/4
f 3590/3184/4 1334/3183/4 1336/3186/4 3588/3185/4
f 3692/6959/6 1545/6960/6 1542/6961/6 3691/6962/6
f 3592/6963/4 1329/6964/4 1332/3178/4 3591/3177/4
f 3633/3565/4 1488/3564/4 1487/3383/4 1301/3382/4
f 3594/932/4 1326/931/4 1328/242/4 3593/241/4
f 3739/6965/1 3734/3344/1 3707/3347/1 3701/6966/1
f 3596/6967/4 33/6968/4 31/934/4 3595/933/4
f 3678/6969/4 1498/6970/4 1499/6971/4 3644/6972/4 3642/6973/4 1497/6974/4 1496/6975/4 3679/6976/4
f 3598/3180/4 1331/3179/4 1330/6977/4 3599/6978/4
f 3696/6979/6 1553/6980/6 1550/6981/6 3695/6982/6
f 3600/244/4 1327/243/4 1325/930/4 3601/929/4
f 3704/6983/6 1552/6984/6 1553/6980/6 3696/6979/6 3697/6985/6 1554/6986/6 1555/6987/6 3702/6988/6
f 3602/936/4 32/935/4 34/6989/4 3603/6990/4
f 3608/6991/4 599/6992/4 602/6993/4 3618/6994/4 3617/6995/4 598/6996/4 597/6997/4 3607/6998/4
f 3605/3176/4 429/3175/4 426/42/4 3604/41/4
f 3607/6998/4 597/6997/4 434/3168/4 3606/3167/4
f 3609/6999/4 603/7000/4 599/7001/4 3608/7002/4
f 3610/918/4 1303/917/4 1300/7003/4 3611/7004/4
f 3659/7005/2 3657/3580/2 3631/3583/2 1388/7006/2
f 3614/7007/4 3613/7008/4 431/7009/4
f 3615/44/4 427/43/4 431/3174/4 3613/3172/4 3612/3171/4
f 3616/3170/4 596/3169/4 598/6996/4 3617/6995/4
f 3743/7010/1 3745/3620/1 3738/7011/1 3736/7012/1
f 3618/7013/4 602/7014/4 1299/7015/4 3619/7016/4
f 3620/7017/4 1302/7018/4 1305/916/4 3621/915/4
f 3619/7016/4 1299/7015/4 603/7000/4 3609/6999/4 3611/7004/4 1300/7003/4 1302/7018/4 3620/7017/4
f 1313/6948/4 3622/6947/4 600/7019/4 3540/7020/4 3541/6938/4 1312/6937/4
f 3699/3045/1 490/7021/1 1804/7022/1 1791/7023/1 3726/3647/1
f 3624/7024/4 1306/7025/4 82/912/4 3625/911/4
f 3626/914/4 35/913/4 88/7026/4 3627/7027/4
f 3628/3154/4 1304/3153/4 1307/6940/4 3629/6939/4
f 3676/7028/4 1503/7029/4 1502/7030/4 3648/7031/4 3646/7032/4 1501/7033/4 1500/7034/4 3677/7035/4
f 3646/7036/4 3644/6972/4 1499/6971/4 1501/7037/4
f 489/1129/1 543/1128/1 3647/1131/1 3643/1130/1
f 3675/7038/4 1506/7039/4 1507/7040/4 3652/7041/4 3649/7042/4 1505/7043/4 1504/7044/4 3674/7045/4
f 1505/7043/4 3649/7042/4 3648/7031/4 1502/7030/4
f 435/1408/1 1780/1407/1 1807/7046/1 1783/7047/1 3711/7048/1
f 566/7049/4 568/7050/4 3639/7051/4 3651/7052/4
f 3672/7053/4 1510/7054/4 1511/7055/4 3656/7056/4 3654/7057/4 1509/7058/4 1508/7059/4 3673/7060/4
f 1509/7061/4 3654/7062/4 3652/7041/4 1507/7040/4
f 432/7063/6 1522/7064/6 1523/7065/6 3662/7066/6 500/7067/6 600/7068/6
f 3662/3601/2 3665/3600/2 3637/3603/2 3636/3602/2
f 3670/7069/4 1514/7070/4 1515/7071/4 3660/7072/4 3658/7073/4 1513/7074/4 1512/7075/4 3671/7076/4
f 1513/7074/4 3658/7073/4 3656/7056/4 1511/7055/4
f 568/3575/5 481/1129/5 3650/1130/5 3639/3576/5
f 3650/3595/6 1388/7077/6 3631/7078/6 3655/7079/6 3653/3596/6
f 1517/7080/4 3661/7081/4 3660/7072/4 1515/7071/4
f 3668/7082/4 1518/7083/4 1519/7084/4 3664/7085/4 3661/7086/4 1517/7087/4 1516/7088/4 3669/7089/4
f 462/7090/6 3657/7091/6 3663/7092/6 443/7093/6 452/7094/6
f 1520/7095/4 1521/7096/4 3667/7097/4 594/7098/4 505/7099/4 493/7100/4 477/7101/4 474/7102/4 459/7103/4 454/7104/4 445/7105/4 3666/7106/4
f 1520/7095/4 3666/7106/4 3664/7085/4 1519/7084/4
f 3698/3162/6 1556/3161/6 1554/7107/6 3697/7108/6
f 3667/7097/4 1521/7096/4 1518/7083/4 3668/7082/4
f 3663/7109/6 3657/7110/6 3659/7111/6 3665/7112/6 3662/7066/6 1523/7065/6 440/7113/6
f 3669/7114/4 1516/7115/4 1514/7070/4 3670/7069/4
f 3723/3624/1 3741/3164/1 3742/3163/1 614/7116/1
f 3671/7076/4 1512/7075/4 1510/7054/4 3672/7053/4
f 3682/7117/6 1524/7118/6 1522/7064/6 432/7063/6
f 3673/7119/4 1508/7120/4 1506/7039/4 3675/7038/4
f 3674/7045/4 1504/7044/4 1503/7029/4 3676/7028/4
f 3684/7121/6 1528/7122/6 1527/7123/6 3683/7124/6
f 3686/7125/6 1532/7126/6 1531/7127/6 3685/7128/6
f 3677/7129/4 1500/7130/4 1498/6970/4 3678/6969/4
f 3688/7131/6 1536/7132/6 1535/7133/6 3687/7134/6
f 3679/6976/4 1496/6975/4 1494/7135/4 3680/7136/4
f 3690/7137/6 1540/7138/6 1538/7139/6 3689/7140/6
f 3681/3571/4 1492/3570/4 1490/7141/4 3634/7142/4
f 1495/7143/4 1497/6974/4 3642/6973/4 3640/7144/4
f 3738/7145/1 439/7146/1 3709/7147/1 501/2919/1
f 3706/7148/6 1551/7149/6 1552/6984/6 3704/6983/6
f 3708/7150/6 1547/7151/6 1548/7152/6 3710/7153/6
f 501/2919/1 3709/7147/1 1793/7154/1 1800/7155/1 1789/2920/1
f 1548/7152/6 1549/3605/6 3694/3604/6 3695/6982/6 1550/6981/6 1551/7149/6 3706/7148/6 3710/7153/6
f 3701/6966/1 3707/3347/1 1782/3646/1 1776/7156/1
f 3712/7157/6 1544/7158/6 1545/6960/6 3692/6959/6 3693/7159/6 1546/7160/6 1547/7161/6 3708/7162/6
f 3737/3044/1 3733/7163/1 490/7021/1 3699/3045/1
f 3741/3164/1 3743/3623/1 3736/7164/1 3734/3165/1
f 3714/7165/6 1543/7166/6 1544/7158/6 3712/7157/6
f 3716/7167/6 1539/7168/6 1541/7169/6 3717/7170/6
f 3711/7171/1 1783/7172/1 1792/7173/1 3713/7174/1
f 3713/7174/1 1792/7173/1 1798/7175/1 1794/7176/1 3715/7177/1
f 3691/6962/6 1542/6961/6 1543/7166/6 3714/7165/6 3717/7170/6 1541/7169/6 1540/7138/6 3690/7137/6
f 3689/7178/6 1538/7179/6 1539/7180/6 3716/7181/6 3720/7182/6 1537/7183/6 1536/7132/6 3688/7131/6
f 3736/7184/1 3738/7145/1 501/2919/1 3703/2918/1
f 3740/7185/1 3744/3612/1 3737/7186/1 439/7187/1
f 3722/7188/6 1534/7189/6 1537/7183/6 3720/7182/6
f 3683/7124/6 1527/7123/6 1526/7190/6 3725/7191/6 3724/7192/6 1525/7193/6 1524/7118/6 3682/7117/6
f 3719/7194/1 1806/7195/1 1774/7196/1 616/7197/1
f 1526/7190/6 1529/7198/6 3728/7199/6 3725/7191/6
f 3727/3613/1 3744/3612/1 3740/7185/1 3730/7200/1
f 3685/7201/6 1531/7202/6 1530/7203/6 3729/7204/6 3728/7199/6 1529/7198/6 1528/7122/6 3684/7121/6
f 3729/7205/6 1530/7206/6 1533/7207/6 3731/7208/6
f 3744/3612/1 3747/3611/1 3733/7209/1 3737/7186/1
f 3732/3621/1 3745/3620/1 3743/7010/1 1383/7210/1
f 3687/7134/6 1535/7133/6 1534/7189/6 3722/7188/6 3731/7208/6 1533/7207/6 1532/7126/6 3686/7125/6
f 3745/3620/1 3740/3619/1 439/7211/1 3738/7011/1
f 440/7113/6 1523/7065/6 1525/7193/6 3724/7192/6
f 3749/2142/1 3748/2141/1 3751/7212/1 3750/7213/1
f 3750/7213/1 3751/7212/1 3752/7214/1 3753/7215/1
f 3753/7215/1 3752/7214/1 3755/7216/1 3754/7217/1
f 3754/7218/1 3755/7219/1 3757/7220/1 3756/7221/1
f 3756/7221/1 3757/7220/1 3759/7222/1 3758/7223/1
f 3758/7223/1 3759/7222/1 582/7224/1 3760/7225/1
f 3760/7225/1 582/7224/1 3761/7226/1 3762/7227/1
f 3762/7228/1 3761/7229/1 581/7230/1 589/7231/1
f 3765/7232/1 3771/7233/1 3772/7234/1 591/7235/1
f 3769/2077/1 3763/7236/1 583/7237/1 586/2078/1
f 3763/7238/1 3761/7226/1 582/7224/1 583/7239/1
f 3764/1330/1 3767/2076/1 578/2075/1 585/1331/1
f 3771/2175/1 3770/2174/1 579/7240/1 3768/7241/1
f 3772/7234/1 3771/7233/1 3768/69/1 580/68/1
f 1340/6956/4 3773/7242/4 595/7243/4 3585/6957/4
f 1339/6814/4 3774/6950/4 3773/7242/4 1340/6956/4
f 1/7244/2 614/7245/2 3742/7246/2 3739/7247/2 3701/7248/2 1776/7249/2 1775/7250/2 615/7251/2 12/7252/2
f 3324/7253/3 3342/7254/3 3315/7255/3 3316/7256/3
f 1274/7257/178 1275/7258/178 3436/7259/178 1266/7256/165 3316/7256/165 3315/7255/165 1262/7255/165 2974/7260/178
f 3319/7261/3 3326/7262/3 3327/7263/3 3317/7264/3 3320/7265/3 3325/7266/3 3318/7267/3 3321/7268/3 3329/7269/3 3332/7270/3 3338/7271/3 3340/7272/3 3330/7273/3 3336/7274/3 3335/7275/3 3341/7276/3 3333/7277/3 3334/7278/3 3337/7279/3 3339/7280/3 3331/7281/3 3342/7254/3 3324/7253/3 3328/7282/3 3322/7283/3 3323/7284/3
f 2872/7285/185 2871/7286/185 2868/7287/185 2865/7288/185 2862/7289/185 2861/7290/185 2857/4812/165 766/4812/165 767/4811/165 2858/4811/165 2875/7291/185 2877/7292/185 2878/7293/185 2883/7294/185 2873/7295/185 2879/7296/185 2881/7297/185 2874/7298/185 2882/7299/185 2886/7300/185 2885/7301/185 2880/7302/185 2884/7303/185 2876/7304/185 2867/7305/185 2870/7306/185 2869/7307/185 2864/7308/185 2860/7309/185 2859/7310/185 2866/7311/185 2863/7312/185
f 95/7313/186 99/7314/187 111/7315/187 119/7316/186
f 99/7317/187 103/7318/188 109/7319/188 111/7320/187
f 102/7321/189 110/7322/190 103/7323/188 99/7324/187 95/7325/186 101/7326/191 97/7327/192 142/7328/193 93/7329/194 2152/7330/2 2160/7331/2 2159/7332/2 2158/7333/2 2157/7334/2 2156/7335/2 2155/7336/2 2154/7337/2 2153/7338/2 86/7339/194 140/7340/195 96/7341/196 100/7342/197 94/7343/198 98/7344/199
f 110/7345/190 102/7346/189 108/7347/189 127/7348/190
f 97/7349/192 101/7350/191 118/7351/191 123/7352/192
f 94/7353/198 100/7354/197 112/7355/197 113/7356/198
f 98/7357/199 94/7353/198 113/7356/198 124/7358/199
f 102/7359/189 98/7360/199 124/7361/199 108/7362/189
f 121/7363/200 116/7364/201 136/7365/202 138/7366/203
f 125/7367/204 115/7368/205 135/7369/206 131/7370/207
f 104/7371/208 121/7372/200 138/7373/203 133/7374/209
f 118/7326/191 119/7325/186 111/7324/187 109/7323/188 127/7322/190 108/7321/189 124/7344/199 113/7343/198 112/7342/197 120/7341/196 2161/7375/210 107/7376/211 106/278/212 122/277/213 114/276/214 115/275/205 125/274/204 128/273/215 126/272/216 117/271/217 116/270/201 121/280/200 104/279/208 105/7377/218 2162/7328/219 123/7327/192
f 115/7378/205 114/7379/214 134/7380/220 135/7381/206
f 128/7382/215 125/7383/204 131/7384/207 130/7385/221
f 101/7350/191 95/7313/186 119/7316/186 118/7351/191
f 100/7354/197 96/7386/196 120/7387/196 112/7355/197
f 96/7388/196 140/7389/195 2161/7390/210 120/7391/196
f 116/7364/201 117/7392/217 137/7393/222 136/7365/202
f 126/7394/216 128/7382/215 130/7385/221 129/7395/223
f 122/7372/213 106/7371/212 132/7374/224 139/7373/225
f 117/7396/217 126/7397/216 129/7398/223 137/7399/222
f 114/7379/214 122/7400/213 139/7401/225 134/7380/220
f 57/7402/226 255/7403/227 244/7404/228 232/7405/229
f 174/7406/230 232/7407/229 244/7408/228 245/7409/231
f 231/7410/232 246/7411/233 254/7403/234 242/7402/235
f 235/7412/236 233/7413/237 248/7414/238 249/7415/239
f 234/7416/240 237/7417/241 251/7418/242 250/7419/243
f 231/7420/232 173/7421/244 247/7422/245 246/7423/233
f 171/7424/246 234/7416/240 250/7419/243 252/7425/247
f 237/7417/241 235/7412/236 249/7415/239 251/7418/242
f 233/7413/237 172/7426/248 253/7427/249 248/7414/238
f 172/7426/248 174/7406/230 245/7409/231 253/7427/249
f 173/7421/244 171/7424/246 252/7425/247 247/7422/245
f 296/7428/250 311/7429/251 321/7430/252 327/7431/253 286/7432/254 280/7433/255
f 3462/7434/256 322/7435/257 313/7436/258 298/7437/258 279/7438/259 3461/7439/256
f 3455/7440/260 3456/7441/261 333/7442/262 289/7443/263
f 288/7444/264 285/7445/265 328/7446/266 332/7447/267
f 3465/7448/268 290/7449/269 331/7450/269 3466/7451/270
f 301/7452/271 317/7453/271 325/7454/272 328/7446/266 285/7445/265 281/7455/273
f 282/7456/274 3459/7457/275 3458/7458/276 324/7459/277 316/7460/278 300/7461/279
f 287/7462/280 330/7463/281 329/7464/282 3457/7465/283 283/7466/284
f 2658/7467/285 2655/7468/286 2746/7469/287 2748/7470/288
f 103/7471/188 110/7345/190 127/7348/190 109/7472/188
f 2162/7473/219 142/7474/193 97/7475/192 123/7476/192
f 2846/7477/289 2856/7478/290 2946/7479/291 2936/7480/292
f 2804/7481/293 2809/7482/294 2898/7483/295 2893/7484/296
f 2614/7485/297 2609/7486/298 2698/7487/299 2703/7488/300
f 2304/7489/301 2305/7490/302 2329/7491/303 2328/7492/304
f 2273/7493/305 2274/7494/306 2311/7495/307 2310/7496/308
f 2302/7497/309 2300/7498/310 2325/7499/311 2327/7500/312
f 2275/7501/313 2277/7502/314 2314/7503/315 2312/7504/316
f 2282/7505/317 2279/7506/318 2315/7507/319 2317/7508/320
f 2292/7509/321 2290/7510/322 2323/7511/323 2324/7512/324
f 2276/7513/325 2275/7501/313 2312/7504/316 2313/7514/326
f 2281/7515/327 2283/7516/328 2318/7517/329 2316/7518/330
f 2289/7519/331 2286/7520/332 2320/7521/333 2322/7522/334
f 2305/7490/302 2302/7497/309 2327/7500/312 2329/7491/303
f 2274/7494/306 2276/7513/325 2313/7514/326 2311/7495/307
f 2300/7498/310 2282/7505/317 2317/7508/320 2325/7499/311
f 2279/7506/318 2281/7515/327 2316/7518/330 2315/7507/319
f 2290/7510/322 2287/7523/335 2321/7524/336 2323/7511/323
f 2301/7525/337 2304/7489/301 2328/7492/304 2326/7526/338
f 2283/7516/328 2285/7527/339 2319/7528/340 2318/7517/329
f 2286/7520/332 2292/7509/321 2324/7512/324 2320/7521/333
f 2277/7502/314 2289/7519/331 2322/7522/334 2314/7503/315
f 2821/7529/341 2827/7530/342 2916/7531/343 2910/7532/344
f 2605/7533/345 2615/7534/346 2704/7535/347 2694/7536/348
f 2632/7537/349 2628/7538/350 2717/7539/351 2721/7540/352
f 2609/7486/298 2611/7541/353 2700/7542/354 2698/7487/299
f 2631/7537/209 2632/7537/349 2721/7540/352 2720/7540/209
f 2610/7543/355 2605/7533/345 2694/7536/348 2699/7544/356
f 2608/7545/357 2614/7485/297 2703/7488/300 2697/7546/358
f 2623/7547/359 2622/7548/360 2711/7549/361 2712/7550/362
f 2624/7551/363 2619/7552/364 2708/7553/365 2713/7554/366
f 2613/7555/367 2618/7556/368 2707/7557/369 2702/7558/370
f 2622/7548/360 2620/7559/371 2709/7560/372 2711/7549/361
f 2617/7561/373 2607/7562/374 2696/7563/375 2706/7564/376
f 2621/7565/377 2630/7566/378 2719/7567/379 2710/7568/377
f 2641/7569/380 2634/7570/381 2725/7571/382 2732/7572/383
f 2661/7573/384 2647/7574/385 2738/7575/386 2751/7576/387
f 2644/7577/388 2646/7578/389 2737/7579/390 2735/7580/391
f 2645/7581/392 2635/7582/393 2726/7583/394 2736/7584/395
f 2652/7585/396 2649/7586/397 2740/7587/398 2743/7588/399
f 2655/7468/286 2638/7589/400 2729/7590/401 2746/7469/287
f 2639/7591/297 2641/7569/380 2732/7572/383 2730/7592/402
f 2648/7593/403 2656/7594/404 2747/7595/405 2739/7596/406
f 2650/7597/407 2659/7598/408 2749/7599/409 2741/7600/407
f 2643/7601/410 2640/7602/411 2731/7603/412 2734/7604/413
f 2647/7574/385 2658/7467/285 2748/7470/288 2738/7575/386
f 2638/7589/400 2643/7601/410 2734/7604/413 2729/7590/401
f 2601/7605/414 2593/7605/415 2680/7606/416 2688/7606/417
f 2602/7607/418 2600/7608/419 2687/7609/420 2689/7610/421
f 2593/7605/415 2599/7611/422 2686/7612/423 2680/7606/416
f 2581/7613/424 2590/7614/425 2677/7615/426 2668/7616/427
f 2603/7617/428 2596/7618/429 2683/7619/430 2690/7620/431
f 2596/7618/429 2598/7621/432 2685/7622/433 2683/7619/430
f 2584/7623/434 2587/7624/435 2674/7625/436 2671/7626/437
f 2599/7611/422 2594/7627/438 2681/7628/439 2686/7612/423
f 2600/7608/419 2595/7629/440 2682/7630/441 2687/7609/420
f 2580/7631/442 2581/7613/424 2668/7616/427 2667/7632/443
f 2598/7621/432 2592/7633/444 2679/7634/445 2685/7622/433
f 2597/7635/446 2602/7607/418 2689/7610/421 2684/7636/447
f 2589/7637/448 2585/7638/449 2672/7639/450 2676/7640/451
f 2582/7641/452 2588/5530/453 2675/5533/454 2669/7642/455
f 2594/7627/438 2604/7643/456 2691/7644/457 2681/7628/439
f 2583/7645/458 2580/7631/442 2667/7632/443 2670/7646/459
f 2578/7647/460 2583/7645/458 2670/7646/459 2665/7648/461
f 2604/7643/456 2591/7649/462 2678/7650/463 2691/7644/457
f 2586/7651/464 2582/7641/452 2669/7642/455 2673/7652/465
f 2595/7629/440 2577/7653/466 2664/7654/467 2682/7630/441
f 2577/7653/466 2589/7637/448 2676/7640/451 2664/7654/467
f 2579/7655/468 2586/7651/464 2673/7652/465 2666/7656/469
f 2592/7633/444 2597/7635/446 2684/7636/447 2679/7634/445
f 2587/7624/435 2578/7647/460 2665/7648/461 2674/7625/436
f 2591/7649/462 2603/7617/428 2690/7620/431 2678/7650/463
f 2585/7638/449 2584/7623/434 2671/7626/437 2672/7639/450
f 2590/7614/425 2579/7655/468 2666/7656/469 2677/7615/426
f 2626/7657/470 2625/7658/471 2714/7659/472 2715/7660/473
f 2612/7661/474 2613/7555/367 2702/7558/370 2701/7662/475
f 2630/7566/378 2623/7547/359 2712/7550/362 2719/7567/379
f 2618/7556/368 2616/7556/476 2705/7557/477 2707/7557/369
f 2625/7658/471 2624/7551/363 2713/7554/366 2714/7659/472
f 2615/7534/346 2608/7545/357 2697/7546/358 2704/7535/347
f 2606/7663/478 2612/7661/474 2701/7662/475 2695/7664/479
f 2620/7559/371 2627/7665/480 2716/7666/481 2709/7560/372
f 2619/7552/364 2621/7565/377 2710/7568/377 2708/7553/365
f 2611/7541/353 2606/7663/478 2695/7664/479 2700/7542/354
f 2629/7667/482 2617/7561/373 2706/7564/376 2718/7668/483
f 2627/7665/480 2629/7667/482 2718/7668/483 2716/7666/481
f 2628/7538/350 2626/7657/470 2715/7660/473 2717/7539/351
f 2607/7562/374 2610/7543/355 2699/7544/356 2696/7563/375
f 2654/7669/484 2661/7573/384 2751/7576/387 2745/7670/485
f 2656/7594/404 2653/7671/486 2744/7672/487 2747/7595/405
f 2642/7673/488 2633/7674/489 2724/7675/490 2733/7676/488
f 2660/7677/491 2650/7597/407 2741/7600/407 2750/7678/492
f 2640/7602/411 2644/7577/388 2735/7580/391 2731/7603/412
f 2633/7674/489 2645/7581/392 2736/7584/395 2724/7675/490
f 2649/7586/397 2648/7593/403 2739/7596/406 2740/7587/398
f 2653/7671/486 2660/7677/491 2750/7678/492 2744/7672/487
f 2637/7679/493 2642/7673/488 2733/7676/488 2728/7680/494
f 2651/7681/495 2654/7669/484 2745/7670/485 2742/7682/495
f 2646/7578/389 2636/7683/496 2727/7684/497 2737/7579/390
f 2659/7598/408 2651/7681/495 2742/7682/495 2749/7599/409
f 2636/7683/496 2639/7591/297 2730/7592/402 2727/7684/497
f 2634/7570/381 2637/7679/493 2728/7680/494 2725/7571/382
f 2792/7685/498 2794/7686/499 2881/7687/500 2879/7688/501
f 2783/7689/502 2782/7690/503 2869/7691/504 2870/7692/505
f 2782/7690/503 2777/7693/506 2864/7694/507 2869/7691/504
f 2785/7695/508 2784/7696/509 2871/7697/510 2872/7698/511
f 2788/7699/512 2790/7700/513 2877/7701/514 2875/7702/515
f 2797/7703/516 2789/7704/517 2876/7705/518 2884/7706/519
f 2799/7707/520 2798/7708/521 2885/7709/522 2886/7710/523
f 2781/7711/524 2778/7712/525 2865/7713/526 2868/7714/527
f 2796/7715/528 2786/7716/529 2873/7717/530 2883/7718/531
f 2778/7712/525 2775/7719/532 2862/7720/533 2865/7713/526
f 2787/7721/534 2795/7722/535 2882/7723/536 2874/7724/537
f 2798/7708/521 2793/7725/538 2880/7726/539 2885/7709/522
f 2784/7696/509 2781/7711/524 2868/7714/527 2871/7697/510
f 2813/7727/540 2802/7728/541 2891/7729/542 2902/7730/543
f 2824/7731/544 2823/7732/545 2912/7733/546 2913/7734/547
f 2802/7728/541 2801/7735/548 2890/7736/549 2891/7729/542
f 2816/7737/550 2821/7529/341 2910/7532/344 2905/7738/550
f 2801/7735/548 2810/7739/551 2899/7740/552 2890/7736/549
f 2817/7741/553 2822/7742/554 2911/7743/555 2906/7744/556
f 2809/7482/294 2811/7745/557 2900/7746/558 2898/7483/295
f 2818/7747/559 2826/7748/560 2915/7749/561 2907/7750/562
f 2822/7742/554 2813/7727/540 2902/7730/543 2911/7743/555
f 2827/7530/342 2820/7751/563 2909/7752/563 2916/7531/343
f 2815/7753/564 2817/7741/553 2906/7744/556 2904/7754/565
f 2808/7755/566 2807/7756/567 2896/7757/568 2897/7758/569
f 2847/7759/570 2844/7760/571 2934/7761/572 2937/7762/573
f 2851/7763/574 2854/7764/575 2944/7765/576 2941/7766/577
f 2838/7767/578 2830/7768/579 2920/7769/580 2928/7770/581
f 2855/7771/582 2846/7477/289 2936/7480/292 2945/7772/583
f 2842/7773/584 2834/7774/585 2924/7775/586 2932/7776/587
f 2849/7777/588 2850/7778/589 2940/7779/590 2939/7780/591
f 2844/7760/571 2855/7771/582 2945/7772/583 2934/7761/572
f 2834/7774/585 2833/7781/592 2923/7782/593 2924/7775/586
f 2840/7783/594 2839/7784/595 2929/7785/596 2930/7786/597
f 2835/7787/598 2840/7783/594 2930/7786/597 2925/7788/599
f 2845/7789/600 2852/7790/601 2942/7791/602 2935/7792/603
f 2832/7793/604 2831/7794/605 2921/7795/606 2922/7796/607
f 2850/7778/589 2836/7797/608 2926/7798/609 2940/7779/590
f 2780/7799/610 2783/7689/502 2870/7692/505 2867/7800/611
f 2789/7704/517 2780/7799/610 2867/7800/611 2876/7705/518
f 2794/7686/499 2787/7721/534 2874/7724/537 2881/7687/500
f 2776/7801/612 2785/7695/508 2872/7698/511 2863/7802/613
f 2793/7725/538 2797/7703/516 2884/7706/519 2880/7726/539
f 2772/7803/614 2779/7804/615 2866/7805/616 2859/7806/617
f 2795/7722/535 2799/7707/520 2886/7710/523 2882/7723/536
f 2779/7804/615 2776/7801/612 2863/7802/613 2866/7805/616
f 2790/7700/513 2791/7807/618 2878/7808/619 2877/7701/514
f 2777/7693/506 2773/7809/620 2860/7810/621 2864/7694/507
f 2786/7716/529 2792/7685/498 2879/7688/501 2873/7717/530
f 2791/7807/618 2796/7715/528 2883/7718/531 2878/7808/619
f 2775/7719/532 2774/7719/622 2861/7720/623 2862/7720/533
f 2773/7809/620 2772/7803/614 2859/7806/617 2860/7810/621
f 2806/7811/624 2800/7812/625 2889/7813/626 2895/7814/627
f 2825/7815/628 2818/7747/559 2907/7750/562 2914/7816/629
f 2812/7817/630 2806/7811/624 2895/7814/627 2901/7818/631
f 2814/7819/632 2816/7737/550 2905/7738/550 2903/7820/633
f 2803/7821/634 2808/7755/566 2897/7758/569 2892/7822/635
f 2819/7823/636 2825/7815/628 2914/7816/629 2908/7824/637
f 2800/7812/625 2805/7812/638 2894/7813/639 2889/7813/626
f 2826/7748/560 2814/7819/632 2903/7820/633 2915/7749/561
f 2807/7756/567 2812/7817/630 2901/7818/631 2896/7757/568
f 2820/7751/563 2824/7731/544 2913/7734/547 2909/7752/563
f 2810/7739/551 2804/7481/293 2893/7484/296 2899/7740/552
f 2823/7732/545 2815/7753/564 2904/7754/565 2912/7733/546
f 2811/7745/557 2803/7821/634 2892/7822/635 2900/7746/558
f 2829/7825/640 2838/7767/578 2928/7770/581 2919/7826/641
f 2856/7478/290 2845/7789/600 2935/7792/603 2946/7479/291
f 2853/7827/642 2851/7763/574 2941/7766/577 2943/7828/643
f 2836/7797/608 2835/7787/598 2925/7788/599 2926/7798/609
f 2848/7829/644 2849/7777/588 2939/7780/591 2938/7830/645
f 2837/7831/646 2841/7832/647 2931/7833/648 2927/7834/649
f 2854/7764/575 2843/7835/650 2933/7836/651 2944/7765/576
f 2830/7768/579 2842/7773/584 2932/7776/587 2920/7769/580
f 2843/7835/650 2848/7829/644 2938/7830/645 2933/7836/651
f 2831/7794/605 2837/7831/646 2927/7834/649 2921/7795/606
f 2839/7784/595 2832/7793/604 2922/7796/607 2929/7785/596
f 2852/7790/601 2853/7827/642 2943/7828/643 2942/7791/602
f 2841/7832/647 2829/7825/640 2919/7826/641 2931/7833/648
f 3133/7837/652 3122/7838/653 3317/7839/654 3327/7840/655
f 3140/7841/656 3141/7842/657 3334/7843/658 3333/7844/659
f 3236/7845/660 3247/7846/661 3427/7847/662 3418/7848/663
f 3048/7849/664 3094/7850/665 3361/7851/666 3347/7852/667
f 3093/7853/668 3100/7854/669 3367/7855/670 3360/7856/671
f 3051/7857/672 3047/7858/673 3346/7859/674 3349/7860/675
f 3102/7861/676 3098/7862/677 3365/7863/678 3369/7864/679
f 3100/7854/669 3095/7865/680 3362/7866/681 3367/7855/670
f 3170/7867/682 3050/7868/683 3348/7869/684 3370/7870/685
f 3052/7871/686 3060/7872/687 3352/7873/688 3350/7874/689
f 3099/7875/690 3091/7876/691 3359/7877/692 3366/7878/693
f 3095/7865/680 3102/7861/676 3369/7864/679 3362/7866/681
f 3177/7879/694 3066/7880/695 3303/7881/696 3311/7882/697
f 3144/7883/698 3146/7884/699 3339/7885/700 3337/7886/701
f 3135/7887/702 3139/7888/703 3332/7889/704 3329/7890/705
f 3029/7891/706 3057/7892/707 3301/7893/708 3296/7894/709
f 3139/7888/703 3145/7895/710 3338/7896/711 3332/7889/704
f 3123/7897/712 3127/7898/713 3321/7899/714 3318/7900/715
f 3172/7901/716 3177/7879/694 3311/7882/697 3310/7902/717
f 3057/7892/707 2975/7891/718 3292/7894/719 3301/7893/708
f 2975/7891/718 3034/7903/720 3298/7904/721 3292/7894/719
f 3049/7905/722 2985/7906/723 3294/7907/724 3299/7908/725
f 3146/7884/699 3138/7909/726 3331/7910/727 3339/7885/700
f 3129/7911/728 3124/7912/729 3319/7913/730 3323/7914/731
f 3138/7909/726 3151/7841/732 3342/7844/733 3331/7910/727
f 3127/7898/713 3135/7887/702 3329/7890/705 3321/7899/714
f 3124/7912/729 3132/7915/734 3326/7916/735 3319/7913/730
f 3105/7917/736 3172/7901/716 3310/7902/717 3304/7918/737
f 3132/7915/734 3133/7837/652 3327/7840/655 3326/7916/735
f 3150/7919/738 3140/7841/656 3333/7844/659 3341/7920/739
f 2972/7921/740 3049/7905/722 3299/7908/725 3291/7922/741
f 2961/7923/742 3054/7924/743 3300/7925/744 3290/7926/745
f 3169/7927/746 3109/7928/747 3305/7929/748 3308/7930/749
f 3054/7924/743 3024/7931/750 3295/7932/751 3300/7925/744
f 3193/7933/752 3170/7867/682 3370/7870/685 3371/7934/753
f 2999/7935/754 3000/7936/755 3380/7937/756 3379/7938/757
f 3053/7939/758 3062/7940/759 3354/7941/760 3351/7942/761
f 3008/7943/762 3013/7944/763 3393/7945/764 3388/7946/765
f 3094/7850/665 3101/7947/766 3368/7948/767 3361/7851/666
f 3015/7949/768 3007/7950/769 3387/7951/770 3395/7952/771
f 3006/7953/772 3012/7954/773 3392/7955/774 3386/7956/775
f 2996/7957/776 3002/7958/777 3382/7959/778 3376/7960/779
f 3016/7961/780 3009/7962/781 3389/7963/782 3396/7964/783
f 3002/7958/777 2999/7935/754 3379/7938/757 3382/7959/778
f 3010/7965/784 3011/7966/785 3391/7967/786 3390/7968/787
f 2995/7969/788 3016/7961/780 3396/7964/783 3375/7970/789
f 3171/7971/790 3121/7972/791 3307/7973/792 3309/7974/793
f 2997/7975/794 3001/7975/795 3381/7976/796 3377/7976/797
f 3004/7977/798 2996/7957/776 3376/7960/779 3384/7978/799
f 2985/7906/723 3178/7979/800 3312/7980/801 3294/7907/724
f 3223/7981/802 3224/7982/803 3408/7983/804 3407/7984/805
f 3228/7985/806 3234/7986/807 3416/7987/808 3411/7988/809
f 3246/7989/810 3244/7990/811 3424/7991/812 3426/7992/813
f 3221/7993/814 3226/7994/815 3410/7995/816 3405/7996/817
f 3240/7997/818 3241/7998/819 3422/7999/820 3421/8000/821
f 3225/8001/822 3223/7981/802 3407/7984/805 3409/8002/823
f 3235/8003/824 3239/8004/825 3420/8005/826 3417/8006/827
f 3220/8007/828 3233/8008/829 3415/8009/830 3404/8010/831
f 3244/7990/811 3248/8011/832 3428/8012/833 3424/7991/812
f 3231/8013/834 3220/8007/828 3404/8010/831 3413/8014/835
f 3237/8015/836 3236/7845/660 3418/7848/663 3419/8016/837
f 3226/7994/815 3231/8013/834 3413/8014/835 3410/7995/816
f 3178/7979/800 3063/8017/838 3302/8018/839 3312/7980/801
f 3109/7928/747 3181/8019/840 3314/8020/841 3305/7929/748
f 3034/7903/720 2961/7923/742 3290/7926/745 3298/7904/721
f 3117/8021/842 3169/7927/746 3308/7930/749 3306/8022/843
f 3181/8019/840 3180/8023/844 3313/8024/845 3314/8020/841
f 3031/8025/846 2982/8026/847 3293/8027/848 3297/8028/849
f 3063/8017/838 3117/8021/842 3306/8022/843 3302/8018/839
f 2196/7891/211 3029/7891/706 3296/7894/709 3289/7894/211
f 2982/8026/847 2972/7921/740 3291/7922/741 3293/8027/848
f 3024/7931/750 3031/8025/846 3297/8028/849 3295/7932/751
f 3121/7972/791 3105/7917/736 3304/7918/737 3307/7973/792
f 3180/8023/844 3171/7971/790 3309/7974/793 3313/8024/845
f 3149/8029/850 3137/8030/851 3330/8031/852 3340/8032/853
f 3131/8033/854 3123/7897/712 3318/7900/715 3325/8034/855
f 3137/8030/851 3143/8035/856 3336/8036/857 3330/8031/852
f 3128/8037/858 3129/7911/728 3323/7914/731 3322/8038/859
f 3134/8039/860 3128/8037/858 3322/8038/859 3328/8040/861
f 3145/7895/710 3149/8029/850 3340/8032/853 3338/7896/711
f 3130/7915/862 3134/8039/860 3328/8040/861 3324/7916/863
f 3125/8041/864 3131/8033/854 3325/8034/855 3320/8042/864
f 3143/8035/856 3142/8043/865 3335/8044/866 3336/8036/857
f 3122/7838/653 3125/8041/864 3320/8042/864 3317/7839/654
f 3142/8043/865 3150/7919/738 3341/7920/739 3335/8044/866
f 3141/7842/657 3144/7883/698 3337/7886/701 3334/7843/658
f 3047/7858/673 3048/7849/664 3347/7852/667 3346/7859/674
f 3070/7872/867 3069/8045/868 3355/8046/869 3356/7873/870
f 3101/7947/766 3093/7853/668 3360/7856/671 3368/7948/767
f 3060/7872/687 3070/7872/867 3356/7873/870 3352/7873/688
f 3050/7868/683 3053/7939/758 3351/7942/761 3348/7869/684
f 3098/7862/677 3096/8047/871 3363/8048/872 3365/7863/678
f 3061/8049/873 3051/7857/672 3349/7860/675 3353/8050/874
f 3089/7875/875 3097/8051/876 3364/8052/877 3357/7878/878
f 3096/8047/871 3090/8053/879 3358/8054/880 3363/8048/872
f 3091/7876/691 3089/7875/875 3357/7878/878 3359/7877/692
f 3062/7940/759 3061/8049/873 3353/8050/874 3354/7941/760
f 3069/8045/868 3193/7933/752 3371/7934/753 3355/8046/869
f 3090/8053/879 3099/7875/690 3366/7878/693 3358/8054/880
f 3018/8055/881 3008/7943/762 3388/7946/765 3398/8056/882
f 2998/8057/883 3004/7977/798 3384/7978/799 3378/8058/884
f 2994/8059/885 2998/8057/883 3378/8058/884 3374/8060/886
f 3011/7966/785 3015/7949/768 3395/7952/771 3391/7967/786
f 3003/8061/887 3202/8062/888 3399/8063/889 3383/8064/890
f 3013/7944/763 3006/7953/772 3386/7956/775 3393/7945/764
f 3009/7962/781 3018/8055/881 3398/8056/882 3389/7963/782
f 3001/7975/795 3005/8065/891 3385/8066/892 3381/7976/796
f 3005/8065/891 2994/8059/885 3374/8060/886 3385/8066/892
f 3012/7954/773 3010/7965/784 3390/7968/787 3392/7955/774
f 3202/8062/888 2997/7975/794 3377/7976/797 3399/8063/889
f 3007/7950/769 3017/8067/893 3397/8068/894 3387/7951/770
f 3000/7936/755 2995/7969/788 3375/7970/789 3380/7937/756
f 3241/7998/819 3242/8069/895 3423/8070/896 3422/7999/820
f 3205/8071/897 3237/8015/836 3419/8016/837 3403/8072/898
f 3222/8073/899 3228/7985/806 3411/7988/809 3406/8074/900
f 3239/8004/825 3221/7993/814 3405/7996/817 3420/8005/826
f 3242/8069/895 3205/8071/897 3403/8072/898 3423/8070/896
f 3233/8008/829 3232/8075/901 3414/8076/902 3415/8009/830
f 3248/8011/832 3240/7997/818 3421/8000/821 3428/8012/833
f 3232/8075/901 3222/8073/899 3406/8074/900 3414/8076/902
f 3234/7986/807 3225/8001/822 3409/8002/823 3416/7987/808
f 3224/7982/803 3230/8077/903 3412/8078/904 3408/7983/804
f 3247/7846/661 3235/8003/824 3417/8006/827 3427/7847/662
f 3447/408/905 230/8079/906 222/8080/907 2186/409/908
f 3447/408/905 2187/407/909 229/8081/910 230/8079/906
f 2187/407/909 2188/406/911 238/8082/912 229/8081/910
f 2188/406/911 2189/405/913 240/8083/914 238/8082/912
f 2186/409/908 222/8080/907 224/8084/915 2184/410/916
f 2184/410/916 224/8084/915 236/8085/917 2183/411/918
f 236/8085/917 239/8086/919 2182/412/920 2183/411/918
f 218/8087/921 221/8088/922 223/8089/923 2181/413/924 2182/412/920 239/8086/919
f 227/8090/925 225/8091/926 240/8083/914 2189/405/913 2185/404/927 228/8092/928
f 3464/8093/929 331/7450/269 290/7449/269 3463/8094/929
f 286/7432/254 327/7431/253 3456/7441/261 3455/7440/260
f 3458/7458/276 3459/7457/275 283/7466/284 3457/7465/283 329/7464/282
f 289/7443/263 333/7442/262 3460/8095/930 3454/8096/931
f 287/7462/280 3454/8096/931 3460/8095/930 330/7463/281
f 326/8097/932 3462/7434/256 3461/7439/256 284/8098/933
f 332/7447/267 3464/8093/929 3463/8094/929 288/7444/264
f 284/8098/933 3465/7448/268 3466/7451/270 326/8097/932
l 1950 1951
l 1965 2017
l 1966 1968
l 1966 1970
l 1966 1967
l 1982 1984
l 1982 1986
l 1982 1983
l 1994 1996
l 2000 2002
l 2010 2011
l 1945 1948
l 11 1944
l 11 1950
l 1945 1949
l 1952 1953
l 3778 3777
l 1967 1969
l 1983 1985
l 1995 1997
l 2001 2003
l 2006 2007
l 577 3767
l 1946 1947
l 1939 1941
l 1996 1998
l 1996 1997
l 2002 2004
l 2002 2003
l 1940 1942
l 24 453
l 87 1940
l 1997 1999
l 2003 2005
l 1941 1943
l 13 1958
l 13 1946
l 1954 1955
l 1964 2015
l 1970 1972
l 1970 1971
l 1986 1988
l 1986 1987
l 1948 1952
l 1965 2016
l 441 576
l 1971 1973
l 1987 1989
l 2008 2009
l 2012 2013
l 1956 1957
l 3776 3775
l 2014 1963
